marker_type,x,y,z,long_range,area_id
ScrapMetalPart,-1042785,-109694,627,f,19
ScrapMetalPart,-1035147,-133788,1927,f,19
RhyolitePickup,-1037112,-138242,1657,f,19
FuelCellPart,-1042886,-110447,659,f,19
AzuritePickup,-1032378,-141719,2061,f,19
ScrapMetalPart,-1043726,-110025,700,f,19
BrittleBush,-850337,1028601,15675,f,11
ScrapMetalWreckage,-829630,1006843,15533,f,11
ScrapMetalPart,-830069,1040463,18776,f,11
Shipwreck,-857475,1039944,17751,t,11
ScrapMetalPart,-828915,1016209,15445,f,11
RhyolitePickup,-829778,1007251,15601,f,11
BrittleBush,-833240,1008514,15794,f,11
BrittleBush,-1024341,-131565,1248,f,19
BrittleBush,-1051644,-105956,1092,f,19
TitaniumOre,-1021604,-133393,1602,f,19
ScrapMetalPart,-1029516,-140224,2114,f,19
AzuritePickup,-830675,1008003,15799,f,11
ScrapMetalPart,-832409,1032147,15565,f,11
ScrapMetalPart,-832721,1007557,15707,f,11
ScrapMetalPart,-831288,1040487,18733,f,11
RhyolitePickup,-832203,1015048,15660,f,11
ScrapMetalPart,-829774,1007683,15748,f,11
ScrapMetalWreckage,-828796,1005107,15314,f,11
BrittleBush,-836378,1047300,20101,f,11
ScrapMetalWreckage,-847728,996598,15202,f,11
FuelCellPart,-829085,1005327,15340,f,11
RhyolitePickup,-845351,990589,15387,f,11
FuelCellPart,-854232,1028846,15336,f,11
BasaltPickup,-847437,995554,15214,f,11
ScrapMetalPart,-827888,1008408,15764,f,11
ScrapMetalPart,-848444,1029656,15533,f,11
ScrapMetalPart,-847516,1027935,15683,f,11
FuelCellPart,-832170,1014608,15678,f,11
AzuritePickup,-845430,990945,15377,f,11
AzuritePickup,-1040229,-106994,405,f,19
FuelCellPart,-1042530,-110494,634,f,19
FuelCellPart,-1027623,-133655,1501,f,19
RhyolitePickup,-1032763,-141711,2097,f,19
AzuritePickup,-1041333,-108063,638,f,19
ScrapMetalWreckage,-1027386,-142156,1600,f,19
ScrapMetalPart,-1040593,-108647,396,f,19
FuelCellPart,-1041710,-109617,521,f,19
ScrapMetalPart,-1040873,-109313,433,f,19
FuelCellWreckage,-1041735,-109881,531,f,19
BrittleBush,-854508,1028986,15316,f,11
BrittleBush,-1051403,-104950,1226,f,19
ScrapMetalWreckage,-1035773,-134229,1925,f,19
FuelCellPart,-1030551,-140843,2159,f,19
ScrapMetalWreckage,-1044011,-109485,788,f,19
RhyolitePickup,-1031234,-133877,2177,f,19
FuelCellPart,-1042951,-109496,666,f,19
FuelCellPart,-1041121,-108781,492,f,19
TitaniumOre,-1031082,-132018,1701,f,19
ScrapMetalPart,-1035599,-134187,1918,f,19
RhyolitePickup,-1029183,-140498,1967,f,19
ScrapMetalPart,-1028231,-138668,1928,f,19
ScrapMetalWreckage,-1042029,-102365,1120,f,19
ScrapMetalPart,-1042148,-109218,627,f,19
ScrapMetalPart,-1020224,-126500,819,f,19
ScrapMetalPart,-1040663,-104593,567,f,19
ScrapMetalPart,-1045747,-111032,807,f,19
ScrapMetalPart,-1027503,-142395,1589,f,19
ScrapMetalWreckage,-1042673,-109930,623,f,19
ScrapMetalWreckage,-1028263,-139049,1937,f,19
ScrapMetalWreckage,-1028774,-140640,1899,f,19
BrittleBush,-1025120,-132101,1388,f,19
FuelCellWreckage,-1041107,-108809,476,f,19
BrittleBush,-1021620,-127737,922,f,19
ScrapMetalPart,-1036717,-138204,1820,f,19
BasaltOre,-1040967,-106649,720,f,19
RhyolitePickup,-1028697,-137997,2066,f,19
BrittleBush,-1046767,-104252,4434,f,19
StravidiumOre,-1049560,-109801,1051,f,19
BrittleBush,-1037405,-141097,1905,f,19
ScrapMetalWreckage,-1042044,-110481,587,f,19
StravidiumOre,-1029928,-134299,3574,f,19
BasaltPickup,-1040595,-106693,566,f,19
ScrapMetalPart,-1026680,-140932,1655,f,19
BrittleBush,-1036857,-142249,1793,f,19
RhyolitePickup,-1036767,-137473,1790,f,19
AzuritePickup,-1041263,-109749,484,f,19
ScrapMetalPart,-1041192,-103976,737,f,19
FuelCellPart,-1027017,-137135,1459,f,19
ScrapMetalPart,-1042205,-110532,607,f,19
ScrapMetalPart,-1021971,-133098,1951,f,19
StravidiumPickup,-1029981,-134652,3535,f,19
ScrapMetalWreckage,-1035311,-133744,1962,f,19
ScrapMetalWreckage,-1029517,-141159,1867,f,19
ScrapMetalWreckage,-1028587,-141805,1524,f,19
ScrapMetalWreckage,-1041226,-103748,751,f,19
ScrapMetalWreckage,-1026899,-141086,1593,f,19
FuelCellPart,-1026584,-135342,1227,f,19
ScrapMetalWreckage,-828073,1007449,15571,f,11
ScrapMetalPart,-844896,996214,15490,f,11
FuelCellPart,-824143,1035184,17551,f,11
ScrapMetalPart,-828087,1007444,15579,f,11
FuelCellPart,-848202,1025906,15668,f,11
ScrapMetalPart,-828063,1008699,15891,f,11
AzuritePickup,-830924,1015010,15718,f,11
ScrapMetalPart,-831431,1032257,15536,f,11
AzuritePickup,-821809,1033536,17482,f,11
AzuritePickup,-847906,1025633,15724,f,11
BrittleBush,-850043,1024701,16057,f,11
BrittleBush,-832097,1033721,15586,f,11
ScrapMetalPart,-831990,1033289,15535,f,11
BauxiteOre,-837718,991330,17109,f,11
TitaniumPickup,-829190,1009635,16436,f,11
RhyolitePickup,-849746,1029405,15454,f,11
RhyolitePickup,-850100,1025715,15832,f,11
ScrapMetalWreckage,-830326,1040391,18739,f,11
ScrapMetalPart,-828665,1015290,15744,f,11
BrittleBush,-832886,1034469,15571,f,11
ScrapMetalPart,-828683,1042082,19383,f,11
ScrapMetalWreckage,-845921,1027992,15504,f,11
FuelCellWreckage,-829443,1018272,15153,f,11
AzuritePickup,-828133,1037834,18073,f,11
ScrapMetalWreckage,-831305,1040479,18696,f,11
ScrapMetalPart,-832974,1009269,15854,f,11
ScrapMetalWreckage,-829114,1014923,15938,f,11
ScrapMetalWreckage,-847337,1028061,15686,f,11
ScrapMetalWreckage,-830839,1045415,20051,f,11
TitaniumPickup,-855357,1027292,15273,f,11
ScrapMetalPart,-830193,1004752,15374,f,11
RhyolitePickup,-844875,995809,15537,f,11
ScrapMetalWreckage,-829057,1016318,15427,f,11
ScrapMetalWreckage,-830501,1007094,15501,f,11
ScrapMetalWreckage,-836084,1049006,20678,f,11
FuelCellWreckage,-844235,991864,17458,f,11
BrittleBush,-852009,1042915,15948,f,11
ScrapMetalPart,-827693,1008130,15646,f,11
ScrapMetalPart,-848361,1027288,15616,f,11
FuelCellPart,-844205,991591,17436,f,11
FuelCellPart,-831502,1017086,15249,f,11
RhyolitePickup,-832452,1024188,15638,f,11
BauxitePickup,-837980,991014,17115,f,11
BrittleBush,-1036652,-140070,1839,f,19
ScrapMetalPart,-1028226,-141134,1722,f,19
ScrapMetalWreckage,-1027822,-141627,1490,f,19
AzuritePickup,-1029985,-140498,2152,f,19
ScrapMetalWreckage,-1020240,-126493,816,f,19
ScrapMetalPart,-1028058,-141653,1508,f,19
ScrapMetalPart,-1045637,-110423,784,f,19
BrittleBush,-1046044,-110749,811,f,19
AzuritePickup,-1037116,-138586,1653,f,19
ScrapMetalPart,-1028269,-139064,1945,f,19
ScrapMetalPart,-1032194,-140496,2478,f,19
RhyolitePickup,-1042119,-107717,961,f,19
ScrapMetalWreckage,-1028910,-139272,2108,f,19
BrittleBush,-1032896,-141348,2237,f,19
BrittleBush,-1051736,-104570,1301,f,19
ScrapMetalPart,-1042290,-102411,1163,f,19
ScrapMetalPart,-1045273,-109800,812,f,19
RhyolitePickup,-1028602,-142286,1395,f,19
ScrapMetalWreckage,-1028192,-138077,1932,f,19
ScrapMetalWreckage,-1042012,-109098,631,f,19
ScrapMetalPart,-1028216,-137837,1934,f,19
ScrapMetalPart,-1026993,-140271,1592,f,19
ScrapMetalPart,-1028553,-138326,2012,f,19
FuelCellWreckage,-1030827,-140856,2178,f,19
ScrapMetalPart,-1043979,-109225,875,f,19
FuelCellPart,-1029278,-137858,2293,f,19
ScrapMetalWreckage,-1041056,-109513,458,f,19
ScrapMetalWreckage,-1028245,-141122,1724,f,19
AzuritePickup,-1047084,-110120,847,f,19
ScrapMetalPart,-1029759,-141057,1929,f,19
ScrapMetalPart,-1028836,-137696,2133,f,19
StravidiumPickup,-1049596,-109423,989,f,19
FuelCellPart,-1029229,-138254,2257,f,19
ScrapMetalWreckage,-1045122,-109871,767,f,19
ScrapMetalWreckage,-1043487,-110015,685,f,19
ScrapMetalPart,-1028908,-139276,2113,f,19
ScrapMetalPart,-1028659,-142065,1440,f,19
BrittleBush,-1050878,-105183,1210,f,19
ScrapMetalWreckage,-977934,-85891,1728,f,81
BrittleBush,-972935,-91842,1410,f,81
RhyolitePickup,-976168,-93442,1802,f,81
ScrapMetalPart,-977986,-87270,1964,f,81
ScrapMetalWreckage,-976843,-94748,1606,f,81
ScrapMetalPart,-974763,-89158,1846,f,81
ScrapMetalPart,-977196,-86091,1707,f,81
BasaltOre,-975951,-91775,2766,f,81
FuelCellPart,-976670,-93787,1798,f,81
ScrapMetalPart,-973153,-93182,1244,f,81
ScrapMetalWreckage,-977267,-85937,1748,f,81
ScrapMetalPart,-977791,-85999,1700,f,81
FuelCellPart,-976848,-93497,1926,f,81
BasaltPickup,-976273,-92004,2761,f,81
StravidiumPickup,-974180,-87918,1508,f,81
RhyolitePickup,-976460,-96054,1257,f,81
FuelCellPart,-972918,-93671,1280,f,81
ScrapMetalPart,-975880,-94009,1603,f,81
RhyolitePickup,-976311,-93741,1734,f,81
ScrapMetalWreckage,-976050,-94181,1600,f,81
RhyolitePickup,-976472,-94063,1681,f,81
AzuritePickup,-976971,-96506,1260,f,81
StravidiumOre,-973962,-88068,1500,f,81
ScrapMetalWreckage,-977974,-87287,1972,f,81
ScrapMetalPart,-976857,-94753,1613,f,81
AzuritePickup,-974574,-94483,1127,f,81
ScrapMetalWreckage,-922962,-3736,2442,f,81
ScrapMetalPart,-923414,-4659,2434,f,81
ScrapMetalPart,-915918,-748,3766,f,81
BrittleBush,-910880,6952,6594,f,81
ScrapMetalPart,-925882,11887,1779,f,81
BrittleBush,-917283,11784,4579,f,81
FuelCellPart,-924572,-1181,2087,f,81
AzuritePickup,-918425,1334,4275,f,81
RhyolitePickup,-906725,-17716,1230,f,81
ScrapMetalWreckage,-924680,30203,1190,f,81
FuelCellPart,-906266,-17786,1262,f,81
TitaniumOre,-919484,14007,7177,f,81
FuelCellPart,-923149,-12345,1046,f,81
ScrapMetalWreckage,-928476,6192,1983,f,81
ScrapMetalPart,-926472,13552,1408,f,81
RhyolitePickup,-924938,18064,1480,f,81
ScrapMetalPart,-905017,7156,4019,f,81
ScrapMetalWreckage,-915820,-17484,1124,f,81
AzuritePickup,-913181,24783,1647,f,81
ScrapMetalPart,-923440,3460,3979,f,81
ScrapMetalPart,-925502,-1757,1870,f,81
FuelCellPart,-929835,4444,2225,f,81
BauxiteOre,-912310,2730,8682,f,81
RhyolitePickup,-917236,-8484,3156,f,81
FuelCellPart,-924134,-11061,1231,f,81
ScrapMetalPart,-923259,-13295,914,f,81
ScrapMetalPart,-914686,-8029,3616,f,81
ScrapMetalPart,-921403,-7558,2627,f,81
FuelCellPart,-925815,9020,2081,f,81
ScrapMetalWreckage,-924846,29360,1029,f,81
ScrapMetalPart,-893906,-301,833,f,81
ScrapMetalWreckage,-925688,12067,1829,f,81
ScrapMetalPart,-922704,30830,908,f,81
ScrapMetalPart,-917613,-3494,3327,f,81
ScrapMetalWreckage,-916184,-11088,3041,f,81
ScrapMetalWreckage,-925154,13805,1782,f,81
ScrapMetalPart,-904950,11282,3439,f,81
ScrapMetalWreckage,-925789,12990,1683,f,81
RhyolitePickup,-925463,-5699,2355,f,81
ScrapMetalWreckage,-924876,-4236,2203,f,81
ScrapMetalWreckage,-915909,-1016,3733,f,81
StravidiumPickup,-916333,18052,5848,f,81
ScrapMetalWreckage,-894896,-2208,1199,f,81
ScrapMetalWreckage,-915453,-9787,3221,f,81
BrittleBush,-919560,-3021,2991,f,81
FuelCellPart,-923936,28044,696,f,81
ScrapMetalPart,-924062,29343,781,f,81
ScrapMetalWreckage,-904825,7154,3994,f,81
ScrapMetalPart,-929290,-1152,1514,f,81
FuelCellPart,-902799,-7197,3611,f,81
RhyoliteOre,-906971,-6132,5053,f,81
BrittleBush,-921151,1235,3173,f,81
ScrapMetalPart,-907620,-99,5259,f,81
RhyolitePickup,-923515,-9268,1779,f,81
BrittleBush,-930406,7559,1013,f,81
ScrapMetalPart,-924935,13655,1857,f,81
ScrapMetalPart,-902775,-5521,3739,f,81
ScrapMetalWreckage,-922251,6900,3480,f,81
FuelCellPart,-897164,14687,1473,f,81
BauxitePickup,-920488,9131,4390,f,81
ScrapMetalWreckage,-895730,8158,1785,f,81
StravidiumOre,-916125,18015,5383,f,81
ScrapMetalWreckage,-929455,-1360,1494,f,81
ScrapMetalPart,-923647,-5871,2463,f,81
RhyolitePickup,-899331,-9447,1370,f,81
StravidiumPickup,-920480,15437,8378,f,81
FuelCellWreckage,-919537,-8734,2870,f,81
ScrapMetalPart,-921149,-4164,2879,f,81
ScrapMetalWreckage,-918060,14947,7270,f,81
RhyolitePickup,-912626,-17696,1012,f,81
ScrapMetalPart,-909638,10556,6075,f,81
ScrapMetalPart,-924846,30356,1286,f,81
ScrapMetalPart,-923734,-4601,2365,f,81
AzuriteOre,-900499,-10185,2469,f,81
ScrapMetalPart,-923722,30987,960,f,81
ScrapMetalWreckage,-914847,-8154,3558,f,81
ScrapMetalWreckage,-925426,-2013,1858,f,81
ScrapMetalWreckage,-907264,16496,3164,f,81
ScrapMetalPart,-925251,-1048,2028,f,81
ScrapMetalWreckage,-929269,9829,1292,f,81
AzuritePickup,-922603,-11567,1290,f,81
ScrapMetalWreckage,-896399,-1327,1328,f,81
ScrapMetalWreckage,-925256,-959,2044,f,81
AzuritePickup,-907289,19433,2397,f,81
TitaniumOre,-921723,802,2994,f,81
BrittleBush,-910827,3004,6028,f,81
FuelCellPart,-917035,-5678,3435,f,81
ScrapMetalWreckage,-909989,-17518,1059,f,81
ScrapMetalWreckage,-924512,-10770,1292,f,81
ScrapMetalPart,-911930,15857,4196,f,81
ScrapMetalPart,-909569,21573,2028,f,81
FuelCellPart,-915413,-7277,3626,f,81
FuelCellPart,-926732,27103,1003,f,81
ScrapMetalWreckage,-924209,14038,2047,f,81
AzuritePickup,-923468,-3439,2284,f,81
FuelCellWreckage,-910073,23038,1601,f,81
RhyolitePickup,-916011,6763,9272,f,81
AzuritePickup,-925417,-4128,2149,f,81
BasaltPickup,-900971,-848,2101,f,81
ScrapMetalWreckage,-902921,-5298,3770,f,81
ScrapMetalPart,-921039,-1372,2638,f,81
BrittleBush,-899792,-1194,1889,f,81
AzuritePickup,-904667,10979,3440,f,81
BrittleBush,-913691,20065,2896,f,81
FuelCellPart,-907664,15648,3449,f,81
ScrapMetalWreckage,-912039,16102,4161,f,81
ScrapMetalPart,-916931,-7009,3327,f,81
ScrapMetalWreckage,-909747,10307,6079,f,81
ScrapMetalPart,-926659,15388,1743,f,81
ScrapMetalWreckage,-918235,-5466,3279,f,81
ScrapMetalWreckage,-923759,-4335,2341,f,81
ScrapMetalWreckage,-922385,-723,2493,f,81
AzuritePickup,-914276,6795,9283,f,81
ScrapMetalWreckage,-920911,-2961,2771,f,81
FuelCellPart,-892743,2059,780,f,81
FuelCellPart,-926495,7537,2273,f,81
BasaltPickup,-899987,-6325,3456,f,81
ScrapMetalPart,-925494,10467,2006,f,81
FuelCellWreckage,-907781,15838,3456,f,81
ScrapMetalPart,-919282,-7551,3061,f,81
ScrapMetalPart,-930976,29301,1719,f,81
AzuriteOre,-914213,6970,9250,f,81
FuelCellPart,-917036,7150,9260,f,81
BrittleBush,-913305,3014,8514,f,81
FuelCellPart,-919529,-8747,2886,f,81
ScrapMetalPart,-908364,15889,3651,f,81
ScrapMetalPart,-914697,-12068,2817,f,81
RhyolitePickup,-906356,-14328,2201,f,81
FuelCellPart,-904903,-2234,3992,f,81
BrittleBush,-924759,21239,1280,f,81
ScrapMetalPart,-928783,28338,1323,f,81
ScrapMetalPart,-894986,-2056,1192,f,81
ScrapMetalPart,-914618,-16880,1327,f,81
ScrapMetalPart,-896203,-1156,1242,f,81
BasaltOre,-925557,-10183,1400,f,81
FuelCellPart,-904634,-7738,5721,f,81
ScrapMetalWreckage,-914847,-17010,1274,f,81
ScrapMetalPart,-924777,-10693,1305,f,81
ScrapMetalPart,-925789,12777,1720,f,81
BasaltPickup,-925547,-10198,1406,f,81
ScrapMetalPart,-924611,-4284,2228,f,81
ScrapMetalWreckage,-916323,-1785,3508,f,81
RhyolitePickup,-925261,10722,2064,f,81
FuelCellPart,-913197,-8936,3458,f,81
ScrapMetalWreckage,-923940,-8885,1907,f,81
FuelCellPart,-923340,-10898,1332,f,81
AzuritePickup,-918479,9270,9005,f,81
FuelCellPart,-916156,-1418,3606,f,81
ScrapMetalPart,-927673,-1059,1674,f,81
FuelCellPart,-925340,28472,838,f,81
ScrapMetalPart,-928313,5982,2004,f,81
TitaniumOre,-927640,8482,1922,f,81
ScrapMetalPart,-922685,-7065,2447,f,81
RhyolitePickup,-925001,14419,1807,f,81
ScrapMetalWreckage,-924032,29076,699,f,81
FuelCellPart,-930810,7416,959,f,81
TitaniumPickup,-927486,8723,1875,f,81
RhyoliteOre,-909387,-6866,5763,f,81
FuelCellPart,-895782,12433,1199,f,81
RhyolitePickup,-902153,14215,2451,f,81
ScrapMetalWreckage,-914272,-1673,4316,f,81
RhyolitePickup,-906031,10181,3956,f,81
RhyolitePickup,-924929,-1076,2067,f,81
BrittleBush,-903642,-13717,1793,f,81
ScrapMetalPart,-915653,-9605,3203,f,81
ScrapMetalPart,-908093,18963,2742,f,81
RhyolitePickup,-909045,-7009,5746,f,81
ScrapMetalPart,-924144,30918,1104,f,81
BasaltOre,-906160,-13876,2288,f,81
BasaltPickup,-905851,-13755,2246,f,81
ScrapMetalPart,-914424,-1512,4256,f,81
ScrapMetalPart,-902460,-6936,3566,f,81
AzuritePickup,-925853,21997,846,f,81
ScrapMetalWreckage,-905160,-2605,4111,f,81
RhyoliteOre,-914718,14110,7296,f,81
ScrapMetalPart,-894654,-6058,1466,f,81
FuelCellPart,-922008,-7997,2389,f,81
FuelCellPart,-895157,-1832,1187,f,81
BasaltPickup,-913216,-3558,5726,f,81
ScrapMetalWreckage,-921534,-7302,2616,f,81
AzuritePickup,-903559,3164,3448,f,81
ScrapMetalPart,-915554,-17462,1145,f,81
RhyolitePickup,-923339,-12638,966,f,81
AzuritePickup,-894922,-1160,1019,f,81
ScrapMetalPart,-895373,-1276,1118,f,81
FuelCellPart,-928731,27480,1455,f,81
ScrapMetalWreckage,-895397,-1415,1149,f,81
ScrapMetalWreckage,-894127,-149,848,f,81
BrittleBush,-916129,11815,4725,f,81
ScrapMetalPart,-925033,29226,1047,f,81
RhyolitePickup,-914661,13704,7265,f,81
TitaniumPickup,-919579,13739,7174,f,81
BasaltOre,-906003,10774,3839,f,81
BasaltOre,-913340,-3948,5731,f,81
RhyolitePickup,-899229,-12314,1024,f,81
BauxiteOre,-922186,23873,3553,f,81
ScrapMetalPart,-916263,-1523,3562,f,81
BrittleBush,-920998,-11432,1749,f,81
ScrapMetalPart,-898703,-10289,1074,f,81
BrittleBush,-917380,-14306,1881,f,81
ScrapMetalPart,-929590,29998,1548,f,81
AzuritePickup,-900764,-10412,2477,f,81
BauxitePickup,-912368,2778,8622,f,81
ScrapMetalPart,-896661,13652,1246,f,81
RhyolitePickup,-922770,20856,1920,f,81
TitaniumPickup,-918635,6176,9262,f,81
FuelCellPart,-923372,8,2503,f,81
RhyolitePickup,-929311,-2436,1687,f,81
BauxiteOre,-920667,9501,4419,f,81
FuelCellPart,-898123,-10732,1083,f,81
StravidiumOre,-909499,4145,6239,f,81
ScrapMetalWreckage,-914679,-12333,2742,f,81
FuelCellWreckage,-892650,1801,749,f,81
ScrapMetalPart,-921054,-3109,2771,f,81
FuelCellPart,-912048,-712,5006,f,81
AzuritePickup,-922896,-8062,2181,f,81
FuelCellPart,-920244,-127,2934,f,81
StravidiumPickup,-909419,4506,6288,f,81
ScrapMetalWreckage,-923984,30707,1018,f,81
AzuritePickup,-918048,19640,5961,f,81
FuelCellPart,-915061,-4246,4055,f,81
ScrapMetalPart,-918084,15216,7269,f,81
ScrapMetalPart,-904884,-2633,4135,f,81
ScrapMetalWreckage,-923947,-10308,1453,f,81
RhyolitePickup,-926350,12794,1536,f,81
ScrapMetalWreckage,-898731,-10024,1115,f,81
ScrapMetalPart,-918444,-3406,3183,f,81
ScrapMetalWreckage,-894918,-6097,1387,f,81
ScrapMetalPart,-909729,-17587,1053,f,81
FuelCellPart,-914951,-14339,2073,f,81
ScrapMetalWreckage,-922477,30798,927,f,81
ScrapMetalWreckage,-925711,10455,1942,f,81
FuelCellWreckage,-917120,-5937,3409,f,81
ScrapMetalPart,-922570,-520,2503,f,81
ScrapMetalWreckage,-925814,-582,2026,f,81
BrittleBush,-913392,19191,3229,f,81
RhyolitePickup,-926549,-10390,1284,f,81
ScrapMetalPart,-907721,-8991,5745,f,81
BrittleBush,-921626,-12931,1378,f,81
ScrapMetalPart,-906432,-9297,5748,f,81
FuelCellPart,-905173,9094,3881,f,81
FuelCellPart,-893426,2433,1080,f,81
ScrapMetalPart,-925748,-797,1997,f,81
FuelCellPart,-915821,-16840,1230,f,81
ScrapMetalPart,-922022,6746,3502,f,81
ScrapMetalPart,-922702,-3787,2508,f,81
ScrapMetalPart,-923533,-1671,2160,f,81
RhyolitePickup,-920069,-6412,3014,f,81
BrittleBush,-897348,-9495,1132,f,81
RhyolitePickup,-925415,17743,1404,f,81
RhyolitePickup,-916365,6954,9272,f,81
ScrapMetalPart,-924186,-10190,1484,f,81
FuelCellPart,-917773,-384,3361,f,81
FuelCellPart,-916820,14769,7174,f,81
ScrapMetalPart,-923930,218,2488,f,81
ScrapMetalWreckage,-908355,2350,5219,f,81
StravidiumOre,-920784,15486,8397,f,81
ScrapMetalPart,-893806,2182,994,f,81
BrittleBush,-920555,23048,3822,f,81
ScrapMetalPart,-924104,14247,2074,f,81
ScrapMetalPart,-905136,7474,4006,f,81
BrittleBush,-925585,25966,788,f,81
ScrapMetalPart,-907392,16730,3164,f,81
BrittleBush,-900559,-11745,1500,f,81
ScrapMetalWreckage,-916975,-1757,3357,f,81
AzuritePickup,-922997,-15547,804,f,81
TitaniumPickup,-921457,1112,3100,f,81
ScrapMetalWreckage,-907796,-8725,5752,f,81
FuelCellWreckage,-905439,9165,3948,f,81
ScrapMetalPart,-916018,-10877,3065,f,81
FuelCellPart,-894893,-725,978,f,81
ScrapMetalWreckage,-918228,19957,5952,f,81
TitaniumOre,-918572,5771,9283,f,81
ScrapMetalWreckage,-926390,15364,1732,f,81
RhyolitePickup,-917041,-4095,3437,f,81
RhyolitePickup,-900600,-12091,1458,f,81
AzuritePickup,-929024,9444,1451,f,81
FuelCellWreckage,-915215,-7084,3729,f,81
RhyolitePickup,-924372,28848,727,f,81
ScrapMetalPart,-895504,8110,1721,f,81
ScrapMetalWreckage,-923791,21,2444,f,81
RhyolitePickup,-925566,6193,2608,f,81
BasaltPickup,-926028,27638,836,f,81
ScrapMetalPart,-908248,2103,5221,f,81
FuelCellPart,-917414,-251,3438,f,81
ScrapMetalWreckage,-923671,-3067,2190,f,81
BrittleBush,-924483,10263,2368,f,81
ScrapMetalWreckage,-893668,1953,914,f,81
ScrapMetalPart,-912532,-18082,938,f,81
ScrapMetalPart,-923700,-3064,2187,f,81
ScrapMetalPart,-916998,-1759,3360,f,81
ScrapMetalWreckage,-921009,-4393,2907,f,81
BrittleBush,-913840,-8780,3461,f,81
BasaltOre,-899587,-6429,3407,f,81
FuelCellPart,-909926,23251,1494,f,81
RhyolitePickup,-910604,17158,4210,f,81
BasaltOre,-901010,-1041,2123,f,81
FuelCellPart,-885201,26718,4189,f,81
AzuritePickup,-884814,29424,3935,f,81
ScrapMetalWreckage,-883778,31434,3420,f,81
BrittleBush,-880694,25963,4709,f,81
ScrapMetalPart,-885142,27597,4166,f,81
ScrapMetalWreckage,-884021,29880,3961,f,81
ScrapMetalPart,-884294,29834,3943,f,81
TitaniumOre,-884855,27473,4196,f,81
FuelCellPart,-883948,28716,4344,f,81
RhyolitePickup,-883358,32465,3321,f,81
RhyolitePickup,-885298,27106,4192,f,81
ScrapMetalPart,-883879,30562,3758,f,81
BrittleBush,-878537,31804,4567,f,81
ScrapMetalPart,-883206,32787,3327,f,81
ScrapMetalPart,-882786,22999,4125,f,81
BrittleBush,-883291,30147,4019,f,81
ScrapMetalPart,-883783,31657,3356,f,81
BrittleBush,-882007,32593,3457,f,81
BrittleBush,-884442,28204,4286,f,81
ScrapMetalPart,-881593,33382,3536,f,81
FuelCellPart,-1115685,1089630,21932,f,13
RhyolitePickup,-1131236,1075458,15606,f,13
ScrapMetalPart,-1134830,1074951,15593,f,13
ScrapMetalPart,-1106570,1096958,16619,f,13
AzuritePickup,-1116403,1091701,21707,f,13
FuelCellPart,-1130470,1075204,15739,f,13
ScrapMetalPart,-1086430,1098507,17941,f,13
StravidiumPickup,-1084777,1097381,17705,f,13
ScrapMetalPart,-1114506,1082315,20180,f,13
RhyolitePickup,-1084099,1094554,17257,f,13
ScrapMetalPart,-1090910,1101966,16755,f,13
FuelCellPart,-1090200,1101619,16865,f,13
RhyolitePickup,-1090549,1098923,16849,f,13
ScrapMetalWreckage,-1086247,1097553,18130,f,13
ScrapMetalWreckage,-1134794,1075123,15636,f,13
ScrapMetalWreckage,-1086695,1098425,17939,f,13
AzuritePickup,-1085325,1100575,17772,f,13
AzuritePickup,-1113697,1082093,20251,f,13
ScrapMetalPart,-785279,6895,1529,f,81
FuelCellPart,-810491,-1337,-2510,f,81
MagnetitePickup,-819547,12477,5619,f,81
ScrapMetalWreckage,-785160,7131,1536,f,81
ScrapMetalWreckage,-802818,-1408,7302,f,81
FuelCellPart,-795661,-11549,2364,f,81
MagnetitePickup,-798735,2641,4924,f,81
MagnetitePickup,-805604,15686,4688,f,81
RhyolitePickup,-812439,-1029,-2539,f,81
ScrapMetalWreckage,-796275,12993,3283,f,81
RhyolitePickup,-829225,-9212,1789,f,81
MagnetitePickup,-801722,-12670,5757,f,81
MagnetitePickup,-795471,-17338,602,f,81
MagnetitePickup,-823354,727,6670,f,81
ScrapMetalPart,-833131,14366,1487,f,81
FuelCellWreckage,-814873,-1784,-2169,f,81
AzuritePickup,-816750,-8745,-1906,f,81
ScrapMetalPart,-806366,-17118,1399,f,81
FuelCellPart,-785909,5097,1617,f,81
MagnetitePickup,-781700,5413,1565,f,81
ScrapMetalPart,-807635,22014,2535,f,81
AzuritePickup,-794453,15611,2550,f,81
ScrapMetalWreckage,-795078,-12107,2029,f,81
ScrapMetalWreckage,-803812,10308,7028,f,81
ScrapMetalPart,-830596,3879,2394,f,81
RhyolitePickup,-784351,1891,1901,f,81
MagnetitePickup,-805253,-12257,6023,f,81
MagnetitePickup,-804184,14774,4893,f,81
ScrapMetalWreckage,-804803,-13341,5775,f,81
MagnetitePickup,-830701,1779,3403,f,81
ScrapMetalPart,-803558,10429,7011,f,81
MagnetitePickup,-823796,-8362,4848,f,81
ScrapMetalPart,-794171,14705,2530,f,81
ScrapMetalPart,-825977,-11704,2157,f,81
ScrapMetalPart,-824654,-10968,2669,f,81
ScrapMetalPart,-804798,-13106,5786,f,81
ScrapMetalPart,-794064,-148,3068,f,81
RhyolitePickup,-805971,-6401,-1619,f,81
FuelCellPart,-801123,16627,3564,f,81
RhyolitePickup,-794538,7296,4090,f,81
MagnetitePickup,-815938,-8946,-1974,f,81
ScrapMetalWreckage,-831766,-460,1698,f,81
RhyolitePickup,-829298,4040,2842,f,81
ScrapMetalWreckage,-798223,17968,2988,f,81
FuelCellPart,-830154,9435,2504,f,81
MagnetitePickup,-833922,9118,1925,f,81
ScrapMetalPart,-839987,12247,967,f,81
RhyolitePickup,-830558,3281,2510,f,81
FuelCellPart,-812744,-4632,-2962,f,81
BrittleBush,-837770,16835,965,f,81
ScrapMetalPart,-806955,-4104,-2331,f,81
ScrapMetalWreckage,-782367,7023,1585,f,81
RhyolitePickup,-785019,-1457,1583,f,81
ScrapMetalWreckage,-795688,-12778,1989,f,81
AzuritePickup,-827462,18384,2616,f,81
ScrapMetalPart,-783718,7407,1623,f,81
BrittleBush,-809512,336,-1822,f,81
AzuritePickup,-793190,-13949,899,f,81
AzuritePickup,-797835,-15568,1682,f,81
ScrapMetalPart,-825790,-6590,3891,f,81
FuelCellPart,-798233,16072,3147,f,81
AzuritePickup,-821079,19884,2915,f,81
ScrapMetalPart,-797819,11943,3807,f,81
BrittleBush,-828856,23856,1539,f,81
BrittleBush,-804902,-7009,-1071,f,81
FuelCellPart,-794319,-5993,2401,f,81
ScrapMetalWreckage,-828024,-12145,1492,f,81
BrittleBush,-834177,14723,1712,f,81
FuelCellPart,-793417,-1259,2643,f,81
ScrapMetalWreckage,-795335,-13332,1746,f,81
ScrapMetalPart,-809467,-1094,-2291,f,81
ScrapMetalWreckage,-792563,8248,3281,f,81
ScrapMetalPart,-800847,-1594,6357,f,81
MagnetitePickup,-820248,4384,7592,f,81
RhyolitePickup,-792417,15229,2157,f,81
ScrapMetalPart,-794626,2631,4153,f,81
MagnetitePickup,-796767,-15912,1539,f,81
ScrapMetalPart,-827391,815,3008,f,81
ScrapMetalWreckage,-840121,13097,953,f,81
ScrapMetalPart,-828653,26331,1647,f,81
MagnetiteOre,-838477,10722,1167,f,81
BrittleBush,-817134,-8030,-2040,f,81
ScrapMetalPart,-786640,4912,1590,f,81
MagnetitePickup,-838812,10962,1027,f,81
MagnetitePickup,-826176,14935,4193,f,81
ScrapMetalPart,-791344,5462,3134,f,81
ScrapMetalWreckage,-797844,11931,3804,f,81
FuelCellWreckage,-804930,13612,5194,f,81
ScrapMetalPart,-828180,-49,2753,f,81
ScrapMetalPart,-799153,18656,3030,f,81
MagnetiteOre,-815342,12684,6131,f,81
MagnetiteOre,-810001,-12026,1178,f,81
RhyolitePickup,-831013,-879,1843,f,81
BrittleBush,-833672,8586,1621,f,81
ScrapMetalPart,-794037,1090,3470,f,81
BrittleBush,-796394,7435,4285,f,81
ScrapMetalWreckage,-827656,848,3020,f,81
MagnetiteOre,-811963,-9461,832,f,81
MagnetiteOre,-781945,5333,1565,f,81
FuelCellWreckage,-831399,-1245,1647,f,81
ScrapMetalPart,-823373,12531,4953,f,81
MagnetitePickup,-821497,-155,6624,f,81
FuelCellPart,-824971,15403,3648,f,81
ScrapMetalPart,-818344,-15854,1901,f,81
FuelCellWreckage,-825680,6350,4503,f,81
FuelCellPart,-802032,-1499,6427,f,81
FuelCellPart,-824699,8613,5222,f,81
RhyolitePickup,-822387,2536,6910,f,81
MagnetiteOre,-823474,-8267,4850,f,81
MagnetitePickup,-784897,204,1627,f,81
FuelCellPart,-799899,18061,3213,f,81
ScrapMetalPart,-825785,9094,5228,f,81
MagnetiteOre,-794200,-9786,2451,f,81
RhyolitePickup,-802906,-12202,5713,f,81
FuelCellPart,-805043,13650,5178,f,81
FuelCellPart,-829211,5953,2902,f,81
ScrapMetalPart,-797985,-12157,3698,f,81
ScrapMetalPart,-782405,6825,1573,f,81
FuelCellPart,-794432,-351,3086,f,81
ScrapMetalWreckage,-839997,12233,967,f,81
BrittleBush,-782133,-1596,1963,f,81
FuelCellPart,-792815,15210,2236,f,81
ScrapMetalPart,-816383,-18264,1088,f,81
ScrapMetalPart,-817750,15978,5839,f,81
MagnetiteOre,-805176,15895,4725,f,81
RhyolitePickup,-821449,14725,4324,f,81
AzuritePickup,-802518,-3621,6428,f,81
RhyolitePickup,-793311,14779,2407,f,81
ScrapMetalWreckage,-794225,1265,3568,f,81
MagnetitePickup,-785099,875,1708,f,81
ScrapMetalPart,-798856,15253,3319,f,81
ScrapMetalWreckage,-827705,-9554,2225,f,81
ScrapMetalPart,-821187,14511,4307,f,81
AzuritePickup,-824157,-13579,1989,f,81
BrittleBush,-813787,9644,2535,f,81
ScrapMetalWreckage,-825951,-11695,2163,f,81
ScrapMetalWreckage,-822605,6238,6913,f,81
MagnetitePickup,-805193,6479,9635,f,81
MagnetiteOre,-830741,-22514,2887,f,81
ScrapMetalWreckage,-793640,-5678,2166,f,81
ScrapMetalWreckage,-806585,4827,4234,f,81
FuelCellPart,-823111,-13880,2089,f,81
RhyolitePickup,-824488,-6590,4841,f,81
MagnetiteOre,-801318,-12743,5802,f,81
MagnetiteOre,-816069,-8558,-2093,f,81
MagnetitePickup,-809768,5277,2436,f,81
ScrapMetalPart,-785523,5240,1636,f,81
MagnetitePickup,-798960,12937,3601,f,81
ScrapMetalPart,-795201,-11996,2091,f,81
RhyolitePickup,-809748,-1292,-2377,f,81
RhyolitePickup,-812980,495,-1671,f,81
BrittleBush,-808068,16949,3746,f,81
RhyolitePickup,-799531,18703,3066,f,81
FuelCellPart,-829762,11590,2713,f,81
ScrapMetalPart,-796414,8520,4324,f,81
AzuritePickup,-801306,15917,3678,f,81
BrittleBush,-800505,-5921,1241,f,81
MagnetiteOre,-805219,-12265,5980,f,81
MagnetitePickup,-794629,-8738,2559,f,81
BrittleBush,-824697,23242,1626,f,81
ScrapMetalPart,-822676,5969,6882,f,81
FuelCellPart,-810621,8612,5990,f,81
MagnetiteOre,-813662,-168,-1910,f,81
MagnetitePickup,-831050,-22722,2934,f,81
RhyolitePickup,-806673,4242,4062,f,81
MagnetitePickup,-838054,14818,1166,f,81
MagnetitePickup,-812400,2194,-792,f,81
FuelCellPart,-794110,-3341,2406,f,81
ScrapMetalPart,-810230,10577,6848,f,81
ScrapMetalPart,-825590,-13253,1773,f,81
MagnetitePickup,-825574,7921,4945,f,81
MagnetiteOre,-794909,-8992,2617,f,81
ScrapMetalWreckage,-824837,15808,3512,f,81
MagnetiteOre,-784889,251,1615,f,81
ScrapMetalPart,-816984,-18534,1059,f,81
MagnetiteOre,-822943,719,6666,f,81
AzuritePickup,-802469,-4051,6428,f,81
ScrapMetalPart,-820914,12517,4723,f,81
ScrapMetalWreckage,-798280,15557,3207,f,81
BrittleBush,-827822,-22853,1822,f,81
ScrapMetalPart,-795931,-12881,2045,f,81
AzuritePickup,-811695,21810,2560,f,81
ScrapMetalWreckage,-822180,-15650,1711,f,81
MagnetitePickup,-803443,-4949,6521,f,81
ScrapMetalPart,-798749,16169,3215,f,81
MagnetiteOre,-798345,2512,4847,f,81
MagnetiteOre,-820664,4300,7649,f,81
ScrapMetalWreckage,-812437,509,-1642,f,81
AzuritePickup,-799379,-13724,4441,f,81
MagnetiteOre,-826157,15435,4156,f,81
ScrapMetalPart,-832176,3395,1848,f,81
ScrapMetalPart,-800651,17965,3320,f,81
RhyolitePickup,-823130,16593,3504,f,81
FuelCellPart,-797555,7551,4578,f,81
ScrapMetalWreckage,-794289,14875,2497,f,81
MagnetiteOre,-800824,-11808,5810,f,81
MagnetiteOre,-795149,-17242,595,f,81
ScrapMetalWreckage,-830103,8501,2566,f,81
ScrapMetalPart,-789762,-35,1911,f,81
ScrapMetalPart,-810429,13857,6333,f,81
RhyolitePickup,-815507,-5451,-2640,f,81
ScrapMetalPart,-802914,-1150,7371,f,81
BrittleBush,-795502,-514,3202,f,81
ScrapMetalWreckage,-830648,3662,2399,f,81
ScrapMetalPart,-807200,10707,6524,f,81
MagnetitePickup,-801132,-11536,5768,f,81
MagnetiteOre,-833555,9413,1582,f,81
ScrapMetalPart,-829379,24417,1645,f,81
FuelCellPart,-798013,13321,3399,f,81
FuelCellWreckage,-827058,-15879,887,f,81
ScrapMetalWreckage,-826644,-12188,1859,f,81
ScrapMetalPart,-815511,-19080,1435,f,81
RhyolitePickup,-785601,-1359,1572,f,81
ScrapMetalPart,-812177,564,-1590,f,81
MagnetiteOre,-816452,-4902,-2277,f,81
ScrapMetalPart,-825250,-5175,4427,f,81
ScrapMetalPart,-833735,19826,1001,f,81
MagnetiteOre,-830306,1668,3393,f,81
MagnetiteOre,-823220,-6226,4757,f,81
ScrapMetalPart,-797159,13800,3147,f,81
ScrapMetalWreckage,-831229,9572,2161,f,81
MagnetitePickup,-814906,12582,6105,f,81
MagnetiteOre,-798574,13080,3498,f,81
BrittleBush,-833672,15215,1529,f,81
BrittleBush,-833326,8685,1495,f,81
ScrapMetalPart,-817369,13459,5554,f,81
ScrapMetalPart,-833874,12740,1630,f,81
ScrapMetalWreckage,-824315,15015,3802,f,81
RhyolitePickup,-793820,-16792,722,f,81
ScrapMetalPart,-791778,9070,2920,f,81
ScrapMetalWreckage,-827384,-7200,2815,f,81
ScrapMetalPart,-817873,1163,239,f,81
ScrapMetalPart,-824327,14861,3852,f,81
FuelCellPart,-820356,-15119,2128,f,81
ScrapMetalPart,-798108,-17212,1200,f,81
RhyolitePickup,-808775,-11864,786,f,81
RhyolitePickup,-796630,10581,4066,f,81
ScrapMetalPart,-831235,9553,2154,f,81
ScrapMetalPart,-793409,11416,3347,f,81
BrittleBush,-795211,-8803,2705,f,81
ScrapMetalWreckage,-809983,10470,6863,f,81
ScrapMetalWreckage,-793907,-283,2990,f,81
FuelCellPart,-828349,-9194,2108,f,81
FuelCellPart,-796697,9086,4287,f,81
ScrapMetalPart,-826858,-12146,1804,f,81
MagnetiteOre,-821890,-315,6619,f,81
FuelCellWreckage,-794134,-3326,2407,f,81
MagnetiteOre,-809953,4911,2419,f,81
ScrapMetalPart,-824618,15108,3750,f,81
FuelCellPart,-794975,-7081,2788,f,81
ScrapMetalPart,-793593,-5947,2183,f,81
FuelCellWreckage,-819979,-15626,1970,f,81
FuelCellPart,-801599,4699,8643,f,81
MagnetiteOre,-838004,15114,1175,f,81
MagnetiteOre,-819147,12383,5727,f,81
ScrapMetalPart,-796113,12783,3342,f,81
ScrapMetalPart,-829979,10201,2599,f,81
BrittleBush,-798298,5636,5654,f,81
ScrapMetalWreckage,-800800,-1595,6354,f,81
RhyolitePickup,-784383,6806,1562,f,81
RhyolitePickup,-795369,13467,3047,f,81
FuelCellWreckage,-812995,-4518,-2945,f,81
RhyolitePickup,-823473,11904,5077,f,81
RhyolitePickup,-809824,845,-1617,f,81
ScrapMetalPart,-804830,14417,4989,f,81
ScrapMetalPart,-823112,16244,3604,f,81
ScrapMetalPart,-831475,-16851,970,f,81
BrittleBush,-791343,4605,3202,f,81
ScrapMetalPart,-806920,-7699,-1585,f,81
ScrapMetalWreckage,-792006,8937,3017,f,81
ScrapMetalPart,-821977,-15826,1692,f,81
MagnetiteOre,-825164,7900,5032,f,81
ScrapMetalWreckage,-824444,-11060,2687,f,81
FuelCellPart,-804023,16813,3787,f,81
ScrapMetalWreckage,-810071,14116,6380,f,81
FuelCellPart,-819744,-15638,1994,f,81
ScrapMetalWreckage,-798610,-13012,4025,f,81
ScrapMetalPart,-827617,-9350,2296,f,81
MagnetiteOre,-801612,-17547,1558,f,81
ScrapMetalPart,-802823,-12720,5648,f,81
ScrapMetalPart,-813918,-1478,-2334,f,81
ScrapMetalWreckage,-820960,14629,4228,f,81
ScrapMetalWreckage,-807520,22249,2446,f,81
MagnetitePickup,-809833,-12077,1167,f,81
ScrapMetalPart,-819756,9377,7154,f,81
BrittleBush,-814824,14478,3806,f,81
ScrapMetalWreckage,-834001,12983,1623,f,81
ScrapMetalPart,-827358,-1517,2371,f,81
FuelCellPart,-825940,6299,4440,f,81
BrittleBush,-781127,3738,1660,f,81
ScrapMetalWreckage,-814620,2963,19,f,81
ScrapMetalWreckage,-789779,-308,1898,f,81
ScrapMetalPart,-831628,-549,1717,f,81
FuelCellPart,-823939,5919,6766,f,81
RhyolitePickup,-832390,8524,1788,f,81
ScrapMetalPart,-825079,15699,3544,f,81
ScrapMetalWreckage,-817193,-18511,1024,f,81
FuelCellPart,-831370,-1511,1609,f,81
MagnetitePickup,-823417,-5873,4996,f,81
RhyolitePickup,-828452,26723,1686,f,81
AzuritePickup,-834075,12348,1686,f,81
FuelCellPart,-802972,-11099,5770,f,81
ScrapMetalPart,-805296,4818,9660,f,81
ScrapMetalWreckage,-786658,4912,1590,f,81
FuelCellPart,-822865,-8871,4845,f,81
FuelCellPart,-794912,-579,3078,f,81
RhyolitePickup,-800293,18112,3250,f,81
ScrapMetalWreckage,-793667,-16411,752,f,81
RhyolitePickup,-786372,3781,1715,f,81
ScrapMetalWreckage,-799071,15414,3329,f,81
FuelCellPart,-794474,-16960,584,f,81
ScrapMetalWreckage,-806340,-17383,1366,f,81
RhyolitePickup,-820421,-10967,4833,f,81
RhyolitePickup,-813299,-2015,-2604,f,81
ScrapMetalPart,-839945,13089,960,f,81
MagnetitePickup,-801995,-17681,1548,f,81
MagnetiteOre,-785293,1226,1727,f,81
ScrapMetalPart,-798319,6132,5724,f,81
MagnetitePickup,-824596,-7363,4855,f,81
ScrapMetalWreckage,-796371,8784,4280,f,81
MagnetitePickup,-812292,-9706,847,f,81
FuelCellPart,-837417,16311,1008,f,81
ScrapMetalPart,-827995,-11874,1563,f,81
ScrapMetalPart,-814355,2967,-33,f,81
MagnetiteOre,-797053,-15626,1508,f,81
MagnetiteOre,-824919,-7378,4799,f,81
FuelCellPart,-827242,-15992,838,f,81
MagnetiteOre,-805583,6606,9617,f,81
FuelCellPart,-817912,-18677,971,f,81
ScrapMetalWreckage,-817964,1370,240,f,81
ScrapMetalPart,-815322,-17203,1605,f,81
ScrapMetalPart,-796238,10851,3975,f,81
MagnetitePickup,-816086,-17887,1260,f,81
RhyolitePickup,-795536,3464,4625,f,81
ScrapMetalPart,-792638,7988,3338,f,81
ScrapMetalWreckage,-806690,-4184,-2225,f,81
MagnetiteOre,-803695,-4950,6545,f,81
FuelCellPart,-823728,-6295,4839,f,81
FuelCellPart,-809584,-5331,-2950,f,81
RhyolitePickup,-824880,-14023,1720,f,81
RhyolitePickup,-815857,-7249,-2533,f,81
ScrapMetalPart,-785735,6869,1503,f,81
AzuritePickup,-822983,2092,6687,f,81
ScrapMetalPart,-823381,-6953,4825,f,81
BrittleBush,-818979,857,271,f,81
ScrapMetalPart,-796982,-12944,2361,f,81
MagnetiteOre,-804464,15093,4921,f,81
ScrapMetalPart,-795264,-13584,1671,f,81
RhyolitePickup,-819539,-15894,1917,f,81
BrittleBush,-811813,-1273,-2666,f,81
AzuritePickup,-830810,-1226,1827,f,81
ScrapMetalPart,-798031,17774,2976,f,81
MagnetitePickup,-814061,-70,-1844,f,81
ScrapMetalWreckage,-823323,5375,6756,f,81
MagnetiteOre,-812659,2512,-619,f,81
BrittleBush,-819454,-13489,3227,f,81
MagnetiteOre,-817402,15362,5774,f,81
ScrapMetalPart,-820929,7632,7089,f,81
ScrapMetalWreckage,-785830,6751,1503,f,81
ScrapMetalWreckage,-800661,17748,3350,f,81
ScrapMetalPart,-798546,15555,3238,f,81
MagnetitePickup,-794516,-9721,2456,f,81
ScrapMetalWreckage,-828526,26088,1632,f,81
RhyolitePickup,-822975,2534,6715,f,81
ScrapMetalWreckage,-820810,12397,4743,f,81
ScrapMetalWreckage,-814113,-1663,-2352,f,81
ScrapMetalPart,-820729,5764,8975,f,81
FuelCellPart,-814619,-1722,-2244,f,81
BrittleBush,-804530,9047,7544,f,81
ScrapMetalWreckage,-805320,4811,9646,f,81
ScrapMetalPart,-793568,-16669,786,f,81
ScrapMetalWreckage,-833214,14147,1410,f,81
MagnetitePickup,-817414,15772,5809,f,81
ScrapMetalWreckage,-807201,10976,6511,f,81
ScrapMetalWreckage,-820679,6035,9004,f,81
ScrapMetalWreckage,-799081,18509,3040,f,81
ScrapMetalPart,-823312,5100,6734,f,81
ScrapMetalPart,-827397,-7480,2766,f,81
AzuritePickup,-825452,-5534,4388,f,81
ScrapMetalWreckage,-797983,-16972,1265,f,81
FuelCellWreckage,-795634,-11682,2307,f,81
BrittleBush,-801547,16191,3686,f,81
ScrapMetalWreckage,-796196,10727,3977,f,81
MagnetitePickup,-816355,-4500,-2241,f,81
ScrapMetalPart,-785591,-727,1565,f,81
BrittleBush,-813052,10455,2934,f,81
MagnetiteOre,-816298,-17535,1328,f,81
ScrapMetalPart,-810260,14302,6312,f,81
FuelCellPart,-780204,4557,1623,f,81
BrittleBush,-780396,4025,1588,f,81
FuelCellPart,-779871,3566,1635,f,81
ScrapMetalPart,-780246,6038,1724,f,81
FuelCellWreckage,-780218,4531,1617,f,81
FuelCellPart,-1090235,1099967,16918,f,13
ScrapMetalWreckage,-1106141,1095923,16717,f,13
BasaltOre,-1130785,1071612,15355,f,13
FuelCellPart,-1116002,1094945,20989,f,13
ScrapMetalWreckage,-1113284,1089924,22497,f,13
ScrapMetalWreckage,-1101627,1090276,16942,f,13
RhyolitePickup,-1148419,957051,21750,f,13
RhyolitePickup,-1150066,958213,21536,f,13
ScrapMetalWreckage,-1147506,956914,21767,f,13
FuelCellPart,-1149688,957248,21609,f,13
ScrapMetalPart,-1147383,957059,21811,f,13
StravidiumOre,-1147051,948819,21470,f,13
StravidiumPickup,-1146737,948666,21522,f,13
AzuritePickup,-1146654,951047,21619,f,13
RhyolitePickup,-1146316,951429,21665,f,13
ScrapMetalPart,-1146707,953505,21741,f,13
RhyolitePickup,-1148523,957671,21778,f,13
ScrapMetalWreckage,-1147735,954791,21517,f,13
ScrapMetalPart,-1147558,954890,21499,f,13
ScrapMetalWreckage,-1152850,961869,21231,f,13
TitaniumPickup,-1154015,965100,21218,f,13
FuelCellPart,-1153303,961955,21280,f,13
ScrapMetalPart,-1152826,961895,21207,f,13
Shipwreck,-1144752,1003286,39063,t,13
RhyolitePickup,-1138882,1041265,18889,f,13
FuelCellPart,-1138198,1041431,19031,f,13
ScrapMetalWreckage,-1139759,1039272,18996,f,13
AzuritePickup,-1139828,1038596,19070,f,13
FuelCellPart,-1135297,1044150,18776,f,13
ScrapMetalPart,-1139737,1039265,19008,f,13
ScrapMetalPart,-1138456,1042616,18555,f,13
TitaniumOre,-1104199,1055405,18078,f,13
Shipwreck,-1094438,993188,21172,t,13
FuelCellPart,-1021873,945511,16364,f,13
RhyolitePickup,-1069164,910278,18840,f,13
ScrapMetalPart,-1059595,919695,16942,f,13
RhyolitePickup,-1024921,922363,19042,f,13
ScrapMetalPart,-1021217,949747,19849,f,13
RhyolitePickup,-1058104,905009,19745,f,13
ScrapMetalPart,-1036764,925057,19248,f,13
FuelCellWreckage,-1052760,905428,20186,f,13
ScrapMetalPart,-1063882,913655,17895,f,13
ScrapMetalWreckage,-1048271,950813,16249,f,13
FuelCellPart,-1050797,960644,16334,f,13
AzuritePickup,-1013907,943051,15640,f,13
ScrapMetalWreckage,-1059585,926096,16047,f,13
ScrapMetalPart,-1064176,907648,18185,f,13
BrittleBush,-1026003,929078,17263,f,13
ScrapMetalWreckage,-1046039,948469,16186,f,13
ScrapMetalWreckage,-1021609,931435,15767,f,13
RhyolitePickup,-1024512,919693,19285,f,13
BasaltOre,-1024620,922637,18949,f,13
ScrapMetalWreckage,-1063570,909941,18049,f,13
ScrapMetalPart,-1013338,945016,15485,f,13
ScrapMetalPart,-1029804,930095,17213,f,13
ScrapMetalPart,-1040089,941665,15662,f,13
ScrapMetalPart,-1030276,921529,19555,f,13
FuelCellPart,-1025805,940027,15358,f,13
ScrapMetalPart,-1063638,906570,18504,f,13
FuelCellPart,-1041292,948170,16269,f,13
RhyolitePickup,-1034214,911884,18023,f,13
ScrapMetalPart,-1028911,927287,18452,f,13
BrittleBush,-1003702,943481,16052,f,13
ScrapMetalPart,-1028720,912213,18782,f,13
ScrapMetalWreckage,-1064177,907675,18173,f,13
RhyolitePickup,-1029236,912423,18693,f,13
RhyolitePickup,-1045215,909923,18277,f,13
FuelCellPart,-1034320,922002,19591,f,13
ScrapMetalWreckage,-1021694,929130,16457,f,13
RhyolitePickup,-1014686,946895,15881,f,13
ScrapMetalWreckage,-1024521,932629,16209,f,13
BauxitePickup,-1030517,947123,16418,f,13
BasaltPickup,-1033666,933656,15760,f,13
ScrapMetalPart,-1042101,909602,18322,f,13
ScrapMetalWreckage,-1038138,941731,15560,f,13
ScrapMetalWreckage,-1043463,910399,18060,f,13
RhyolitePickup,-1023116,919773,19135,f,13
ScrapMetalPart,-1051065,920648,17120,f,13
ScrapMetalPart,-1052983,928649,15839,f,13
AzuritePickup,-1025303,944559,16358,f,13
RhyolitePickup,-1027719,912906,18895,f,13
ScrapMetalWreckage,-1059329,910730,18227,f,13
FuelCellWreckage,-1048436,949567,16093,f,13
ScrapMetalPart,-1048194,950550,16239,f,13
ScrapMetalPart,-1049070,922615,16886,f,13
BrittleBush,-1018203,945902,16297,f,13
ScrapMetalPart,-1057068,921728,16701,f,13
ScrapMetalPart,-1044923,950026,16293,f,13
RhyolitePickup,-1037346,947333,16630,f,13
AzuriteOre,-1061830,905851,19033,f,13
ScrapMetalPart,-1054401,911487,18472,f,13
AzuritePickup,-1059973,905020,19530,f,13
AzuritePickup,-1041924,947254,16256,f,13
ScrapMetalPart,-1050834,905860,19704,f,13
ScrapMetalWreckage,-1058618,921970,16529,f,13
ScrapMetalPart,-1036329,941972,15621,f,13
FuelCellPart,-1048490,949792,16098,f,13
ScrapMetalPart,-1046041,911283,18038,f,13
FuelCellPart,-1052059,918107,17670,f,13
FuelCellPart,-1061828,930715,15026,f,13
ScrapMetalPart,-1061369,910976,18011,f,13
RhyolitePickup,-1046564,928606,16639,f,13
RhyolitePickup,-1034713,952137,22001,f,13
ScrapMetalPart,-1049143,910402,18343,f,13
ScrapMetalWreckage,-1049553,909475,18707,f,13
FuelCellPart,-1034098,947751,16337,f,13
BrittleBush,-1029898,930704,17023,f,13
ScrapMetalPart,-1032196,947201,16359,f,13
BasaltPickup,-1028845,919075,19418,f,13
FuelCellPart,-1038956,912499,17657,f,13
ScrapMetalPart,-1022745,943826,16326,f,13
AzuritePickup,-1014217,943460,15762,f,13
StravidiumOre,-1034311,945624,16340,f,13
RhyolitePickup,-1023250,943609,16249,f,13
BauxitePickup,-1020289,924827,17250,f,13
ScrapMetalPart,-1022647,922296,18526,f,13
ScrapMetalWreckage,-1049161,910435,18330,f,13
BrittleBush,-1047887,930950,16325,f,13
ScrapMetalPart,-1065033,911569,18005,f,13
BasaltPickup,-1038965,953780,22055,f,13
ScrapMetalWreckage,-1030148,909728,18865,f,13
RhyolitePickup,-1035291,909065,18510,f,13
FuelCellPart,-1053888,911222,18526,f,13
ScrapMetalWreckage,-1046883,930203,16494,f,13
FuelCellPart,-1053027,905472,20169,f,13
BrittleBush,-1024256,949927,19640,f,13
AzuritePickup,-1002082,944212,16269,f,13
ScrapMetalPart,-1026739,920284,19374,f,13
BrittleBush,-1031637,936857,15411,f,13
ScrapMetalPart,-1052845,920251,17047,f,13
FuelCellPart,-1033354,921752,19602,f,13
AzuritePickup,-1058473,921270,16697,f,13
ScrapMetalPart,-1024579,932451,16267,f,13
RhyolitePickup,-1057765,905051,19730,f,13
ScrapMetalWreckage,-1061900,916444,17466,f,13
RhyolitePickup,-1046037,909916,18348,f,13
ScrapMetalPart,-1046824,909703,18407,f,13
ScrapMetalWreckage,-1044887,949756,16289,f,13
BauxitePickup,-1017830,927085,16336,f,13
ScrapMetalPart,-1021451,929042,16412,f,13
FuelCellPart,-1031039,914661,18389,f,13
RhyoliteOre,-1018084,947033,16366,f,13
BauxitePickup,-1039910,953340,22178,f,13
ScrapMetalPart,-1024798,944667,16339,f,13
FuelCellPart,-1057310,910131,18548,f,13
FuelCellPart,-1030552,943248,16092,f,13
RhyolitePickup,-1037648,929111,17557,f,13
ScrapMetalPart,-1064333,919566,16928,f,13
ScrapMetalPart,-1058563,922233,16499,f,13
ScrapMetalPart,-1017555,930694,15731,f,13
ScrapMetalWreckage,-1064966,911309,17993,f,13
RhyolitePickup,-1064318,921304,16617,f,13
AzuritePickup,-1055799,925929,16161,f,13
ScrapMetalPart,-1061716,914101,17805,f,13
ScrapMetalPart,-1045956,948674,16196,f,13
ScrapMetalWreckage,-1023470,920553,19058,f,13
RhyolitePickup,-1027682,934808,15924,f,13
BauxiteOre,-1030626,946727,16465,f,13
ScrapMetalPart,-1060475,919691,16890,f,13
RhyolitePickup,-1044974,920678,17019,f,13
BauxitePickup,-1064310,924306,16497,f,13
AzuritePickup,-1034778,942966,15911,f,13
RhyolitePickup,-1030400,920174,19495,f,13
RhyolitePickup,-1028790,934380,15900,f,13
ScrapMetalPart,-1027610,912240,18987,f,13
AzuritePickup,-1054808,910633,18543,f,13
AzuritePickup,-1041848,909810,18251,f,13
ScrapMetalPart,-1051647,933396,15400,f,13
RhyolitePickup,-1055784,928967,15530,f,13
FuelCellPart,-1057511,922141,16580,f,13
AzuritePickup,-1041764,908360,18655,f,13
FuelCellPart,-1062317,915995,17639,f,13
BauxiteOre,-1033017,934902,15483,f,13
ScrapMetalWreckage,-1050877,915618,17938,f,13
ScrapMetalPart,-1034513,929140,17700,f,13
ScrapMetalWreckage,-1052627,920261,17058,f,13
BauxitePickup,-1044743,923732,17065,f,13
ScrapMetalPart,-1056454,910484,18532,f,13
BauxitePickup,-1032774,935233,15442,f,13
ScrapMetalWreckage,-1064438,919323,16985,f,13
ScrapMetalPart,-1027531,929720,17542,f,13
ScrapMetalWreckage,-1034989,952580,21971,f,13
BasaltOre,-1038577,953641,22040,f,13
RhyolitePickup,-1050825,949704,15860,f,13
ScrapMetalPart,-1021485,931497,15746,f,13
FuelCellPart,-1058331,908537,18943,f,13
FuelCellWreckage,-1033366,922030,19549,f,13
ScrapMetalPart,-1037405,953267,22051,f,13
ScrapMetalWreckage,-1031924,950843,21187,f,13
ScrapMetalWreckage,-1022784,943920,16255,f,13
ScrapMetalPart,-1063762,909751,18039,f,13
ScrapMetalWreckage,-1058046,921566,16668,f,13
ScrapMetalWreckage,-1051520,933499,15410,f,13
AzuritePickup,-1045314,923461,17076,f,13
FuelCellPart,-1042254,906755,19158,f,13
ScrapMetalPart,-1041760,912194,17557,f,13
ScrapMetalPart,-1049637,951921,16164,f,13
AzuritePickup,-1019119,944577,16078,f,13
RhyolitePickup,-1039481,941826,15676,f,13
FuelCellPart,-1019827,928149,16378,f,13
ScrapMetalPart,-1026726,934621,16054,f,13
ScrapMetalWreckage,-1046605,909856,18374,f,13
ScrapMetalWreckage,-1025520,920008,19338,f,13
ScrapMetalWreckage,-1017328,930853,15695,f,13
AzuritePickup,-1030906,926896,18429,f,13
ScrapMetalWreckage,-1048637,909412,18540,f,13
FuelCellPart,-1062814,919440,16907,f,13
ScrapMetalPart,-1035236,952474,22028,f,13
BasaltOre,-1016385,927921,16065,f,13
RhyolitePickup,-1050349,920062,17289,f,13
ScrapMetalPart,-1046793,930385,16521,f,13
ScrapMetalPart,-1037881,941657,15525,f,13
BrittleBush,-1039841,946920,16457,f,13
RhyolitePickup,-1049399,952290,16137,f,13
ScrapMetalWreckage,-1032148,930902,16773,f,13
ScrapMetalWreckage,-1028485,912079,18817,f,13
RhyolitePickup,-1024021,935491,15343,f,13
FuelCellWreckage,-1025359,936678,15557,f,13
ScrapMetalWreckage,-1050406,960772,16404,f,13
ScrapMetalWreckage,-1001590,945614,16187,f,13
RhyolitePickup,-1030106,928885,17713,f,13
ScrapMetalWreckage,-1041936,909389,18382,f,13
RhyolitePickup,-1030274,928149,17951,f,13
RhyolitePickup,-1034592,941593,15534,f,13
ScrapMetalWreckage,-1027478,911987,18992,f,13
ScrapMetalPart,-1067986,910227,18620,f,13
AzuritePickup,-1017279,927438,16197,f,13
FuelCellPart,-1020711,927481,16690,f,13
BauxiteOre,-1064070,923951,16467,f,13
AzuritePickup,-1042776,914926,17858,f,13
AzuritePickup,-1035415,926082,18956,f,13
ScrapMetalWreckage,-1034737,925984,18969,f,13
FuelCellWreckage,-1048182,908536,18770,f,13
BasaltPickup,-1016385,927727,16071,f,13
FuelCellWreckage,-1052215,917898,17724,f,13
ScrapMetalPart,-1020208,930969,16000,f,13
AzuritePickup,-1033969,928849,17702,f,13
ScrapMetalPart,-1061979,916698,17422,f,13
FuelCellPart,-1021949,929370,16442,f,13
RhyolitePickup,-1021824,942186,15417,f,13
ScrapMetalPart,-1063648,907204,18346,f,13
ScrapMetalWreckage,-1051134,920395,17190,f,13
ScrapMetalPart,-1037503,941603,15486,f,13
AzuritePickup,-1051526,916612,17883,f,13
AzuritePickup,-1033717,922681,19511,f,13
ScrapMetalPart,-1055831,923110,16458,f,13
ScrapMetalPart,-1020046,926772,16789,f,13
ScrapMetalPart,-1030161,909729,18866,f,13
ScrapMetalWreckage,-1051856,911367,18477,f,13
ScrapMetalPart,-1025104,935489,15600,f,13
FuelCellPart,-1029752,941343,15421,f,13
FuelCellPart,-1024588,944195,16258,f,13
ScrapMetalPart,-1043389,946739,16202,f,13
BauxiteOre,-1044355,923867,17088,f,13
RhyolitePickup,-1059869,925064,16114,f,13
ScrapMetalPart,-1059320,914335,17946,f,13
BrittleBush,-1053153,919704,17174,f,13
ScrapMetalPart,-1017337,944180,16032,f,13
RhyolitePickup,-1046325,947320,16120,f,13
AzuritePickup,-1026937,920712,19385,f,13
RhyolitePickup,-1039132,907337,19015,f,13
ScrapMetalPart,-1001128,944419,16226,f,13
ScrapMetalPart,-1062961,926976,15781,f,13
ScrapMetalWreckage,-1021093,949512,19793,f,13
ScrapMetalPart,-1051231,950112,15890,f,13
StravidiumPickup,-1035048,945202,16716,f,13
ScrapMetalWreckage,-1019336,927619,16431,f,13
ScrapMetalWreckage,-1051318,949939,15860,f,13
RhyolitePickup,-1024720,949430,19669,f,13
ScrapMetalPart,-1045613,949225,16222,f,13
AzuritePickup,-1024233,919431,19274,f,13
BrittleBush,-1024858,944435,16318,f,13
BrittleBush,-1021913,923406,18024,f,13
ScrapMetalPart,-1041947,910677,17981,f,13
ScrapMetalPart,-1034681,926246,18928,f,13
ScrapMetalPart,-1028773,922512,19432,f,13
BrittleBush,-1032764,937859,15333,f,13
ScrapMetalWreckage,-1017142,943998,16004,f,13
BasaltPickup,-1024306,922434,18958,f,13
ScrapMetalWreckage,-1034243,929105,17663,f,13
ScrapMetalWreckage,-1052775,928818,15827,f,13
RhyoliteOre,-1037687,947154,16692,f,13
ScrapMetalWreckage,-1041793,912218,17547,f,13
ScrapMetalPart,-1049407,909539,18650,f,13
AzuritePickup,-1040740,947209,16319,f,13
RhyolitePickup,-1060103,910961,18089,f,13
ScrapMetalPart,-1042695,909498,18340,f,13
ScrapMetalPart,-1043659,910476,18042,f,13
FuelCellPart,-1029799,933265,16162,f,13
AzuritePickup,-1020626,943475,15998,f,13
RhyolitePickup,-1025225,931179,16741,f,13
ScrapMetalPart,-1041063,906880,19151,f,13
ScrapMetalPart,-1023397,930130,16494,f,13
RhyolitePickup,-1017689,946839,16482,f,13
ScrapMetalPart,-1025522,920030,19370,f,13
ScrapMetalPart,-1050513,962120,16387,f,13
ScrapMetalPart,-1049976,909488,18749,f,13
AzuritePickup,-1027849,932297,16721,f,13
ScrapMetalPart,-1021665,930140,16182,f,13
ScrapMetalWreckage,-1063548,907350,18350,f,13
RhyolitePickup,-1042557,923207,16928,f,13
FuelCellPart,-1027226,923781,19154,f,13
ScrapMetalWreckage,-1060678,919600,16896,f,13
ScrapMetalPart,-1042836,910461,18053,f,13
ScrapMetalPart,-1023728,920479,19107,f,13
ScrapMetalWreckage,-1036080,942074,15650,f,13
ScrapMetalWreckage,-1021689,922050,18617,f,13
ScrapMetalPart,-1024695,945504,16457,f,13
ScrapMetalPart,-1019276,927388,16486,f,13
FuelCellPart,-1048492,922671,16911,f,13
ScrapMetalPart,-1059786,925917,15998,f,13
FuelCellPart,-1025252,936432,15586,f,13
ScrapMetalWreckage,-1042812,910622,17999,f,13
FuelCellWreckage,-1053889,911208,18522,f,13
FuelCellPart,-1047952,908670,18722,f,13
BrittleBush,-1033288,937750,15353,f,13
ScrapMetalPart,-1052034,919884,17227,f,13
AzuritePickup,-1025218,930017,16921,f,13
ScrapMetalPart,-1028437,922031,19431,f,13
RhyolitePickup,-1013843,946846,15653,f,13
ScrapMetalWreckage,-1059548,914188,17924,f,13
ScrapMetalPart,-1028000,925205,19012,f,13
ScrapMetalPart,-1001827,945742,16152,f,13
ScrapMetalWreckage,-1061528,910898,18027,f,13
ScrapMetalPart,-1032795,930153,17135,f,13
ScrapMetalPart,-1022531,932400,15714,f,13
ScrapMetalWreckage,-1067844,910222,18597,f,13
RhyolitePickup,-1033424,934024,15683,f,13
ScrapMetalPart,-1051589,911376,18483,f,13
FuelCellPart,-1034240,928239,17924,f,13
ScrapMetalWreckage,-1024968,945582,16466,f,13
AzuritePickup,-1049436,911108,18270,f,13
ScrapMetalPart,-1048448,909482,18499,f,13
ScrapMetalWreckage,-1056515,910349,18569,f,13
ScrapMetalPart,-1059339,910465,18296,f,13
ScrapMetalPart,-1052598,911086,18474,f,13
ScrapMetalWreckage,-1028294,934019,16095,f,13
ScrapMetalPart,-1058741,910787,18270,f,13
ScrapMetalPart,-1058110,921785,16622,f,13
ScrapMetalPart,-1039798,941578,15593,f,13
BrittleBush,-1026506,945359,16420,f,13
AzuritePickup,-1061445,905710,19137,f,13
ScrapMetalWreckage,-1064259,914859,17813,f,13
ScrapMetalPart,-1024607,949906,19670,f,13
ScrapMetalPart,-1050849,915884,17903,f,13
RhyolitePickup,-1020006,925615,17084,f,13
FuelCellPart,-1023477,950790,19633,f,13
BauxiteOre,-1040817,952704,22054,f,13
ScrapMetalWreckage,-1055240,922900,16361,f,13
ScrapMetalWreckage,-1049078,922583,16882,f,13
FuelCellPart,-1029188,914090,18549,f,13
AzuritePickup,-1055642,930192,15310,f,13
TitaniumPickup,-1015635,932278,15604,f,13
ScrapMetalPart,-1028139,934175,16055,f,13
ScrapMetalPart,-1050516,961025,16372,f,13
AzuritePickup,-1058075,910459,18382,f,13
FuelCellPart,-1060309,926222,15860,f,13
ScrapMetalPart,-1042450,908791,18608,f,13
RhyolitePickup,-1045262,911758,17867,f,13
ScrapMetalWreckage,-1040099,941689,15662,f,13
ScrapMetalPart,-1055233,922934,16377,f,13
ScrapMetalWreckage,-1027800,925027,19048,f,13
RhyolitePickup,-1048026,909276,18532,f,13
ScrapMetalWreckage,-1029745,932588,16450,f,13
ScrapMetalWreckage,-1063825,906746,18415,f,13
AzuritePickup,-1019184,924932,17070,f,13
ScrapMetalPart,-1041923,908775,18572,f,13
AzuritePickup,-1042603,914562,17758,f,13
FuelCellPart,-1038388,942144,15687,f,13
ScrapMetalWreckage,-1035574,953158,22016,f,13
ScrapMetalPart,-1014026,947786,15790,f,13
ScrapMetalPart,-1023750,927679,17226,f,13
ScrapMetalWreckage,-1063996,913895,17878,f,13
ScrapMetalPart,-1064327,914799,17819,f,13
ScrapMetalPart,-1016218,950618,16427,f,13
RhyolitePickup,-1013751,912873,31391,f,13
StravidiumOre,-1012206,907311,31187,f,13
FuelCellPart,-1003787,909581,31271,f,13
BauxitePickup,-1021387,951110,19882,f,13
ScrapMetalPart,-1018167,953672,16365,f,13
FuelCellPart,-1006493,919986,31375,f,13
ScrapMetalPart,-1008567,909836,31325,f,13
ScrapMetalWreckage,-1000515,915806,30676,f,13
AzuritePickup,-1007516,922110,31019,f,13
RhyoliteOre,-1010961,912976,31850,f,13
RhyolitePickup,-1013220,917503,31322,f,13
AzuritePickup,-1016344,958791,16431,f,13
ScrapMetalPart,-1003138,920221,30752,f,13
RhyolitePickup,-1015735,912458,30993,f,13
RhyolitePickup,-1017136,958972,16419,f,13
BauxitePickup,-1007999,909285,31187,f,13
ScrapMetalWreckage,-1007595,910444,31443,f,13
ScrapMetalWreckage,-1021039,906870,19272,f,13
FuelCellPart,-1006350,908805,31190,f,13
ScrapMetalWreckage,-1018361,953472,16357,f,13
FuelCellPart,-1014630,912691,31223,f,13
AzuritePickup,-1013952,911269,31250,f,13
ScrapMetalPart,-1007997,918950,31497,f,13
ScrapMetalWreckage,-1012607,910607,31366,f,13
AzuritePickup,-1013993,913818,31430,f,13
ScrapMetalPart,-998771,939996,16451,f,13
ScrapMetalPart,-1009458,909461,31272,f,13
FuelCellPart,-1011869,912480,31548,f,13
ScrapMetalPart,-1017799,956815,16385,f,13
ScrapMetalWreckage,-1014443,913471,31359,f,13
ScrapMetalWreckage,-1009472,909493,31279,f,13
RhyolitePickup,-1011154,909639,31337,f,13
ScrapMetalPart,-1016532,952825,16421,f,13
ScrapMetalPart,-1021180,906825,19316,f,13
ScrapMetalWreckage,-1016793,952741,16403,f,13
ScrapMetalPart,-1011295,911166,31500,f,13
RhyolitePickup,-1012485,917027,31409,f,13
ScrapMetalPart,-1003477,919000,30963,f,13
StravidiumPickup,-1019103,951098,16421,f,13
FuelCellWreckage,-1014009,915406,31453,f,13
ScrapMetalPart,-1017248,953123,16278,f,13
ScrapMetalPart,-1023680,951106,19560,f,13
ScrapMetalWreckage,-1013569,960715,16309,f,13
RhyolitePickup,-1002746,937821,15377,f,13
BrittleBush,-1024674,951367,19557,f,13
FuelCellPart,-1016801,959230,16430,f,13
ScrapMetalWreckage,-999371,940977,16492,f,13
BrittleBush,-1008219,908160,30682,f,13
FuelCellPart,-998238,940996,16573,f,11
RhyolitePickup,-1013118,961071,16198,f,13
AzuritePickup,-1016441,950358,16423,f,13
FuelCellPart,-1012474,918500,31181,f,13
FuelCellWreckage,-1003007,909456,31133,f,13
FuelCellPart,-1024496,952952,19333,f,13
ScrapMetalPart,-1024121,909977,19594,f,13
BrittleBush,-1004312,914396,31437,f,13
FuelCellPart,-1006635,910623,31502,f,13
ScrapMetalWreckage,-1014031,912475,31305,f,13
BrittleBush,-1001879,946678,16153,f,13
ScrapMetalPart,-1003796,908350,31088,f,13
ScrapMetalWreckage,-1011304,912416,31643,f,13
AzuritePickup,-1001948,937267,15475,f,13
ScrapMetalPart,-1010009,909619,31325,f,13
AzuritePickup,-1011506,909517,31322,f,13
BasaltOre,-1019067,899067,19287,f,13
ScrapMetalPart,-1024573,953793,19221,f,13
AzuritePickup,-1024051,951350,19491,f,13
AzuriteOre,-1009672,900559,19772,f,13
RhyolitePickup,-1010191,911495,31617,f,13
ScrapMetalPart,-997469,936132,16059,f,11
ScrapMetalPart,-1013770,911604,31280,f,13
ScrapMetalPart,-1004440,909617,31331,f,13
AzuritePickup,-1012818,913927,31465,f,13
RhyolitePickup,-1008201,910435,31450,f,13
AzuritePickup,-1002070,919230,30680,f,13
ScrapMetalWreckage,-1010644,919289,31244,f,13
FuelCellPart,-1013810,917031,31320,f,13
ScrapMetalPart,-1013641,910515,31337,f,13
ScrapMetalWreckage,-1005369,909989,31376,f,13
BauxiteOre,-1005769,915874,31610,f,13
BrittleBush,-996027,937717,16530,f,11
AzuritePickup,-1022618,910090,19141,f,13
AzuritePickup,-1012031,915484,31463,f,13
RhyolitePickup,-1010576,912832,31897,f,13
BauxiteOre,-1007590,909319,31218,f,13
ScrapMetalPart,-1008869,919404,31390,f,13
FuelCellPart,-1011507,909880,31360,f,13
ScrapMetalPart,-1014547,912270,31176,f,13
RhyolitePickup,-1005983,916489,31629,f,13
AzuritePickup,-1006966,911107,31643,f,13
ScrapMetalPart,-1005838,920603,31276,f,13
RhyoliteOre,-1013975,900636,20224,f,13
FuelCellPart,-1003203,909350,31147,f,13
ScrapMetalPart,-999453,916196,30511,f,13
FuelCellPart,-1013984,915139,31456,f,13
ScrapMetalWreckage,-1013493,948962,15873,f,13
ScrapMetalPart,-1010587,919079,31287,f,13
AzuritePickup,-1002414,918990,30724,f,13
BrittleBush,-1008027,918342,31662,f,13
ScrapMetalWreckage,-1004398,909353,31277,f,13
ScrapMetalPart,-1011423,912625,31646,f,13
RhyolitePickup,-999187,915221,30482,f,13
AzuritePickup,-1016026,913847,31188,f,13
RhyolitePickup,-1012155,913085,31471,f,13
AzuritePickup,-1010080,900771,19986,f,13
AzuritePickup,-1015734,961523,16433,f,13
AzuritePickup,-1005101,918749,31370,f,13
RhyolitePickup,-1023044,910045,19275,f,13
BauxitePickup,-1005597,916245,31590,f,13
RhyolitePickup,-1012988,911098,31361,f,13
ScrapMetalWreckage,-1007250,920194,31340,f,13
AzuriteOre,-1004917,921723,31092,f,13
BasaltPickup,-1002818,920961,30766,f,13
AzuritePickup,-1014465,917898,31172,f,13
ScrapMetalPart,-1009908,919500,31282,f,13
StravidiumOre,-1019225,951490,16493,f,13
FuelCellPart,-1015568,957767,16424,f,13
AzuritePickup,-1015878,897386,18908,f,13
AzuritePickup,-1005559,909283,31243,f,13
BrittleBush,-1008657,908954,31075,f,13
AzuritePickup,-999764,915043,30544,f,13
ScrapMetalWreckage,-1009673,919631,31280,f,13
RhyolitePickup,-1012701,916746,31429,f,13
RhyolitePickup,-1007138,910229,31394,f,13
FuelCellPart,-1005868,908034,31135,f,13
AzuritePickup,-1002973,918782,30861,f,13
ScrapMetalPart,-1011992,919249,31080,f,13
BrittleBush,-1000996,916109,30697,f,13
ScrapMetalPart,-1007836,920478,31273,f,13
AzuritePickup,-1014309,914014,31449,f,13
FuelCellPart,-1005452,921422,31155,f,13
ScrapMetalWreckage,-1016004,950785,16424,f,13
ScrapMetalWreckage,-997561,936228,16046,f,11
BasaltPickup,-1004290,917471,31613,f,13
ScrapMetalWreckage,-999408,915934,30481,f,13
ScrapMetalPart,-1012351,910510,31400,f,13
FuelCellPart,-1002962,910088,31216,f,13
BrittleBush,-1022642,956570,16583,f,13
BrittleBush,-1019247,952910,16397,f,13
BrittleBush,-1010398,968110,15542,f,13
ScrapMetalWreckage,-1003815,908369,31092,f,13
ScrapMetalPart,-1007091,920411,31320,f,13
RhyolitePickup,-1014287,900544,20229,f,13
FuelCellWreckage,-998448,941162,16561,f,11
ScrapMetalPart,-1005569,909815,31306,f,13
BasaltPickup,-1018789,898744,19256,f,13
ScrapMetalPart,-1013275,949049,15858,f,13
ScrapMetalPart,-1000438,915542,30673,f,13
ScrapMetalPart,-1024298,954253,19143,f,13
ScrapMetalPart,-1021237,905750,19438,f,13
FuelCellPart,-1013890,918183,31146,f,13
ScrapMetalPart,-1013464,960459,16302,f,13
ScrapMetalWreckage,-1024287,953981,19148,f,13
ScrapMetalWreckage,-1008813,909941,31353,f,13
ScrapMetalWreckage,-1013368,910457,31315,f,13
ScrapMetalPart,-1014036,912692,31327,f,13
BrittleBush,-1002949,914639,31217,f,13
ScrapMetalPart,-999339,941251,16498,f,13
FuelCellPart,-1007890,910403,31440,f,13
RhyolitePickup,-1015326,913414,31227,f,13
ScrapMetalPart,-1014275,913265,31359,f,13
BasaltOre,-1002648,920645,30688,f,13
ScrapMetalPart,-1012662,917318,31383,f,13
BasaltOre,-1004285,917166,31642,f,13
ScrapMetalPart,-1017757,958474,16391,f,13
AzuritePickup,-998860,941135,16466,f,13
ScrapMetalPart,-1013111,910770,31325,f,13
ScrapMetalWreckage,-1024390,910008,19528,f,13
ScrapMetalPart,-1015192,916104,31290,f,13
BauxiteOre,-1021624,950801,19812,f,13
ScrapMetalPart,-1007459,910208,31394,f,13
AzuritePickup,-1004920,921437,31146,f,13
ScrapMetalPart,-1013529,915359,31455,f,13
FuelCellPart,-1011704,911605,31511,f,13
FuelCellPart,-1033987,967578,19742,f,13
ScrapMetalPart,-1031173,978686,16406,f,13
ScrapMetalWreckage,-1024509,1001073,19166,f,13
ScrapMetalWreckage,-1052016,976372,15865,f,13
ScrapMetalWreckage,-1013229,974807,15227,f,13
AzuritePickup,-1018506,977298,15510,f,13
ScrapMetalPart,-1019179,976281,15804,f,13
ScrapMetalPart,-1026277,973683,16381,f,13
ScrapMetalPart,-1050317,975649,16157,f,13
AzuritePickup,-1035919,958987,21145,f,13
ScrapMetalWreckage,-1029463,980100,16466,f,13
ScrapMetalWreckage,-1050157,975671,16154,f,13
FuelCellWreckage,-1034133,960858,20464,f,13
ScrapMetalPart,-1020882,976914,15911,f,13
BrittleBush,-1036566,971813,20438,f,13
BauxiteOre,-1045693,962674,16250,f,13
RhyolitePickup,-1045454,963515,16164,f,13
BasaltOre,-1002280,986806,17576,f,13
ScrapMetalWreckage,-1014821,970730,15733,f,13
AzuritePickup,-1025352,969221,16284,f,13
BasaltPickup,-1031646,968765,19614,f,13
StravidiumPickup,-1045708,964025,16130,f,13
StravidiumOre,-1045982,964351,16086,f,13
AzuritePickup,-1029488,959110,20825,f,13
FuelCellPart,-1048322,977521,16260,f,13
AzuritePickup,-1039305,962943,20397,f,13
FuelCellPart,-1034244,960959,20431,f,13
AzuritePickup,-1032567,979735,16451,f,13
AzuriteOre,-1035814,958514,21173,f,13
ScrapMetalPart,-1024270,1001187,19202,f,13
BrittleBush,-996660,982242,23240,f,11
RhyolitePickup,-1047438,963230,16170,f,13
ScrapMetalPart,-1046658,961877,16242,f,13
TitaniumPickup,-1042623,971720,24017,f,13
ScrapMetalWreckage,-1046538,962034,16249,f,13
ScrapMetalPart,-1038813,968619,20546,f,13
RhyolitePickup,-1030900,998708,18091,f,13
AzuritePickup,-1034749,980135,16286,f,13
BrittleBush,-998953,970143,16651,f,13
ScrapMetalPart,-1018692,975962,15835,f,13
ScrapMetalPart,-1015263,975321,15417,f,13
RhyolitePickup,-1023967,957020,22814,f,13
ScrapMetalPart,-1052172,976151,15887,f,13
RhyolitePickup,-1032142,1002510,17871,f,13
RhyolitePickup,-1047623,963922,16146,f,13
AzuritePickup,-1029916,995499,18704,f,13
AzuritePickup,-1022509,962235,19802,f,13
FuelCellPart,-1035472,980560,16297,f,13
FuelCellPart,-1046062,968224,18001,f,13
AzuritePickup,-1026793,964104,19813,f,13
FuelCellWreckage,-1026509,978306,16368,f,13
ScrapMetalWreckage,-1026855,978966,16339,f,13
ScrapMetalPart,-1049976,977394,16077,f,13
AzuriteOre,-1029756,995718,18670,f,13
RhyolitePickup,-1050400,975253,16192,f,13
FuelCellPart,-1048394,963948,16225,f,13
FuelCellPart,-1034365,967220,19774,f,13
BrittleBush,-1007984,972625,16803,f,13
FuelCellPart,-1042700,965219,18224,f,13
AzuritePickup,-1034652,980476,16252,f,13
RhyolitePickup,-1040169,970649,22162,f,13
FuelCellPart,-1024854,980488,15908,f,13
FuelCellWreckage,-1018810,977673,15498,f,13
ScrapMetalPart,-1027101,998445,18488,f,13
FuelCellWreckage,-1034074,967328,19803,f,13
ScrapMetalWreckage,-1018445,975863,15804,f,13
ScrapMetalPart,-1035180,1001561,17866,f,13
ScrapMetalWreckage,-1049763,977396,16121,f,13
AzuritePickup,-1047988,963667,16190,f,13
ScrapMetalWreckage,-1019426,976386,15789,f,13
AzuritePickup,-1025440,998562,18671,f,13
RhyolitePickup,-1024882,999533,18915,f,13
FuelCellPart,-1017861,976526,15568,f,13
BasaltOre,-1002321,987308,17724,f,13
RhyoliteOre,-1024143,956764,22769,f,13
RhyolitePickup,-1030757,962198,20481,f,13
FuelCellPart,-1012759,969518,15605,f,13
AzuritePickup,-1017606,975127,15733,f,13
FuelCellPart,-1015637,975076,15483,f,13
ScrapMetalWreckage,-1031247,978525,16399,f,13
ScrapMetalWreckage,-1042566,979995,16276,f,13
ScrapMetalPart,-1045661,967208,17947,f,13
ScrapMetalPart,-1025622,974274,16136,f,13
FuelCellPart,-1034670,979780,16358,f,13
BrittleBush,-1039827,970554,22159,f,13
FuelCellPart,-1026239,978272,16378,f,13
FuelCellPart,-1021747,972553,16199,f,13
FuelCellWreckage,-1044936,979889,16292,f,13
ScrapMetalPart,-1042647,979802,16279,f,13
RhyolitePickup,-1053418,978641,15676,f,13
AzuritePickup,-1036821,978774,16784,f,13
RhyolitePickup,-1050607,974503,16292,f,13
TitaniumOre,-1001983,984321,17575,f,13
ScrapMetalPart,-1029397,979974,16461,f,13
BasaltPickup,-1002121,987212,17668,f,13
BrittleBush,-1034604,962034,20148,f,13
RhyolitePickup,-1034063,980227,16354,f,13
FuelCellWreckage,-1017850,976577,15553,f,13
AzuriteOre,-1039737,962915,20320,f,13
FuelCellPart,-1016274,976234,15420,f,13
ScrapMetalWreckage,-1015337,975064,15444,f,13
ScrapMetalPart,-1040880,980444,16276,f,13
ScrapMetalPart,-1014138,967690,15976,f,13
TitaniumOre,-1038910,968128,20481,f,13
TitaniumOre,-1042474,972073,24021,f,13
BauxiteOre,-992421,957657,23913,f,11
ScrapMetalPart,-1040810,972369,24000,f,13
FuelCellPart,-1021451,973015,16210,f,13
AzuritePickup,-1026484,977768,16395,f,13
ScrapMetalPart,-1027119,973429,16679,f,13
BasaltOre,-1001716,987248,17731,f,13
BauxiteOre,-991863,957563,23907,f,11
BrittleBush,-979808,962076,25478,f,11
ScrapMetalPart,-1026901,978687,16362,f,13
RhyolitePickup,-1036325,970963,20453,f,13
BasaltOre,-1031481,968602,19561,f,13
BrittleBush,-1049537,974354,16380,f,13
ScrapMetalPart,-1001779,984191,17574,f,13
ScrapMetalPart,-1027206,963940,19812,f,13
ScrapMetalPart,-1045764,980311,16321,f,13
FuelCellWreckage,-1035691,980581,16301,f,13
ScrapMetalWreckage,-1035049,1001309,17892,f,13
RhyolitePickup,-1048698,979411,15946,f,13
FuelCellPart,-1049866,980408,15624,f,13
AzuritePickup,-1043862,978366,16300,f,13
ScrapMetalWreckage,-1014197,967875,15927,f,13
BauxiteOre,-992058,957067,23905,f,11
ScrapMetalPart,-1050862,975682,16120,f,13
RhyolitePickup,-1030022,979778,16477,f,13
ScrapMetalPart,-1049066,977454,16206,f,13
ScrapMetalPart,-1013215,974803,15231,f,13
RhyolitePickup,-1044800,968446,17998,f,13
RhyolitePickup,-1027519,973524,16803,f,13
BrittleBush,-1034584,959424,20766,f,13
ScrapMetalWreckage,-1050830,975677,16116,f,13
BrittleBush,-987937,956794,18950,f,11
BauxitePickup,-1045670,962265,16268,f,13
ScrapMetalPart,-1026624,974934,16350,f,13
ScrapMetalWreckage,-1045489,980333,16334,f,13
ScrapMetalPart,-1014914,970554,15759,f,13
ScrapMetalPart,-1035180,980250,16284,f,13
ScrapMetalPart,-1015919,979174,15153,f,13
FuelCellPart,-1039421,975711,20238,f,13
TitaniumOre,-1041472,976045,20570,f,13
FuelCellPart,-1044795,979914,16284,f,13
ScrapMetalWreckage,-1027246,998204,18462,f,13
FuelCellPart,-1018797,977946,15484,f,13
ScrapMetalWreckage,-1035108,979988,16298,f,13
ScrapMetalPart,-1022891,962440,19803,f,13
ScrapMetalPart,-1029323,963202,20380,f,13
RhyolitePickup,-1043558,979697,16279,f,13
ScrapMetalWreckage,-1027167,964208,19813,f,13
ScrapMetalWreckage,-1022797,962221,19800,f,13
ScrapMetalWreckage,-1026946,973625,16593,f,13
ScrapMetalWreckage,-1087421,1100637,17554,f,13
FuelCellPart,-1083079,1098615,17767,f,13
ScrapMetalPart,-1106134,1096190,16681,f,13
FuelCellPart,-1088146,1100214,17442,f,13
BauxitePickup,-1114191,1092816,23629,f,13
ScrapMetalPart,-1128190,1074972,16396,f,13
ScrapMetalPart,-1127533,1070074,15837,f,13
ScrapMetalPart,-1090892,1099856,16762,f,13
RhyolitePickup,-1083230,1098981,17797,f,13
AzuritePickup,-1088710,1100570,17268,f,13
ScrapMetalWreckage,-1091073,1099220,16711,f,13
ScrapMetalWreckage,-1090783,1102143,16774,f,13
ScrapMetalWreckage,-1128359,1075041,16353,f,13
ScrapMetalPart,-1133883,1075263,15539,f,13
ScrapMetalWreckage,-1086099,1101068,17712,f,13
ScrapMetalPart,-1134373,1081846,15556,f,13
AzuritePickup,-1093760,1100539,16212,f,13
RhyolitePickup,-1092885,1099839,16135,f,13
BauxitePickup,-1123267,1086332,22892,f,13
ScrapMetalWreckage,-1132696,1081712,15976,f,13
ScrapMetalPart,-1117174,1088509,20116,f,13
ScrapMetalWreckage,-1088974,1101192,17154,f,13
ScrapMetalPart,-1088111,1100586,17414,f,13
BasaltOre,-1117768,1084951,19973,f,13
StravidiumOre,-1084450,1097133,17538,f,13
RhyoliteOre,-1108820,1083114,19611,f,13
BrittleBush,-1084500,1096518,17392,f,13
FuelCellPart,-1088409,1100700,17333,f,13
FuelCellPart,-1122613,1091626,16268,f,13
FuelCellPart,-1113076,1090347,22475,f,13
RhyolitePickup,-1091446,1098962,16594,f,13
BrittleBush,-1124733,1069751,16445,f,13
FuelCellWreckage,-1122630,1091604,16266,f,13
ScrapMetalPart,-1087592,1100841,17506,f,13
ScrapMetalWreckage,-1133852,1075532,15560,f,13
AzuritePickup,-1088612,1098564,17563,f,13
ScrapMetalPart,-1106597,1098026,16633,f,13
AzuritePickup,-1085552,1101058,17755,f,13
ScrapMetalWreckage,-1123314,1092300,16132,f,13
RhyolitePickup,-1062442,1035287,18099,f,13
AzuritePickup,-1081864,1013661,18482,f,13
FuelCellWreckage,-1028520,1024210,20805,f,13
AzuritePickup,-1083825,1010476,18342,f,13
ScrapMetalPart,-1040117,1031916,22184,f,13
ScrapMetalWreckage,-1088522,1003224,18745,f,13
ScrapMetalPart,-1034641,1028336,21363,f,13
FuelCellWreckage,-1028746,1025061,20933,f,13
BrittleBush,-1048787,1041477,22182,f,13
AzuritePickup,-1090126,1001953,18615,f,13
BrittleBush,-1062125,1036484,18464,f,13
FuelCellPart,-1039335,1027974,21874,f,13
RhyolitePickup,-1076338,1023351,16918,f,13
BauxitePickup,-1041543,1013081,18233,f,13
ScrapMetalPart,-1048990,1034662,22941,f,13
ScrapMetalWreckage,-1083045,1009188,17915,f,13
ScrapMetalPart,-1033942,1027942,21246,f,13
ScrapMetalWreckage,-1030303,1032096,22507,f,13
FuelCellPart,-1041983,1038189,23032,f,13
AzuritePickup,-1043609,1041758,23953,f,13
FuelCellPart,-1036138,1018870,18735,f,13
RhyolitePickup,-1076196,1020126,16826,f,13
ScrapMetalPart,-1042861,1019865,17610,f,13
ScrapMetalPart,-1038947,1015799,18107,f,13
ScrapMetalPart,-1076082,1022513,16853,f,13
ScrapMetalPart,-1031877,1040322,31215,f,13
ScrapMetalPart,-1076066,1016249,16818,f,13
ScrapMetalWreckage,-1035167,1016655,18727,f,13
BrittleBush,-1044470,1018417,17485,f,13
ScrapMetalPart,-1026883,1029244,21273,f,13
ScrapMetalWreckage,-1085958,1010260,19331,f,13
RhyolitePickup,-1042725,1017851,17283,f,13
FuelCellPart,-1035192,1018599,18840,f,13
ScrapMetalPart,-1031617,1021136,20004,f,13
BauxiteOre,-1041893,1013296,18274,f,13
FuelCellPart,-1039810,1032488,22092,f,13
ScrapMetalWreckage,-1082006,1012725,18337,f,13
BrittleBush,-1060752,1030313,17753,f,13
ScrapMetalWreckage,-1043587,1041276,23772,f,13
FuelCellPart,-1060846,1030748,17687,f,13
FuelCellPart,-1039262,1016298,17958,f,13
AzuritePickup,-1040840,1019076,17497,f,13
ScrapMetalPart,-1069581,1029255,17055,f,13
RhyolitePickup,-1071578,1032366,17425,f,13
FuelCellPart,-1028751,1024130,20753,f,13
FuelCellPart,-1032472,1032145,22555,f,13
RhyolitePickup,-1076228,1026235,16810,f,13
ScrapMetalPart,-1034900,1016662,18751,f,13
ScrapMetalWreckage,-1069842,1029311,17060,f,13
ScrapMetalWreckage,-1034824,1024586,21259,f,13
FuelCellPart,-1041043,1038373,23024,f,13
ScrapMetalPart,-1034695,1024692,21250,f,13
ScrapMetalPart,-1039772,1039229,23202,f,13
ScrapMetalPart,-1040455,1039082,23173,f,13
ScrapMetalPart,-1076399,1022242,17007,f,13
FuelCellPart,-1034826,1019038,19047,f,13
ScrapMetalPart,-1029466,1029812,21295,f,13
FuelCellPart,-1034616,1032333,22057,f,13
ScrapMetalPart,-1041432,1039214,23205,f,13
ScrapMetalWreckage,-1040626,1039276,23213,f,13
ScrapMetalWreckage,-1047043,1030382,23284,f,13
ScrapMetalPart,-1040391,1038168,22977,f,13
RhyolitePickup,-1046630,1030447,23252,f,13
AzuritePickup,-1038722,1028013,21714,f,13
ScrapMetalPart,-1030868,1027745,20967,f,13
ScrapMetalWreckage,-1040402,1038172,22986,f,13
RhyolitePickup,-1029367,1025033,20766,f,13
ScrapMetalPart,-1088744,1003215,18768,f,13
ScrapMetalWreckage,-1046199,1030796,23201,f,13
AzuritePickup,-1085827,1003113,18578,f,13
RhyolitePickup,-1079603,1014047,17662,f,13
ScrapMetalPart,-1040836,1040162,23409,f,13
ScrapMetalPart,-1088524,1002863,18636,f,13
ScrapMetalWreckage,-1040232,1031671,22212,f,13
FuelCellPart,-1075748,1026188,16596,f,13
ScrapMetalWreckage,-1048139,1039602,22347,f,13
ScrapMetalPart,-1076282,1020923,16914,f,13
ScrapMetalWreckage,-1041290,1038988,23156,f,13
ScrapMetalPart,-1085578,1008512,18995,f,13
ScrapMetalWreckage,-1075910,1022713,16796,f,13
ScrapMetalPart,-1083269,1009329,18020,f,13
ScrapMetalPart,-1043564,1040998,23697,f,13
ScrapMetalPart,-1087710,1004884,19169,f,13
ScrapMetalPart,-1030544,1032197,22589,f,13
ScrapMetalPart,-1032793,1028349,21321,f,13
ScrapMetalWreckage,-1040779,1040170,23418,f,13
FuelCellPart,-1039205,1019025,17891,f,13
ScrapMetalWreckage,-1087486,1006645,19511,f,13
ScrapMetalPart,-1084738,1007641,18594,f,13
TitaniumPickup,-1044865,1018968,17725,f,13
ScrapMetalWreckage,-1030766,1027605,20944,f,13
ScrapMetalPart,-1040814,1041080,23635,f,13
AzuritePickup,-1043632,1040245,23562,f,13
ScrapMetalWreckage,-1036501,1030008,21743,f,13
FuelCellPart,-1028486,1025131,20974,f,13
FuelCellPart,-1085087,1007777,18745,f,13
ScrapMetalPart,-1081893,1012988,18353,f,13
ScrapMetalPart,-1047953,1039411,22368,f,13
AzuritePickup,-1083000,1009597,17923,f,13
BrittleBush,-1039213,1030571,21858,f,13
ScrapMetalPart,-1062873,1034020,17684,f,13
ScrapMetalPart,-1070013,1029619,17083,f,13
ScrapMetalPart,-1087624,1006411,19509,f,13
ScrapMetalPart,-1045937,1030764,23146,f,13
BrittleBush,-1061903,1032557,17523,f,13
FuelCellPart,-1035572,1016203,18657,f,13
ScrapMetalPart,-1082581,1010136,17839,f,13
ScrapMetalWreckage,-1085676,1008259,19009,f,13
ScrapMetalWreckage,-1034676,1028486,21384,f,13
RhyolitePickup,-1035883,1030358,21735,f,13
FuelCellPart,-1071125,1033015,17356,f,13
ScrapMetalWreckage,-1082575,1010124,17821,f,13
ScrapMetalWreckage,-1087968,1004809,19184,f,13
RhyolitePickup,-1088056,1002982,18638,f,13
RhyolitePickup,-1050757,1034551,23338,f,13
ScrapMetalWreckage,-1076333,1021973,16983,f,13
AzuritePickup,-1082206,1007934,17615,f,13
AzuritePickup,-1049015,1036582,22876,f,13
FuelCellPart,-1088264,1007768,19964,f,13
ScrapMetalPart,-1036746,1029890,21726,f,13
ScrapMetalWreckage,-1031394,1020993,19980,f,13
BrittleBush,-1038619,1040103,23527,f,13
RhyolitePickup,-1095124,1040689,17450,f,13
ScrapMetalPart,-1075466,1043595,17865,f,13
ScrapMetalWreckage,-1063708,1049897,20817,f,13
FuelCellPart,-1083697,1055149,15885,f,13
ScrapMetalPart,-1077910,1058558,18920,f,13
BauxitePickup,-1090848,1031684,20410,f,13
FuelCellPart,-1071938,1062120,20794,f,13
ScrapMetalPart,-1069259,1040270,18200,f,13
ScrapMetalPart,-1061993,1061979,23012,f,13
RhyolitePickup,-1061928,1062309,23102,f,13
RhyolitePickup,-1076149,1061769,19976,f,13
ScrapMetalPart,-1065635,1058146,22007,f,13
ScrapMetalPart,-1087126,1030702,19926,f,13
ScrapMetalPart,-1075791,1052840,18326,f,13
ScrapMetalPart,-1084689,1042148,16512,f,13
FuelCellPart,-1088461,1041497,16546,f,13
ScrapMetalWreckage,-1075279,1058869,19677,f,13
ScrapMetalWreckage,-1063117,1064708,23222,f,13
AzuritePickup,-1062282,1040356,19115,f,13
BrittleBush,-1054910,1045138,21218,f,13
ScrapMetalPart,-1073013,1057681,19692,f,13
ScrapMetalPart,-1069640,1039760,18042,f,13
ScrapMetalWreckage,-1058803,1045959,20796,f,13
ScrapMetalWreckage,-1075068,1052219,18372,f,13
FuelCellWreckage,-1089437,1044350,16285,f,13
ScrapMetalWreckage,-1095856,1040313,17627,f,13
RhyolitePickup,-1075489,1052581,18357,f,13
ScrapMetalPart,-1066534,1040788,18479,f,13
FuelCellPart,-1078640,1058243,18752,f,13
FuelCellPart,-1057450,1051237,21937,f,13
FuelCellPart,-1097106,1046088,16162,f,13
BauxiteOre,-1090866,1031630,20418,f,13
AzuritePickup,-1095730,1044852,16288,f,13
FuelCellWreckage,-1088371,1041760,16566,f,13
ScrapMetalWreckage,-1072876,1056337,19704,f,13
ScrapMetalPart,-1064396,1043070,19062,f,13
RhyolitePickup,-1063142,1062161,22824,f,13
ScrapMetalPart,-1082003,1051906,17263,f,13
FuelCellWreckage,-1063636,1066252,23239,f,13
AzuritePickup,-1055253,1057668,23162,f,13
ScrapMetalWreckage,-1057093,1044449,21048,f,13
ScrapMetalPart,-1063370,1064805,23160,f,13
ScrapMetalPart,-1070115,1041215,18157,f,13
ScrapMetalPart,-1064754,1045453,19505,f,13
ScrapMetalPart,-1086769,1031847,19570,f,13
ScrapMetalPart,-1064579,1063825,22725,f,13
FuelCellPart,-1089264,1044147,16337,f,13
TitaniumPickup,-1106084,1016868,21300,f,13
AzuritePickup,-1067937,1057531,21446,f,13
StravidiumOre,-1101277,1011570,21173,f,13
ScrapMetalPart,-1100816,1038430,18241,f,13
FuelCellPart,-1058000,1052581,21998,f,13
AzuritePickup,-1053781,1060584,24044,f,13
ScrapMetalWreckage,-1064088,1042701,18995,f,13
ScrapMetalPart,-1092865,1041871,17188,f,13
RhyolitePickup,-1074773,1041508,17786,f,13
BrittleBush,-1062129,1041489,19401,f,13
FuelCellPart,-1074931,1059359,19748,f,13
ScrapMetalPart,-1072551,1058805,19978,f,13
ScrapMetalPart,-1056430,1057788,23079,f,13
ScrapMetalWreckage,-1078182,1059812,19046,f,13
ScrapMetalWreckage,-1057986,1044671,20940,f,13
ScrapMetalWreckage,-1094865,1038216,18596,f,13
ScrapMetalPart,-1093237,1033429,20168,f,13
ScrapMetalPart,-1054988,1058733,23411,f,13
RhyolitePickup,-1076761,1051019,17901,f,13
RhyolitePickup,-1082512,1035143,19155,f,13
RhyolitePickup,-1075954,1047686,17836,f,13
AzuritePickup,-1062314,1045238,20016,f,13
ScrapMetalPart,-1070067,1041044,18136,f,13
ScrapMetalPart,-1072673,1056515,19778,f,13
BrittleBush,-1097878,1034940,19848,f,13
TitaniumOre,-1081890,1052912,18012,f,13
FuelCellPart,-1092115,1034834,20023,f,13
ScrapMetalWreckage,-1066354,1040747,18504,f,13
FuelCellPart,-1099304,1042247,17368,f,13
FuelCellPart,-1073301,1058663,19836,f,13
FuelCellPart,-1106772,1017078,21306,f,13
ScrapMetalWreckage,-1077763,1058384,18916,f,13
RhyolitePickup,-1074647,1048736,18114,f,13
ScrapMetalPart,-1058720,1046211,20841,f,13
AzuritePickup,-1077762,1055703,18423,f,13
ScrapMetalWreckage,-1089284,1030981,20125,f,13
ScrapMetalWreckage,-1100601,1038400,18254,f,13
ScrapMetalWreckage,-1075203,1043575,17917,f,13
BrittleBush,-1089554,1051133,15675,f,13
RhyolitePickup,-1053901,1060995,24045,f,13
FuelCellWreckage,-1074828,1047422,17988,f,13
ScrapMetalWreckage,-1069801,1048468,19132,f,13
AzuritePickup,-1091565,1033445,20142,f,13
AzuritePickup,-1074373,1046153,17926,f,13
ScrapMetalPart,-1069879,1048347,19118,f,13
FuelCellWreckage,-1057255,1051260,22001,f,13
BrittleBush,-1097546,1034380,20111,f,13
ScrapMetalPart,-1067952,1057928,21441,f,13
ScrapMetalWreckage,-1067481,1042124,18515,f,13
ScrapMetalWreckage,-1081894,1051961,17293,f,13
ScrapMetalWreckage,-1092002,1042428,17125,f,13
ScrapMetalPart,-1074391,1047955,18087,f,13
ScrapMetalWreckage,-1063183,1049373,20718,f,13
RhyolitePickup,-1068238,1061233,21704,f,13
TitaniumOre,-1087052,1016841,28061,f,13
ScrapMetalPart,-1075186,1059126,19733,f,13
ScrapMetalWreckage,-1072887,1057442,19725,f,13
ScrapMetalPart,-1084748,1042740,16531,f,13
ScrapMetalWreckage,-1070243,1041454,18158,f,13
ScrapMetalPart,-1063615,1049758,20801,f,13
ScrapMetalWreckage,-1090301,1043954,16505,f,13
ScrapMetalWreckage,-1054825,1058516,23409,f,13
ScrapMetalPart,-1067486,1042342,18525,f,13
TitaniumPickup,-1081553,1052650,17907,f,13
FuelCellPart,-1057445,1053813,22355,f,13
AzuritePickup,-1088609,1040963,16592,f,13
ScrapMetalPart,-1063085,1050520,21098,f,13
RhyolitePickup,-1073912,1061033,20240,f,13
FuelCellPart,-1072935,1058442,19810,f,13
ScrapMetalPart,-1062912,1049408,20739,f,13
ScrapMetalPart,-1058184,1052279,21881,f,13
ScrapMetalPart,-1062954,1040902,19002,f,13
ScrapMetalWreckage,-1073140,1058150,19734,f,13
BrittleBush,-1082846,1027134,19563,f,13
FuelCellPart,-1089892,1032717,20038,f,13
ScrapMetalPart,-1058467,1050701,21551,f,13
ScrapMetalWreckage,-1068391,1042798,18636,f,13
ScrapMetalPart,-1094766,1037962,18678,f,13
ScrapMetalWreckage,-1072760,1058972,19942,f,13
ScrapMetalWreckage,-1065569,1058405,22019,f,13
ScrapMetalWreckage,-1092598,1041916,17217,f,13
FuelCellPart,-1096886,1016173,28858,f,13
ScrapMetalPart,-1096033,1040461,17555,f,13
FuelCellWreckage,-1063351,1041306,18940,f,13
AzuritePickup,-1072658,1041628,18054,f,13
ScrapMetalPart,-1090051,1044053,16431,f,13
AzuritePickup,-1059361,1048690,21086,f,13
BauxiteOre,-1094194,1023635,28873,f,13
RhyolitePickup,-1071737,1053854,19736,f,13
ScrapMetalWreckage,-1067270,1057786,21632,f,13
RhyolitePickup,-1105520,1016725,21300,f,13
AzuritePickup,-1055322,1044937,21191,f,13
AzuritePickup,-1072418,1055439,19823,f,13
ScrapMetalWreckage,-1069433,1039927,18107,f,13
ScrapMetalPart,-1063997,1042560,18989,f,13
TitaniumOre,-1105797,1017161,21300,f,13
FuelCellPart,-1062808,1065439,23452,f,13
ScrapMetalPart,-1075174,1052095,18340,f,13
ScrapMetalPart,-1078164,1059806,19083,f,13
BrittleBush,-1095096,1035291,19618,f,13
TitaniumPickup,-1086604,1016483,27924,f,13
ScrapMetalPart,-1087726,1041014,16784,f,13
FuelCellPart,-1084795,1054625,15538,f,13
ScrapMetalWreckage,-1086500,1031836,19545,f,13
RhyolitePickup,-1088255,1035268,19398,f,13
ScrapMetalWreckage,-1075790,1052845,18325,f,13
BrittleBush,-1057623,1043743,20850,f,13
ScrapMetalWreckage,-1087975,1041127,16707,f,13
FuelCellPart,-1074666,1047472,18034,f,13
AzuritePickup,-1063727,1063220,22807,f,13
RhyolitePickup,-1058626,1049486,21316,f,13
RhyolitePickup,-1079611,1057055,18263,f,13
RhyolitePickup,-1089119,1053455,15711,f,13
AzuritePickup,-1069610,1047566,19118,f,13
FuelCellPart,-1063634,1064517,23024,f,13
ScrapMetalWreckage,-1087016,1030844,19858,f,13
FuelCellWreckage,-1074555,1044884,17972,f,13
ScrapMetalPart,-1073109,1057882,19691,f,13
ScrapMetalPart,-1058023,1044400,20917,f,13
FuelCellPart,-1063351,1041287,18939,f,13
ScrapMetalWreckage,-1084826,1042551,16479,f,13
BasaltOre,-1094553,1017136,29103,f,13
StravidiumPickup,-1101561,1011680,21172,f,13
ScrapMetalWreckage,-1101218,1038115,18389,f,13
ScrapMetalWreckage,-1058346,1050515,21552,f,13
ScrapMetalPart,-1085020,1035290,19311,f,13
ScrapMetalWreckage,-1067939,1058104,21441,f,13
ScrapMetalPart,-1079744,1027332,18315,f,13
FuelCellPart,-1063630,1066266,23247,f,13
FuelCellPart,-1074767,1044712,17949,f,13
BasaltPickup,-1094753,1016759,29040,f,13
ScrapMetalWreckage,-1093179,1033512,20137,f,13
ScrapMetalPart,-1057045,1044584,21055,f,13
ScrapMetalPart,-1089478,1031164,20099,f,13
ScrapMetalPart,-1057450,1044265,20968,f,13
ScrapMetalPart,-1068456,1042540,18665,f,13
AzuritePickup,-1109435,1030481,21219,f,13
BrittleBush,-1106409,1028428,22648,f,13
AzuritePickup,-1109462,1033918,19795,f,13
TitaniumOre,-1108751,1007919,35526,f,13
TitaniumPickup,-1113264,1019440,23457,f,13
ScrapMetalPart,-1111631,1035313,19424,f,13
RhyolitePickup,-1106666,1028949,22457,f,13
RhyolitePickup,-1109076,1034463,19608,f,13
ScrapMetalWreckage,-1108201,1030350,21390,f,13
ScrapMetalPart,-1111544,1022400,21515,f,13
BauxitePickup,-1110740,1018712,21658,f,13
ScrapMetalWreckage,-1109882,1023280,21446,f,13
ScrapMetalPart,-1097444,1046454,16130,f,13
FuelCellWreckage,-1106695,1001558,24840,f,13
ScrapMetalPart,-1109682,1023314,21489,f,13
ScrapMetalPart,-1108187,1030080,21504,f,13
ScrapMetalWreckage,-1106258,1035393,19529,f,13
TitaniumPickup,-1108616,1007442,35512,f,13
FuelCellPart,-1093782,1005478,20610,f,13
ScrapMetalWreckage,-1106674,1035872,19306,f,13
ScrapMetalPart,-1109410,1040840,17517,f,13
AzuritePickup,-1103292,1038379,18269,f,13
ScrapMetalPart,-1108401,1034413,19682,f,13
ScrapMetalPart,-1106845,1035880,19297,f,13
ScrapMetalWreckage,-1111617,1022612,21504,f,13
ScrapMetalPart,-1102660,1007682,21335,f,13
TitaniumOre,-1113379,1019834,23456,f,13
AzuritePickup,-1106267,1035830,19331,f,13
ScrapMetalWreckage,-1105778,1037014,18864,f,13
ScrapMetalPart,-1110684,1028735,21486,f,13
ScrapMetalPart,-1109965,1023935,21597,f,13
ScrapMetalWreckage,-1110956,1028700,21437,f,13
RhyolitePickup,-1108898,1016995,21430,f,13
RhyolitePickup,-1100000,1010040,21173,f,13
ScrapMetalWreckage,-1107578,1030740,21307,f,13
ScrapMetalPart,-1111827,1036194,19223,f,13
ScrapMetalPart,-1107493,1039984,17767,f,13
ScrapMetalWreckage,-1099973,1043853,16974,f,13
AzuritePickup,-1111053,1035963,19266,f,13
ScrapMetalPart,-1099935,1044014,16931,f,13
FuelCellPart,-1111059,1029197,21363,f,13
ScrapMetalPart,-1085012,1060171,15109,f,13
FuelCellPart,-1111019,1037151,18989,f,13
FuelCellPart,-1099923,1001625,21197,f,13
FuelCellPart,-1106457,1001683,24828,f,13
RhyolitePickup,-1110294,1030002,21272,f,13
ScrapMetalPart,-1100034,1043427,17123,f,13
BauxiteOre,-1111018,1019032,21703,f,13
FuelCellPart,-1091666,1059533,15304,f,13
ScrapMetalPart,-1106525,1035433,19497,f,13
ScrapMetalPart,-1102229,1039596,17807,f,13
ScrapMetalPart,-1110652,1025422,21664,f,13
FuelCellPart,-1111497,1035768,19312,f,13
ScrapMetalWreckage,-1107529,1040196,17689,f,13
ScrapMetalPart,-1107844,1030732,21284,f,13
BrittleBush,-1110688,1020849,21461,f,13
BrittleBush,-1110509,1018274,21622,f,13
ScrapMetalPart,-1095048,1074497,16248,f,13
ScrapMetalPart,-1107524,1078038,20673,f,13
ScrapMetalPart,-1096860,1083426,19386,f,13
RhyolitePickup,-1120039,1067628,16257,f,13
ScrapMetalWreckage,-1113494,1074724,19762,f,13
TitaniumPickup,-1098938,1072743,19411,f,13
FuelCellPart,-1103909,1066983,18660,f,13
RhyoliteOre,-1125512,1065795,16021,f,13
RhyolitePickup,-1112181,1036520,19161,f,13
ScrapMetalPart,-1103317,1077364,20928,f,13
ScrapMetalWreckage,-1102963,1059243,17133,f,13
ScrapMetalPart,-1114898,1069796,18562,f,13
ScrapMetalWreckage,-1110695,1075570,19986,f,13
ScrapMetalWreckage,-1127973,1044632,18088,f,13
ScrapMetalPart,-1118588,1061963,15111,f,13
ScrapMetalWreckage,-1114937,1070060,18552,f,13
FuelCellWreckage,-1110149,1071624,19443,f,13
BrittleBush,-1075807,1085125,17607,f,13
ScrapMetalPart,-1119616,1070148,17661,f,13
BrittleBush,-1097192,1071827,17213,f,13
BauxitePickup,-1101159,1070664,19981,f,13
FuelCellPart,-1076193,1080264,16815,f,13
BauxiteOre,-1118211,1070968,18203,f,13
ScrapMetalWreckage,-1089957,1079442,15455,f,13
RhyolitePickup,-1106818,1058756,16022,f,13
ScrapMetalPart,-1076163,1080697,16825,f,13
RhyolitePickup,-1075638,1084592,17680,f,13
ScrapMetalPart,-1114362,1064497,16449,f,13
RhyolitePickup,-1125411,1066110,16071,f,13
AzuritePickup,-1076015,1085611,17554,f,13
ScrapMetalPart,-1102632,1056602,15616,f,13
ScrapMetalPart,-1116088,1036142,19620,f,13
BrittleBush,-1116955,1069527,18230,f,13
AzuritePickup,-1077240,1084285,17083,f,13
ScrapMetalWreckage,-1118338,1062068,15154,f,13
ScrapMetalWreckage,-1116474,1064328,15853,f,13
AzuritePickup,-1089942,1080739,15586,f,13
ScrapMetalPart,-1103221,1059170,17121,f,13
ScrapMetalPart,-1092635,1085723,17236,f,13
TitaniumPickup,-1102559,1069013,19296,f,13
FuelCellPart,-1127341,1037387,21243,f,13
RhyolitePickup,-1097438,1079295,19122,f,13
ScrapMetalPart,-1113661,1074897,19807,f,13
ScrapMetalPart,-1076979,1080203,16783,f,13
ScrapMetalPart,-1102464,1063947,16564,f,13
ScrapMetalPart,-1076330,1084362,17474,f,13
FuelCellPart,-1095947,1072759,16860,f,13
AzuritePickup,-1125003,1068107,16133,f,13
AzuritePickup,-1112156,1075807,19979,f,13
AzuritePickup,-1102348,1077382,20876,f,13
AzuritePickup,-1077516,1086036,17287,f,13
ScrapMetalPart,-1097331,1085912,20274,f,13
FuelCellWreckage,-1104544,1067979,19492,f,13
AzuriteOre,-1109631,1063992,17276,f,13
AzuritePickup,-1090308,1080350,15528,f,13
FuelCellPart,-1113075,1073136,19422,f,13
ScrapMetalPart,-1079520,1087189,16859,f,13
RhyolitePickup,-1076854,1083411,17086,f,13
FuelCellPart,-1089732,1078250,15448,f,13
AzuritePickup,-1077296,1082330,16842,f,13
RhyolitePickup,-1077521,1081465,16803,f,13
ScrapMetalPart,-1095338,1080314,18891,f,13
FuelCellPart,-1077651,1083826,16921,f,13
ScrapMetalPart,-1076802,1081516,16819,f,13
BasaltOre,-1112143,1067693,18680,f,13
RhyolitePickup,-1078438,1082158,16829,f,13
ScrapMetalPart,-1108730,1080116,21155,f,13
ScrapMetalPart,-1121879,1068538,16533,f,13
ScrapMetalPart,-1120649,1039984,18925,f,13
TitaniumOre,-1098750,1072690,19410,f,13
FuelCellPart,-1122124,1067959,16284,f,13
ScrapMetalPart,-1128289,1043549,18536,f,13
ScrapMetalWreckage,-1112777,1040951,17786,f,13
ScrapMetalWreckage,-1106215,1069690,19294,f,13
FuelCellPart,-1077194,1083898,17047,f,13
FuelCellPart,-1115009,1063680,15851,f,13
FuelCellPart,-1113738,1036145,19374,f,13
ScrapMetalWreckage,-1118148,1065878,15865,f,13
ScrapMetalPart,-1114555,1040709,18001,f,13
BrittleBush,-1095817,1074999,16377,f,13
ScrapMetalWreckage,-1112006,1036210,19226,f,13
ScrapMetalPart,-1077628,1082322,16832,f,13
TitaniumOre,-1102916,1069034,19255,f,13
RhyolitePickup,-1126399,1044127,18222,f,13
BrittleBush,-1096407,1076322,16676,f,13
ScrapMetalPart,-1100316,1081160,19620,f,13
BrittleBush,-1100552,1076745,18021,f,13
ScrapMetalWreckage,-1095067,1074509,16249,f,13
AzuritePickup,-1094175,1082278,18381,f,13
ScrapMetalPart,-1103595,1058108,15879,f,13
ScrapMetalWreckage,-1075813,1083019,17440,f,13
ScrapMetalWreckage,-1116781,1062362,15604,f,13
FuelCellPart,-1111658,1080497,20546,f,13
AzuriteOre,-1102154,1076994,20898,f,13
ScrapMetalPart,-1102314,1059139,16995,f,13
BauxiteOre,-1101175,1070271,19947,f,13
ScrapMetalWreckage,-1102777,1056833,15698,f,13
FuelCellPart,-1076437,1080516,16805,f,13
ScrapMetalWreckage,-1113451,1040642,17960,f,13
BauxitePickup,-1117886,1071241,18298,f,13
RhyoliteOre,-1103083,1076030,20926,f,13
ScrapMetalPart,-1118572,1065654,15833,f,13
BrittleBush,-1100893,1080737,19511,f,13
ScrapMetalPart,-1111076,1075952,20049,f,13
ScrapMetalPart,-1127962,1044463,18158,f,13
ScrapMetalWreckage,-1080073,1083471,16318,f,13
ScrapMetalPart,-1114789,1074677,19788,f,13
ScrapMetalWreckage,-1102342,1064190,16560,f,13
FuelCellPart,-1098844,1067847,16431,f,13
FuelCellPart,-1115511,1036363,19486,f,13
ScrapMetalWreckage,-1108767,1079897,21077,f,13
RhyolitePickup,-1080618,1088212,16775,f,13
FuelCellPart,-1100843,1057887,15325,f,13
FuelCellPart,-1118359,1065306,15835,f,13
ScrapMetalPart,-1103158,1072892,19197,f,13
StravidiumOre,-1095740,1079656,18817,f,13
ScrapMetalWreckage,-1076541,1081569,16854,f,13
AzuriteOre,-1082265,1084082,16560,f,13
AzuritePickup,-1091120,1086728,16536,f,13
AzuritePickup,-1093296,1076912,15886,f,13
ScrapMetalPart,-1113211,1040768,17891,f,13
ScrapMetalPart,-1118431,1070361,18024,f,13
ScrapMetalPart,-1112131,1065224,17712,f,13
ScrapMetalWreckage,-1105854,1068864,19258,f,13
AzuritePickup,-1107883,1064734,18605,f,13
FuelCellPart,-1101190,1070974,19990,f,13
ScrapMetalWreckage,-1114296,1040774,17963,f,13
ScrapMetalWreckage,-1118805,1065788,15834,f,13
ScrapMetalPart,-1100917,1065268,16541,f,13
ScrapMetalWreckage,-1092448,1085534,17209,f,13
ScrapMetalWreckage,-1103575,1058076,15875,f,13
RhyolitePickup,-1076806,1085954,17544,f,13
ScrapMetalWreckage,-1077730,1082449,16832,f,13
AzuritePickup,-1128249,1044083,18330,f,13
ScrapMetalWreckage,-1103211,1077531,20920,f,13
ScrapMetalPart,-1080154,1083199,16285,f,13
RhyolitePickup,-1124736,1042527,18677,f,13
FuelCellPart,-1115958,1070649,18399,f,13
ScrapMetalPart,-1106451,1069824,19288,f,13
AzuritePickup,-1109571,1074150,19714,f,13
ScrapMetalWreckage,-1126031,1043552,18382,f,13
ScrapMetalPart,-1106705,1077040,20816,f,13
ScrapMetalWreckage,-1122106,1068616,16522,f,13
ScrapMetalPart,-1111844,1075637,19950,f,13
ScrapMetalWreckage,-1112052,1075474,19907,f,13
RhyolitePickup,-1118950,1066224,15928,f,13
FuelCellWreckage,-1096145,1072877,16898,f,13
ScrapMetalPart,-1116484,1064057,15883,f,13
ScrapMetalPart,-1109293,1073577,19634,f,13
ScrapMetalWreckage,-1133610,1039172,20961,f,13
RhyolitePickup,-1103226,1076415,20924,f,13
BrittleBush,-1093699,1085299,17675,f,13
FuelCellWreckage,-1125419,1038576,20520,f,13
BrittleBush,-1110402,1069553,18794,f,13
ScrapMetalWreckage,-1106719,1077316,20789,f,13
ScrapMetalPart,-1076228,1085310,17574,f,13
FuelCellPart,-1110411,1071702,19434,f,13
ScrapMetalWreckage,-1130454,1048541,16615,f,13
FuelCellPart,-1125315,1038820,20453,f,13
ScrapMetalWreckage,-1100911,1065267,16543,f,13
RhyolitePickup,-1100810,1070541,19963,f,13
FuelCellPart,-1114473,1073690,19353,f,13
AzuritePickup,-1116396,1070102,18276,f,13
TitaniumPickup,-1126385,1040548,20716,f,13
ScrapMetalPart,-1121052,1067769,16348,f,13
ScrapMetalPart,-1080021,1084588,16469,f,13
BrittleBush,-1078267,1088082,17044,f,13
FuelCellPart,-1075906,1083943,17583,f,13
FuelCellPart,-1104543,1067951,19484,f,13
RhyolitePickup,-1114196,1072895,19157,f,13
FuelCellPart,-1113887,1040907,17892,f,13
ScrapMetalPart,-1126105,1043814,18319,f,13
ScrapMetalPart,-1079032,1087479,16947,f,13
ScrapMetalPart,-1110722,1075588,19987,f,13
BrittleBush,-1099482,1075170,17959,f,13
ScrapMetalPart,-1116566,1062420,15670,f,13
ScrapMetalWreckage,-1076261,1084096,17461,f,13
ScrapMetalWreckage,-1096914,1083690,19464,f,13
FuelCellWreckage,-1111822,1037377,18935,f,13
TitaniumOre,-1125982,1040472,20758,f,13
AzuritePickup,-1114132,1073525,19332,f,13
AzuritePickup,-1082402,1083976,16565,f,13
ScrapMetalPart,-1112544,1040935,17770,f,13
ScrapMetalWreckage,-1076120,1080837,16835,f,13
FuelCellPart,-1121545,1041113,18722,f,13
FuelCellPart,-1111575,1037375,18947,f,13
ScrapMetalWreckage,-1078810,1087329,16987,f,13
ScrapMetalPart,-1133583,1038910,21048,f,13
FuelCellPart,-1102586,1063748,16537,f,13
AzuritePickup,-1110227,1073266,19765,f,13
RhyolitePickup,-1118713,1062141,15125,f,13
BasaltPickup,-1111893,1068021,18762,f,13
AzuritePickup,-1117812,1065939,15859,f,13
FuelCellWreckage,-1118486,1065061,15840,f,13
ScrapMetalPart,-1103669,1066538,18640,f,13
FuelCellWreckage,-1115019,1063696,15841,f,13
TitaniumPickup,-1103822,1055208,18046,f,13
BrittleBush,-1080674,1087771,16713,f,13
ScrapMetalWreckage,-1121175,1067550,16267,f,13
RhyolitePickup,-1097410,1084106,19766,f,13
AzuritePickup,-1110968,1071399,19312,f,13
ScrapMetalPart,-1089818,1079471,15469,f,13
ScrapMetalWreckage,-1128065,1043588,18488,f,13
AzuritePickup,-1094310,1084427,18065,f,13
ScrapMetalPart,-1096138,1079757,18889,f,13
AzuriteOre,-1108061,1064367,18589,f,13
AzuritePickup,-1131037,1047093,17267,f,13
ScrapMetalWreckage,-1097792,1095737,17060,f,13
ScrapMetalPart,-1109271,1101274,18041,f,13
FuelCellPart,-1092613,1099602,16217,f,13
ScrapMetalPart,-1085981,1102112,17813,f,13
RhyoliteOre,-1108711,1086963,19357,f,13
AzuritePickup,-1089107,1098826,17357,f,13
RhyolitePickup,-1116645,1086999,20150,f,13
StravidiumOre,-1132802,1073677,15586,f,13
FuelCellPart,-1088086,1101030,17386,f,13
ScrapMetalPart,-1133143,1075748,15625,f,13
ScrapMetalPart,-1134853,1078400,15870,f,13
ScrapMetalPart,-1085942,1101283,17722,f,13
FuelCellPart,-1083896,1094856,17310,f,13
FuelCellPart,-1086449,1102102,17681,f,13
RhyoliteOre,-1107907,1085478,19359,f,13
FuelCellPart,-1116811,1087842,20167,f,13
ScrapMetalPart,-1123166,1092077,16173,f,13
ScrapMetalWreckage,-1090300,1102603,16845,f,13
ScrapMetalPart,-1113314,1089947,22495,f,13
ScrapMetalPart,-1084122,1095972,17450,f,13
ScrapMetalPart,-1083134,1096586,17495,f,13
RhyolitePickup,-1135746,1079013,16022,f,13
FuelCellWreckage,-1119818,1087983,17706,f,13
AzuritePickup,-1090198,1101280,16875,f,13
RhyolitePickup,-1124057,1093383,15975,f,13
ScrapMetalPart,-1132036,1074431,15378,f,13
FuelCellPart,-1134381,1078091,15838,f,13
TitaniumPickup,-1125779,1090743,15995,f,13
AzuritePickup,-1087920,1101304,17407,f,13
FuelCellWreckage,-1086319,1101858,17686,f,13
BasaltPickup,-1118130,1084839,20022,f,13
ScrapMetalWreckage,-1084249,1095910,17435,f,13
ScrapMetalPart,-1131613,1076195,15650,f,13
ScrapMetalPart,-1086512,1097524,18097,f,13
AzuritePickup,-1089589,1101258,17003,f,13
ScrapMetalWreckage,-1090754,1100084,16793,f,13
ScrapMetalPart,-1116662,1085025,20088,f,13
BrittleBush,-1103501,1100593,16429,f,13
AzuritePickup,-1111898,1097336,19357,f,13
AzuritePickup,-1106047,1085079,23353,f,13
ScrapMetalPart,-1111820,1082048,20684,f,13
BasaltPickup,-1131169,1071757,15330,f,13
ScrapMetalPart,-1089560,1099719,17112,f,13
ScrapMetalPart,-1090313,1102618,16846,f,13
BasaltOre,-1125502,1087494,23021,f,13
ScrapMetalWreckage,-1117334,1088655,20089,f,13
ScrapMetalPart,-1089067,1101384,17120,f,13
ScrapMetalPart,-1093775,1099044,16028,f,13
ScrapMetalPart,-1091380,1101051,16659,f,13
ScrapMetalWreckage,-1134905,1078670,15890,f,13
TitaniumPickup,-1111040,1086628,23050,f,13
ScrapMetalWreckage,-1083147,1096861,17525,f,13
BauxitePickup,-1125918,1080632,22925,f,13
BasaltPickup,-1122180,1082830,22925,f,13
FuelCellPart,-1116875,1092211,21569,f,13
ScrapMetalPart,-1091165,1100808,16700,f,13
FuelCellPart,-1086488,1100699,17686,f,13
FuelCellPart,-1119996,1088180,17663,f,13
ScrapMetalWreckage,-850168,1026352,15769,f,11
TitaniumOre,-855345,1026946,15305,f,11
FuelCellPart,-846887,1027346,15756,f,11
AzuritePickup,-839845,993436,17020,f,11
RhyolitePickup,-827607,1015605,15398,f,11
ScrapMetalWreckage,-848572,1029822,15516,f,11
ScrapMetalPart,-836230,1048994,20661,f,11
StravidiumPickup,-826160,1010154,16622,f,11
FuelCellPart,-831744,1008060,15627,f,11
FuelCellPart,-1134242,1070812,15147,f,13
AzuritePickup,-1112573,1097000,19662,f,13
BauxitePickup,-1106064,1090967,23062,f,13
AzuritePickup,-1119514,1083949,19228,f,13
BasaltPickup,-1125575,1087075,22948,f,13
AzuritePickup,-1084958,1101169,17817,f,13
ScrapMetalPart,-1122890,1092595,16124,f,13
FuelCellPart,-1129328,1075032,16047,f,13
RhyolitePickup,-1084918,1094157,17048,f,13
RhyolitePickup,-1133840,1077935,15813,f,13
BauxiteOre,-1125553,1080452,22859,f,13
RhyolitePickup,-1130757,1074908,15622,f,13
ScrapMetalPart,-1085207,1100042,17785,f,13
TitaniumOre,-1125370,1090715,16039,f,13
ScrapMetalWreckage,-1122581,1094600,15900,f,13
BrittleBush,-1129178,1071793,15640,f,13
FuelCellWreckage,-1124578,1086486,22922,f,13
BauxiteOre,-1105716,1090834,23091,f,13
TaxiService,-992239,972498,17048,t,11
TaxiService,-120609,935241,19138,t,65
TaxiService,768375,906401,17730,t,2
Cave,-788252,1006994,17638,t,11
Cave,-792303,1004308,16022,t,11
FuelCellWreckage,-839088,991916,17165,f,11
BasaltOre,-847052,995696,15251,f,11
BrittleBush,-848562,1022307,15641,f,11
ScrapMetalPart,-830575,1007346,15563,f,11
FuelCellPart,-838979,992029,17151,f,11
RhyolitePickup,-831672,1009592,16113,f,11
ScrapMetalWreckage,-831405,1032521,15533,f,11
StravidiumOre,-825747,1010246,16639,f,11
ScrapMetalWreckage,-848360,1027199,15621,f,11
FuelCellPart,-847811,995501,15206,f,11
ScrapMetalPart,-828321,1016110,15390,f,11
ScrapMetalWreckage,-828390,1016265,15315,f,11
FuelCellPart,-827786,1008988,15927,f,11
ScrapMetalWreckage,-832536,1007680,15717,f,11
ScrapMetalPart,-829924,1017369,15138,f,11
ScrapMetalWreckage,-824158,1036476,17812,f,11
ScrapMetalPart,-829125,1014940,15930,f,11
AzuritePickup,-829261,1017288,15190,f,11
BauxiteOre,-823855,1013302,15425,f,11
ScrapMetalWreckage,-829934,1004812,15347,f,11
ScrapMetalPart,-828065,1009145,16023,f,11
BauxitePickup,-824243,1013131,15463,f,11
BrittleBush,-850256,1028022,15721,f,11
ScrapMetalWreckage,-831091,1008303,15812,f,11
ScrapMetalPart,-847991,996647,15189,f,11
AzuritePickup,-828721,1016973,15266,f,11
ScrapMetalPart,-830907,1008097,15793,f,11
ScrapMetalPart,-828538,1005033,15291,f,11
ScrapMetalPart,-828932,1017803,15218,f,11
FuelCellPart,-829616,1018357,15148,f,11
ScrapMetalWreckage,-828570,1041834,19327,f,11
ScrapMetalPart,-841600,987464,15660,f,11
ScrapMetalWreckage,-829723,1017540,15145,f,11
ScrapMetalPart,-849990,1026142,15776,f,11
ScrapMetalPart,-830601,1045459,20069,f,11
ScrapMetalPart,-847507,996073,15210,f,11
ScrapMetalPart,-824305,1036288,17756,f,11
BrittleBush,-853516,1029808,15318,f,11
FuelCellWreckage,-831336,1016981,15229,f,11
ScrapMetalPart,-845950,1027982,15522,f,11
ScrapMetalWreckage,-828929,1017773,15219,f,11
ScrapMetalWreckage,-844739,996142,15512,f,11
BrittleBush,-834148,1013323,15863,f,11
RhyolitePickup,-827756,1007663,15562,f,11
BrittleBush,-850835,1028525,15879,f,11
BrittleBush,-845560,990321,15376,f,11
BrittleBush,-854529,1028284,15390,f,11
AzuritePickup,-849703,1028169,15540,f,11
ScrapMetalWreckage,-828426,1015168,15725,f,11
BrittleBush,-830808,1008828,16062,f,11
AzuritePickup,-829105,1044337,19890,f,11
ScrapMetalPart,-836322,1049468,20813,f,11
AzuritePickup,-847205,997036,15266,f,11
AzuritePickup,-821236,1033363,17486,f,11
BrittleBush,-859661,1035175,16655,f,11
BrittleBush,-892336,1017552,16960,f,11
Ecolab,-898199,1022500,17396,t,11
TitaniumOre,-896091,1018765,19270,f,11
RhyolitePickup,-894856,1016814,19483,f,11
RhyoliteOre,-895075,1016467,19447,f,11
ScrapMetalPart,-896242,1016940,19127,f,11
BrittleBush,-895731,1021212,16394,f,11
NoIcon,-896715,1022086,16696,f,0
ScrapMetalPart,-1091027,1099356,16726,f,13
ScrapMetalPart,-897662,1018436,19031,f,11
TitaniumPickup,-895681,1018786,19287,f,11
ScrapMetalPart,-897585,1017594,19143,f,11
BrittleBush,-897281,1017002,19157,f,11
RhyolitePickup,-897696,1014548,19480,f,11
AzuritePickup,-900656,1019663,20358,f,11
ScrapMetalPart,-905160,1019991,21011,f,11
AzuritePickup,-902840,1019658,20682,f,11
ScrapMetalPart,-902577,1023753,20636,f,11
ScrapMetalWreckage,-901372,1018519,20631,f,11
AzuritePickup,-902556,1019099,20700,f,11
FuelCellPart,-900552,1018990,20422,f,11
FuelCellPart,-904104,1015159,20808,f,11
BrittleBush,-897345,1014570,19450,f,11
StravidiumPickup,-1132580,1073332,15619,f,13
ScrapMetalWreckage,-1126656,1071584,16396,f,13
ScrapMetalPart,-1101765,1090306,16967,f,13
FuelCellWreckage,-1134177,1078230,15808,f,13
ScrapMetalWreckage,-1089569,1099706,17109,f,13
ScrapMetalPart,-894306,1014390,19659,f,11
ScrapMetalPart,-904479,1021810,20965,f,11
RhyolitePickup,-897809,1014073,19479,f,11
BrittleBush,-898315,1013752,19504,f,11
AzuritePickup,-903334,1020292,20685,f,11
ScrapMetalPart,-897180,1016380,19244,f,11
BauxiteOre,-897378,1024114,22189,f,11
BauxitePickup,-897663,1024404,22158,f,11
FuelCellPart,-905369,1016240,21217,f,11
ScrapMetalWreckage,-905013,1015486,20997,f,11
BrittleBush,-898221,1013314,19448,f,11
ScrapMetalPart,-898970,1013233,19496,f,11
FuelCellWreckage,-905526,1016091,21241,f,11
ScrapMetalWreckage,-894182,1014155,19604,f,11
BrittleBush,-1035285,896663,36384,f,13
ScrapMetalPart,-1126400,1071649,16488,f,13
ScrapMetalPart,-1119760,185197,1687,f,17
Ecolab,-1123616,193344,2790,t,17
ScrapMetalPart,-1122053,186264,1683,f,17
FuelCellPart,-1124468,187262,1639,f,17
AzuritePickup,-1122809,187220,1645,f,17
ScrapMetalPart,-1124767,187056,1643,f,17
RhyolitePickup,-1122493,185807,1685,f,17
BauxiteOre,-1126027,195142,7988,f,17
ScrapMetalWreckage,-1127302,193750,4402,f,17
BauxitePickup,-1126092,195548,7985,f,17
ScrapMetalPart,-1126544,196848,5836,f,17
ScrapMetalWreckage,-1131771,190556,5047,f,17
ScrapMetalPart,-1127490,194036,4475,f,17
FuelCellPart,-1126827,198930,6143,f,17
FuelCellPart,-1126936,196927,5865,f,17
BrittleBush,-1132295,193878,4930,f,17
ScrapMetalPart,-1131377,194070,4923,f,17
ScrapMetalWreckage,-1127407,197746,6075,f,17
ScrapMetalWreckage,-1126254,197381,5846,f,17
ScrapMetalPart,-1131536,190680,5103,f,17
ScrapMetalWreckage,-1130440,201387,6440,f,17
ScrapMetalPart,-1127031,193761,4397,f,17
ScrapMetalPart,-1132693,195344,4939,f,17
FuelCellPart,-1130767,200478,6252,f,17
FuelCellPart,-1128986,192616,4570,f,17
BrittleBush,-751208,1035450,18751,f,11
RhyolitePickup,-751055,1034622,18780,f,11
ScrapMetalWreckage,-751864,1035984,18816,f,11
ScrapMetalPart,-751773,1036234,18852,f,11
ScrapMetalPart,-1129147,204176,7254,f,17
FuelCellPart,-1124116,205544,7204,f,17
ScrapMetalPart,-1120324,203707,5684,f,17
ScrapMetalWreckage,-1124010,209580,7320,f,17
BasaltPickup,-1118747,206542,5802,f,17
ScrapMetalPart,-1127859,205076,7270,f,17
FuelCellWreckage,-1125937,202153,6544,f,17
ScrapMetalPart,-1125484,207764,7309,f,17
ScrapMetalWreckage,-1128126,205037,7269,f,17
FuelCellPart,-1124723,1086663,22927,f,13
BasaltOre,-1118672,206400,5706,f,17
ScrapMetalWreckage,-1120425,203596,5718,f,17
BrittleBush,-1118255,207244,5743,f,17
FuelCellPart,-1124036,208608,7313,f,17
BrittleBush,-1118916,204652,5421,f,17
ScrapMetalWreckage,-1125689,207620,7308,f,17
ScrapMetalWreckage,-1124832,208665,7313,f,17
FuelCellPart,-1125815,202078,6516,f,17
FuelCellPart,-1122173,198951,6079,f,17
RhyolitePickup,-1124416,203465,6523,f,17
BrittleBush,-1121537,203820,5954,f,17
ScrapMetalPart,-1125040,208485,7312,f,17
AzuritePickup,-1137243,1073477,15492,f,13
TitaniumPickup,-712011,-595165,4678,f,26
TitaniumOre,-712165,-594971,4652,f,26
StravidiumOre,-705637,-600933,-1322,f,26
StravidiumOre,-712497,-627698,3731,f,26
TitaniumPickup,-725119,-608108,4558,f,47
StravidiumPickup,-712772,-624092,4711,f,26
StravidiumOre,-696995,-633677,1812,f,26
TitaniumPickup,-714517,-623648,4572,f,26
StravidiumOre,-702907,-624491,4892,f,26
StravidiumPickup,-702714,-624056,4854,f,26
StravidiumOre,-713114,-624426,4498,f,26
TitaniumOre,-714481,-623861,4553,f,26
TitaniumOre,-725528,-608085,4500,f,47
TitaniumOre,-696817,-643831,2474,f,26
StravidiumPickup,-696619,-633627,1868,f,26
StravidiumPickup,-712438,-628104,3593,f,26
StravidiumOre,-696147,-609189,7269,f,26
TitaniumOre,-692735,-605518,5199,f,26
StravidiumPickup,-695853,-609308,7256,f,26
TitaniumOre,-698468,-611583,7657,f,26
ScrapMetalPart,-698891,-611496,7561,f,26
ScrapMetalPart,-692408,-605271,5111,f,26
StravidiumOre,-682029,-675360,19597,f,26
ScrapMetalPart,-682253,-675685,19579,f,26
TitaniumOre,-585928,-724839,772,f,26
TitaniumPickup,-578010,-708723,1666,f,26
TitaniumPickup,-608504,-706901,8216,f,26
TitaniumPickup,-614944,-705532,7727,f,26
TitaniumOre,-582885,-711136,823,f,26
TitaniumPickup,-635185,-717385,1220,f,26
TitaniumOre,-618641,-730116,2045,f,46
TitaniumPickup,-583620,-707127,2168,f,26
TitaniumPickup,-604159,-711485,8213,f,26
TitaniumOre,-632787,-711137,1366,f,26
TitaniumOre,-623075,-714008,7014,f,26
TitaniumOre,-633643,-704413,2209,f,26
TitaniumOre,-600716,-712487,5654,f,26
TitaniumOre,-629312,-700772,1723,f,26
TitaniumPickup,-599184,-718853,3885,f,26
TitaniumPickup,-594517,-719843,3005,f,26
ScrapMetalPart,-579165,-707531,2900,f,26
TitaniumPickup,-592808,-718604,3408,f,26
TitaniumOre,-583552,-711422,753,f,26
FuelCellPart,-1119154,1078880,21886,f,13
TitaniumOre,-612411,-701201,5489,f,26
TitaniumPickup,-586053,-724481,828,f,26
TitaniumOre,-604312,-697556,5229,f,26
TitaniumOre,-623194,-713174,7077,f,26
ScrapMetalPart,-578281,-703677,1399,f,26
TitaniumOre,-586528,-708002,577,f,26
TitaniumOre,-583954,-707386,2185,f,26
ScrapMetalPart,-627041,-743663,2850,f,46
TitaniumPickup,-603951,-697331,5238,f,26
TitaniumOre,-614523,-706598,7657,f,26
ScrapMetalPart,-619392,-719336,5116,f,26
TitaniumPickup,-623089,-712918,7086,f,26
TitaniumPickup,-610833,-705484,7893,f,26
TitaniumOre,-613267,-730150,1588,f,46
TitaniumOre,-623387,-702504,4151,f,26
TitaniumOre,-585592,-706331,755,f,26
TitaniumOre,-595331,-716310,5270,f,26
TitaniumPickup,-615635,-721195,5126,f,26
TitaniumOre,-614440,-723998,2903,f,26
TitaniumPickup,-617744,-693596,2747,f,26
TitaniumOre,-575624,-706451,1268,f,26
TitaniumOre,-630527,-710872,3422,f,26
TitaniumPickup,-592159,-712876,4273,f,26
TitaniumPickup,-629686,-715955,2215,f,26
ScrapMetalPart,-586178,-707908,619,f,26
ScrapMetalPart,-614190,-723669,2964,f,26
TitaniumPickup,-627587,-744518,2914,f,46
TitaniumPickup,-611800,-730101,1715,f,46
TitaniumPickup,-614584,-706296,7700,f,26
ScrapMetalPart,-598665,-695766,1700,f,26
TitaniumOre,-601855,-710746,8111,f,26
TitaniumPickup,-596426,-720930,2321,f,26
TitaniumOre,-611097,-731092,1275,f,46
TitaniumOre,-617369,-693431,2736,f,26
TitaniumOre,-601879,-696485,4526,f,26
TitaniumOre,-627691,-744280,2947,f,46
TitaniumPickup,-610905,-706103,8085,f,26
TitaniumOre,-590373,-712872,4145,f,26
TitaniumPickup,-608106,-700926,4643,f,26
TitaniumOre,-594345,-719711,3064,f,26
TitaniumOre,-626750,-743440,2916,f,46
TitaniumOre,-615369,-731331,456,f,46
ScrapMetalPart,-615165,-731604,432,f,46
ScrapMetalPart,-623434,-702369,4137,f,26
ScrapMetalPart,-618477,-730492,2032,f,46
TitaniumPickup,-592059,-718283,3423,f,26
TitaniumOre,-612100,-730345,1662,f,46
TitaniumOre,-591861,-712594,4319,f,26
TitaniumPickup,-582652,-710220,1191,f,26
TitaniumOre,-593239,-718702,3385,f,26
TitaniumPickup,-598099,-703105,3646,f,26
TitaniumOre,-597795,-715566,5744,f,26
TitaniumOre,-581211,-719780,926,f,26
TitaniumOre,-604802,-716988,5899,f,26
TitaniumPickup,-628330,-713131,3774,f,26
TitaniumOre,-594618,-715464,5330,f,26
ScrapMetalPart,-590773,-712644,4178,f,26
TitaniumPickup,-583404,-708571,2715,f,26
TitaniumOre,-578162,-709067,1641,f,26
TitaniumPickup,-621427,-742393,2247,f,46
TitaniumOre,-597164,-723794,2026,f,26
TitaniumPickup,-619264,-741397,1130,f,46
ScrapMetalPart,-623140,-738020,1034,f,46
TitaniumOre,-628786,-697200,1782,f,26
TitaniumOre,-621253,-696328,2663,f,26
TitaniumOre,-598466,-703318,3649,f,26
TitaniumOre,-602425,-715733,5124,f,26
TitaniumOre,-628123,-713059,3745,f,26
TitaniumPickup,-600725,-712261,5663,f,26
TitaniumPickup,-575531,-706865,1212,f,26
TitaniumOre,-605344,-710674,8079,f,26
TitaniumOre,-631579,-704051,2188,f,26
TitaniumPickup,-630915,-711004,3341,f,26
ScrapMetalPart,-605139,-711058,8138,f,26
TitaniumPickup,-631276,-704327,2189,f,26
TitaniumOre,-604303,-709334,8395,f,26
TitaniumPickup,-582625,-711182,868,f,26
TitaniumOre,-578751,-707412,2895,f,26
TitaniumPickup,-579434,-705338,2908,f,26
TitaniumPickup,-599221,-715475,5552,f,26
TitaniumPickup,-592948,-721502,697,f,26
TitaniumPickup,-604084,-709645,8374,f,26
TitaniumPickup,-632423,-711356,1324,f,26
TitaniumPickup,-585323,-706642,752,f,26
ScrapMetalPart,-596888,-720678,2371,f,26
ScrapMetalPart,-614874,-730698,650,f,46
TitaniumPickup,-621964,-741035,2794,f,46
TitaniumOre,-584359,-710957,891,f,26
TitaniumPickup,-605132,-716723,5900,f,26
TitaniumOre,-582381,-710107,1269,f,26
TitaniumOre,-626235,-743217,2974,f,46
TitaniumPickup,-620713,-715204,5828,f,26
TitaniumPickup,-635745,-709042,2226,f,26
TitaniumPickup,-604170,-723951,2587,f,26
TitaniumOre,-607877,-701278,4656,f,26
TitaniumOre,-591644,-708701,1953,f,26
TitaniumOre,-610895,-705167,7757,f,26
TitaniumPickup,-611485,-730960,1344,f,46
TitaniumOre,-619292,-719746,5136,f,26
TitaniumOre,-608333,-696864,5243,f,26
TitaniumOre,-591779,-717983,3398,f,26
TitaniumOre,-615056,-730452,661,f,46
TitaniumOre,-621160,-742065,2264,f,46
TitaniumOre,-620358,-719776,5146,f,26
TitaniumPickup,-597687,-715170,5769,f,26
ScrapMetalPart,-621147,-696739,2685,f,26
TitaniumPickup,-595393,-716320,5247,f,26
ScrapMetalPart,-622672,-714088,7032,f,26
TitaniumPickup,-619961,-719925,5124,f,26
ScrapMetalPart,-628719,-697190,1818,f,26
TitaniumPickup,-633964,-704673,2155,f,26
ScrapMetalPart,-602166,-696675,4507,f,26
TitaniumOre,-621836,-740703,2834,f,46
TitaniumOre,-578597,-703960,1522,f,26
TitaniumPickup,-577615,-703432,1282,f,26
ScrapMetalPart,-627252,-742108,1744,f,46
TitaniumOre,-611240,-706340,8095,f,26
TitaniumOre,-599074,-695739,1737,f,26
TitaniumPickup,-608193,-697249,5364,f,26
TitaniumPickup,-629417,-701067,1724,f,26
TitaniumPickup,-577645,-702919,1073,f,26
TitaniumPickup,-594591,-715779,5319,f,26
TitaniumOre,-635824,-708736,2187,f,26
TitaniumOre,-596846,-720270,2409,f,26
TitaniumOre,-620924,-714695,5731,f,26
TitaniumPickup,-577912,-719482,660,f,26
TitaniumOre,-583604,-708866,2755,f,26
TitaniumOre,-607479,-719007,4749,f,26
TitaniumOre,-609010,-727743,1849,f,46
TitaniumOre,-611653,-704312,7608,f,26
TitaniumPickup,-597121,-724202,1971,f,26
ScrapMetalPart,-609099,-727718,1809,f,46
TitaniumPickup,-591381,-708993,1925,f,26
TitaniumPickup,-601472,-708288,8036,f,26
TitaniumPickup,-580904,-719506,787,f,26
TitaniumOre,-603766,-711285,8172,f,26
TitaniumOre,-577223,-702873,1081,f,26
TitaniumOre,-601114,-708087,7958,f,26
TitaniumOre,-581950,-704927,1594,f,26
TitaniumPickup,-625858,-743008,2979,f,46
TitaniumPickup,-607827,-719224,4733,f,26
TitaniumOre,-619665,-727553,1127,f,46
TitaniumOre,-615684,-720788,5118,f,26
TitaniumPickup,-612424,-701578,5542,f,26
TitaniumOre,-629469,-716305,2271,f,26
TitaniumOre,-577197,-703500,1300,f,26
TitaniumOre,-627183,-741738,1719,f,46
TitaniumPickup,-582127,-704668,1490,f,26
TitaniumOre,-596357,-721347,2264,f,26
TitaniumPickup,-602687,-716049,5017,f,26
TitaniumOre,-592851,-721970,634,f,26
TitaniumPickup,-613112,-730603,1534,f,46
TitaniumPickup,-584082,-710637,1010,f,26
TitaniumOre,-598847,-715642,5604,f,26
TitaniumOre,-599224,-694559,1454,f,26
TitaniumOre,-608202,-706623,8226,f,26
TitaniumOre,-614773,-705153,7793,f,26
TitaniumPickup,-599083,-694827,1526,f,26
TitaniumPickup,-611297,-704518,7665,f,26
TitaniumPickup,-602228,-710574,8175,f,26
TitaniumOre,-578795,-705457,3395,f,26
TitaniumOre,-599316,-718563,3919,f,26
TitaniumOre,-604344,-724286,2575,f,26
ScrapMetalPart,-579040,-728135,956,f,46
TitaniumOre,-576021,-722599,964,f,26
TitaniumOre,-578907,-728565,1035,f,46
FuelCellPart,-1127698,1072601,16307,f,13
HomeBase,-611736.375,-700183.4375,4724.33642578125,f,0
TitaniumOre,-634145,-636891,4141,f,26
StravidiumOre,-634702,-635390,3906,f,26
ScrapMetalPart,-634518,-635165,3842,f,26
TitaniumPickup,-634115,-636514,4073,f,26
AzuritePickup,-1128900,1074641,16115,f,13
RhyolitePickup,-1083600,1095187,17358,f,13
RhyolitePickup,-1089938,1102160,16898,f,13
HomeBase,-634615,-635457.0625,4139.3447265625,f,0
ScrapMetalPart,-224738,-185791,1972,f,41
Ecolab,-201473,-214617,2790,t,30
ScrapMetalWreckage,-222723,-185668,2001,f,41
ScrapMetalPart,-222778,-185412,1960,f,41
RhyolitePickup,-222873,-184825,1994,f,41
ScrapMetalPart,-222631,-186035,2124,f,41
RhyolitePickup,-222146,-185998,2154,f,41
RhyolitePickup,-222599,-184252,1990,f,41
ScrapMetalPart,-203198,-195470,5848,f,30
ScrapMetalPart,-207816,-192980,3206,f,30
RhyolitePickup,-201093,-192198,9254,f,0
ScrapMetalPart,-198496,-190478,5520,f,30
BasaltPickup,-202756,-191226,9271,f,30
ScrapMetalPart,-198532,-199289,4589,f,30
ScrapMetalPart,-190059,-195520,1660,f,30
BasaltOre,-202389,-191114,9274,f,30
ScrapMetalWreckage,-208007,-192782,3206,f,30
BrittleBush,-196593,-192213,5162,f,30
TitaniumOre,-206618,-199016,5630,f,30
BrittleBush,-193004,-199621,2907,f,30
RhyolitePickup,-208165,-191800,3201,f,30
TitaniumPickup,-206887,-199169,5638,f,30
RhyolitePickup,-200894,-200444,5027,f,30
BrittleBush,-198791,-195806,5692,f,30
ScrapMetalWreckage,-190230,-195566,1653,f,30
AzuritePickup,-193623,-191137,2038,f,30
ScrapMetalWreckage,-203308,-195733,5840,f,30
TitaniumOre,-192613,-203159,1722,f,30
BrittleBush,-192487,-204877,1476,f,30
RhyolitePickup,-191664,-201637,2056,f,30
FuelCellPart,-191248,-191849,1539,f,30
BrittleBush,-192395,-204020,1543,f,30
ScrapMetalPart,-189487,-202819,1366,f,30
ScrapMetalWreckage,-191591,-191669,1552,f,30
ScrapMetalPart,-191480,-202004,1933,f,30
ScrapMetalPart,-191437,-191445,1538,f,30
ScrapMetalWreckage,-191220,-202011,1847,f,30
ScrapMetalPart,-189871,-202608,1389,f,30
RhyolitePickup,-188483,-195699,1731,f,30
FuelCellPart,-187931,-196052,1715,f,30
ScrapMetalPart,-189819,-202006,1510,f,30
FuelCellWreckage,-187877,-195921,1719,f,30
FuelCellPart,-188699,-206683,1452,f,30
AzuritePickup,-1122577,1093008,16100,f,13
BasaltOre,-1121995,1082723,22934,f,13
AzuritePickup,-1126349,1070835,16321,f,13
ScrapMetalWreckage,-188799,-195262,1748,f,30
ScrapMetalPart,-188962,-195480,1751,f,30
ScrapMetalPart,-187328,-196574,1673,f,30
FuelCellPart,-190009,-201416,1604,f,30
FuelCellPart,-193568,-206063,1538,f,30
ScrapMetalPart,-184802,-204543,1165,f,30
ScrapMetalWreckage,-197288,-212520,5054,f,30
BasaltPickup,-197174,-209585,5330,f,30
ScrapMetalPart,-200861,-221562,1619,f,30
BasaltPickup,-203344,-217869,4730,f,30
BasaltOre,-197191,-209243,5342,f,30
BasaltOre,-203624,-217568,4714,f,30
ScrapMetalPart,-204886,-216577,4475,f,30
ScrapMetalPart,-198805,-208038,5065,f,30
RhyolitePickup,-198067,-202230,4899,f,30
BrittleBush,-201338,-220529,1634,f,30
RhyolitePickup,-198313,-220173,1643,f,30
ScrapMetalWreckage,-205515,-218462,4612,f,30
BrittleBush,-199393,-207603,5127,f,30
RhyolitePickup,-197092,-212732,5056,f,30
FuelCellPart,-205119,-218626,4570,f,30
ScrapMetalPart,-196919,-218789,1645,f,30
ScrapMetalPart,-197181,-212308,5056,f,30
RhyolitePickup,-198684,-211752,5037,f,30
RhyolitePickup,-200369,-219700,1617,f,30
ScrapMetalWreckage,-198576,-207895,5066,f,30
ScrapMetalPart,-204358,-216492,4397,f,30
ScrapMetalWreckage,-204558,-216675,4402,f,30
ScrapMetalPart,-205289,-218421,4576,f,30
BrittleBush,-199421,-219769,1621,f,30
NoIcon,-201481,-214955,1670,f,0
AzuritePickup,-206422,-218547,4745,f,30
BrittleBush,-202139,-221225,1650,f,30
ScrapMetalWreckage,-201139,-221542,1611,f,30
ScrapMetalPart,-205969,-213815,5836,f,30
AzuritePickup,-206151,-218267,4688,f,30
ScrapMetalWreckage,-201082,-222428,1584,f,30
ScrapMetalWreckage,-206089,-213220,5846,f,30
ScrapMetalWreckage,-207207,-213682,6075,f,30
BrittleBush,-206446,-212475,5882,f,30
FuelCellPart,-206996,-209493,6326,f,30
FuelCellPart,-207335,-210316,6250,f,30
ScrapMetalWreckage,-201695,-207742,5745,f,30
FuelCellPart,-202422,-206437,5734,f,30
ScrapMetalPart,-207110,-211038,6129,f,30
ScrapMetalPart,-201684,-207736,5737,f,30
ScrapMetalPart,-205613,-204562,5684,f,30
ScrapMetalWreckage,-205619,-204712,5718,f,30
ScrapMetalPart,-208149,-206338,6316,f,30
ScrapMetalWreckage,-208074,-206497,6327,f,30
ScrapMetalPart,-202743,-205668,5650,f,30
ScrapMetalPart,-208514,-209833,6454,f,30
ScrapMetalWreckage,-202796,-205934,5686,f,30
BrittleBush,-206896,-204670,6002,f,0
Hazard_Quicksand,-201594,-199601,-2772,f,30
Hazard_Quicksand,-201153,-198693,-2772,f,30
Hazard_Quicksand,-200539,-199399,-2772,f,30
BauxitePickup,-198114,-186815,1577,f,41
BrittleBush,-195373,-187941,1571,f,41
FuelCellPart,-193717,-188920,1561,f,30
BauxiteOre,-198479,-187004,1605,f,41
BauxiteOre,-206518,-186615,1571,f,41
RhyolitePickup,-206098,-186311,1555,f,41
RhyolitePickup,-198460,-186005,1554,f,41
BrittleBush,-201295,-183807,1534,f,41
RhyolitePickup,-198491,-184549,1554,f,41
BauxitePickup,-206675,-186334,1540,f,41
AzuritePickup,-207645,-190839,3255,f,30
FuelCellPart,-197875,-184296,1538,f,41
FuelCellWreckage,-195805,-185428,1532,f,41
RhyolitePickup,-197246,-185382,1532,f,41
RhyolitePickup,-193283,-218379,1687,f,30
ScrapMetalWreckage,17641,-203321,1746,f,39
ScrapMetalPart,-3352,-191950,2742,f,39
TitaniumPickup,23660,-209225,2892,f,39
RhyolitePickup,16122,-207002,8076,f,39
ScrapMetalWreckage,-627,-199878,4015,f,39
FuelCellPart,-1612,-197623,3689,f,39
ScrapMetalWreckage,-2288,-228344,447,f,39
TitaniumPickup,-8603,-204212,4070,f,39
ScrapMetalWreckage,-5135,-228259,735,f,39
ScrapMetalPart,17207,-200630,1477,f,39
ScrapMetalPart,-17545,-205393,772,f,39
RhyolitePickup,4166,-192262,2055,f,39
ScrapMetalWreckage,17208,-200895,1528,f,39
ScrapMetalPart,305,-199881,3783,f,39
AzuritePickup,9161,-184730,995,f,42
FuelCellWreckage,18011,-196749,990,f,39
ScrapMetalPart,-17893,-208453,598,f,39
TitaniumOre,23484,-208895,2921,f,39
ScrapMetalWreckage,7886,-217392,2863,f,39
ScrapMetalWreckage,-1994,-186152,773,f,42
FuelCellPart,-1033,-195460,3126,f,39
RhyolitePickup,-1050,-193831,2941,f,39
BauxitePickup,2433,-208270,6262,f,39
RhyolitePickup,-18726,-202885,794,f,39
ScrapMetalPart,8696,-184038,1048,f,42
RhyolitePickup,9306,-190601,1396,f,39
ScrapMetalWreckage,14114,-208439,6968,f,39
ScrapMetalPart,-7942,-192480,2516,f,39
ScrapMetalPart,-1231,-185267,680,f,42
RhyolitePickup,17538,-211647,5659,f,39
FuelCellPart,-2185,-187037,989,f,42
FuelCellPart,8958,-190493,1372,f,39
ScrapMetalPart,7861,-190493,1426,f,39
FuelCellPart,-2480,-229491,676,f,39
ScrapMetalPart,-10447,-199681,5444,f,39
FuelCellPart,-450,-185045,734,f,42
ScrapMetalPart,8446,-190446,1377,f,39
FuelCellPart,3043,-205189,8637,f,39
BrittleBush,-10759,-181075,1259,f,42
ScrapMetalPart,1170,-199304,3465,f,39
ScrapMetalPart,4206,-195132,2337,f,39
FuelCellPart,3439,-190792,2102,f,39
BasaltOre,7596,-209877,5028,f,39
ScrapMetalPart,-15366,-192351,751,f,39
ScrapMetalWreckage,-3112,-194399,3050,f,39
FuelCellPart,-7730,-206091,3833,f,39
ScrapMetalWreckage,-5758,-193481,2919,f,39
AzuriteOre,912,-208709,6186,f,39
ScrapMetalPart,20760,-205515,1252,f,39
ScrapMetalPart,17795,-201305,1419,f,39
ScrapMetalPart,-12922,-215889,542,f,39
ScrapMetalPart,1168,-197825,3059,f,39
BasaltPickup,14342,-187564,3538,f,42
ScrapMetalPart,-332,-232438,938,f,39
FuelCellPart,-3812,-227780,521,f,39
ScrapMetalPart,-3264,-228176,505,f,39
ScrapMetalPart,7490,-193774,2132,f,39
FuelCellPart,-18265,-205515,589,f,39
RhyolitePickup,-7753,-206426,3833,f,39
RhyolitePickup,-4290,-186065,907,f,42
ScrapMetalPart,-2218,-191209,2584,f,39
ScrapMetalPart,4782,-192032,1886,f,39
ScrapMetalPart,-10341,-207349,3792,f,39
BasaltOre,14715,-187330,3551,f,42
FuelCellPart,-11635,-202793,5419,f,39
FuelCellWreckage,-17534,-211911,453,f,39
ScrapMetalPart,-406,-199876,3954,f,39
ScrapMetalWreckage,-12022,-217423,612,f,39
StravidiumPickup,5255,-195857,2487,f,39
ScrapMetalPart,15904,-199946,1705,f,39
ScrapMetalWreckage,-1547,-185516,679,f,42
StravidiumPickup,1657,-199577,3472,f,39
FuelCellPart,-13661,-201353,5440,f,39
FuelCellPart,-15282,-197040,1900,f,39
FuelCellPart,-18981,-200936,828,f,39
RhyolitePickup,7074,-192489,1765,f,39
FuelCellPart,-6102,-208878,2518,f,39
FuelCellWreckage,4749,-199143,4013,f,39
BrittleBush,-6843,-205660,3793,f,39
TitaniumOre,-4368,-198837,5388,f,39
ScrapMetalWreckage,-348,-186913,1152,f,42
ScrapMetalPart,-3340,-229544,693,f,39
FuelCellWreckage,-12559,-213189,1026,f,39
RhyolitePickup,-9821,-188197,914,f,42
ScrapMetalPart,-13222,-213974,816,f,39
ScrapMetalWreckage,-13307,-213862,848,f,39
FuelCellPart,-4510,-228320,663,f,39
ScrapMetalPart,-12156,-218153,548,f,39
FuelCellPart,-1511,-192205,2760,f,39
FuelCellPart,6562,-212384,5771,f,39
FuelCellPart,2494,-215531,3137,f,39
BrittleBush,-12809,-205843,2658,f,39
ScrapMetalPart,5500,-191761,1700,f,39
FuelCellPart,5175,-190051,1847,f,39
ScrapMetalPart,2784,-204360,8535,f,39
ScrapMetalPart,-3205,-194503,3076,f,39
AzuritePickup,-18959,-205886,457,f,39
ScrapMetalWreckage,7955,-190706,1420,f,39
ScrapMetalPart,7837,-192080,1696,f,39
ScrapMetalPart,-11760,-217478,693,f,39
StravidiumOre,-13615,-202233,5418,f,39
AzuritePickup,600,-208437,6110,f,39
AzuritePickup,2733,-219576,2150,f,39
ScrapMetalWreckage,687,-187888,1606,f,42
FuelCellPart,-1971,-206860,4920,f,39
BasaltOre,8780,-203689,8915,f,39
ScrapMetalPart,-9398,-200990,5418,f,39
BrittleBush,14710,-214423,2716,f,39
ScrapMetalPart,8145,-217458,2863,f,39
FuelCellPart,12827,-196979,2306,f,39
ScrapMetalPart,-71,-190648,2325,f,39
RhyolitePickup,10883,-209767,4573,f,39
FuelCellPart,-2332,-231435,919,f,39
ScrapMetalPart,-3488,-208053,4725,f,39
ScrapMetalWreckage,16044,-199778,1640,f,39
ScrapMetalWreckage,9952,-188984,1193,f,39
FuelCellWreckage,193,-213376,3612,f,39
AzuritePickup,2276,-193606,2618,f,39
BrittleBush,-6120,-195348,3160,f,39
ScrapMetalWreckage,9268,-185170,908,f,42
RhyolitePickup,-2906,-228718,534,f,39
ScrapMetalWreckage,11084,-199886,3179,f,39
ScrapMetalWreckage,17951,-201450,1382,f,39
RhyolitePickup,-13817,-189963,636,f,39
ScrapMetalWreckage,20098,-202629,1430,f,39
RhyolitePickup,-3811,-196630,4655,f,39
ScrapMetalWreckage,688,-198301,3206,f,39
StravidiumPickup,-16447,-205942,1038,f,39
ScrapMetalWreckage,-2203,-191212,2568,f,39
AzuritePickup,-7425,-206349,3691,f,39
TitaniumOre,-3814,-198877,5474,f,39
ScrapMetalPart,-4011,-205817,4957,f,39
FuelCellPart,21083,-205532,1179,f,39
FuelCellPart,21174,-204964,1103,f,39
ScrapMetalWreckage,7757,-216566,3155,f,39
RhyolitePickup,-4392,-211013,3147,f,39
AzuritePickup,5416,-203759,8930,f,39
ScrapMetalWreckage,-700,-194392,2977,f,39
TitaniumOre,-3870,-207685,4724,f,39
BrittleBush,2737,-197575,2898,f,39
ScrapMetalPart,6753,-184677,810,f,42
ScrapMetalPart,6490,-218527,2315,f,39
ScrapMetalWreckage,8039,-192178,1725,f,39
TitaniumOre,-9004,-204124,4011,f,39
ScrapMetalWreckage,-301,-186184,990,f,42
ScrapMetalPart,6806,-194367,2202,f,39
ScrapMetalPart,10647,-215400,3908,f,39
ScrapMetalWreckage,-10202,-199807,5450,f,39
ScrapMetalWreckage,8429,-183960,993,f,42
FuelCellPart,11058,-199169,2938,f,39
RhyolitePickup,-1972,-197547,3754,f,39
RhyolitePickup,2186,-195929,2662,f,39
BrittleBush,10645,-199088,2930,f,39
ScrapMetalWreckage,7104,-194834,2383,f,39
ScrapMetalPart,9992,-189247,1212,f,39
ScrapMetalPart,6966,-191605,1569,f,39
BauxiteOre,23859,-209741,2904,f,39
ScrapMetalPart,-10709,-187979,846,f,42
ScrapMetalPart,-14057,-213725,891,f,39
FuelCellWreckage,-1105,-195336,3115,f,39
FuelCellPart,-17399,-211683,513,f,39
FuelCellPart,-17604,-211333,528,f,39
ScrapMetalPart,-297,-198793,3485,f,39
ScrapMetalPart,-1959,-185878,711,f,42
ScrapMetalPart,-1816,-185527,646,f,42
RhyolitePickup,3405,-222938,1114,f,39
ScrapMetalWreckage,-17332,-205552,814,f,39
StravidiumOre,-16097,-206158,1147,f,39
RhyolitePickup,3614,-189151,2081,f,39
ScrapMetalPart,10600,-213544,3894,f,39
ScrapMetalPart,15158,-212596,4947,f,39
RhyolitePickup,-2640,-230239,774,f,39
RhyolitePickup,-7864,-200707,5433,f,39
ScrapMetalWreckage,-4977,-195038,3256,f,39
FuelCellPart,3629,-205457,8731,f,39
ScrapMetalPart,-7183,-187205,977,f,42
ScrapMetalPart,-2382,-186107,744,f,42
ScrapMetalPart,-1129,-192576,2823,f,39
FuelCellPart,7711,-203872,8959,f,39
FuelCellWreckage,-7522,-205908,3810,f,39
ScrapMetalPart,15932,-200290,1762,f,39
ScrapMetalPart,-6265,-220278,1419,f,39
FuelCellPart,-5252,-193273,2872,f,39
ScrapMetalWreckage,-15297,-206048,1448,f,39
ScrapMetalPart,14326,-208604,6968,f,39
ScrapMetalPart,-5489,-193460,2901,f,39
RhyolitePickup,-18668,-203627,723,f,39
ScrapMetalWreckage,-6077,-220146,1484,f,39
ScrapMetalWreckage,6485,-184643,828,f,42
StravidiumOre,7750,-201808,8981,f,39
AzuritePickup,5542,-183866,732,f,42
ScrapMetalPart,7538,-216521,3147,f,39
BasaltPickup,7320,-210181,5150,f,39
ScrapMetalPart,839,-198523,3260,f,39
RhyoliteOre,-16774,-200794,2411,f,39
RhyolitePickup,9081,-185579,868,f,42
RhyolitePickup,7697,-203491,8946,f,39
ScrapMetalPart,-12574,-218172,531,f,39
BrittleBush,10666,-209352,4533,f,39
BasaltOre,-13347,-208110,3087,f,39
ScrapMetalWreckage,17893,-211731,5651,f,39
ScrapMetalPart,17722,-203540,1773,f,39
RhyolitePickup,-1438,-219754,2743,f,39
RhyolitePickup,-6619,-220535,1295,f,39
ScrapMetalPart,14443,-197216,1971,f,39
ScrapMetalPart,-11722,-192416,1992,f,39
ScrapMetalPart,-4995,-195241,3314,f,39
BauxiteOre,2813,-208117,6343,f,39
ScrapMetalWreckage,-3309,-229328,659,f,39
ScrapMetalPart,9440,-184542,1134,f,42
FuelCellPart,-13445,-214383,717,f,39
RhyoliteOre,16365,-206813,8096,f,39
AzuritePickup,-10667,-188404,928,f,39
ScrapMetalWreckage,3979,-190410,2012,f,39
FuelCellPart,2945,-193937,2470,f,39
RhyoliteOre,-4204,-196734,4644,f,39
RhyolitePickup,21479,-212060,3598,f,39
ScrapMetalWreckage,-12827,-218064,556,f,39
ScrapMetalPart,377,-189785,2045,f,39
ScrapMetalPart,-3805,-185531,714,f,42
ScrapMetalWreckage,3787,-192114,2140,f,39
BauxitePickup,23922,-209355,2865,f,39
ScrapMetalPart,-1135,-184837,618,f,42
ScrapMetalPart,-2301,-228372,456,f,39
RhyolitePickup,-11899,-189111,908,f,39
ScrapMetalPart,6561,-218008,2507,f,39
AzuritePickup,-142,-192406,2713,f,39
FuelCellPart,-12569,-213448,941,f,39
ScrapMetalWreckage,9833,-185773,918,f,42
ScrapMetalPart,3955,-190389,2017,f,39
AzuritePickup,24009,-210517,2962,f,39
ScrapMetalPart,20299,-202448,1441,f,39
ScrapMetalWreckage,6727,-191486,1557,f,39
ScrapMetalPart,9530,-185221,973,f,42
FuelCellWreckage,5051,-211356,5777,f,39
ScrapMetalPart,7340,-194102,2187,f,39
ScrapMetalPart,-63,-186042,1003,f,42
TitaniumPickup,-4075,-198871,5424,f,39
AzuritePickup,-511,-196201,3135,f,39
AzuritePickup,-1193,-186954,1031,f,42
ScrapMetalWreckage,1153,-197843,3055,f,39
ScrapMetalWreckage,20834,-205259,1201,f,39
ScrapMetalPart,-153,-206317,5747,f,39
RhyolitePickup,2554,-198549,3137,f,39
ScrapMetalPart,10010,-185560,1032,f,42
ScrapMetalWreckage,10854,-213630,3860,f,39
ScrapMetalPart,-1963,-201595,4759,f,39
AzuriteOre,5594,-203389,8951,f,39
ScrapMetalWreckage,-8148,-192312,2441,f,39
BasaltPickup,8465,-203729,8927,f,39
FuelCellPart,4057,-188946,2054,f,39
ScrapMetalPart,-5262,-228087,731,f,39
ScrapMetalWreckage,7102,-194070,2143,f,39
TitaniumPickup,-4553,-199094,5423,f,39
BauxitePickup,19555,-207302,4741,f,39
ScrapMetalPart,7027,-194713,2335,f,39
StravidiumPickup,-13265,-201992,5445,f,39
FuelCellPart,11592,-211969,4175,f,39
AzuriteOre,23709,-210797,3020,f,39
ScrapMetalPart,3573,-192270,2207,f,39
ScrapMetalPart,-98,-186818,1183,f,42
TitaniumOre,-7923,-207410,3867,f,39
ScrapMetalPart,-15038,-206086,1545,f,39
RhyolitePickup,1365,-184953,982,f,42
ScrapMetalPart,16978,-200286,1481,f,39
FuelCellPart,5159,-211606,5774,f,39
BrittleBush,-524,-203779,5138,f,39
FuelCellWreckage,-1718,-206950,4918,f,39
ScrapMetalPart,578,-189212,1880,f,39
ScrapMetalWreckage,-3558,-185639,702,f,42
FuelCellPart,-11550,-200415,5447,f,39
TitaniumPickup,-7990,-207005,3897,f,39
ScrapMetalPart,-12531,-204930,3265,f,39
ScrapMetalWreckage,-3000,-228138,474,f,39
FuelCellPart,18564,-195492,633,f,39
ScrapMetalWreckage,-15138,-192208,757,f,39
ScrapMetalPart,14458,-192664,1924,f,39
FuelCellPart,-12263,-195881,2873,f,39
RhyolitePickup,2079,-215531,3138,f,39
ScrapMetalWreckage,968,-199128,3431,f,39
ScrapMetalWreckage,-7115,-173834,1506,f,42
FuelCellPart,4807,-199190,4035,f,39
ScrapMetalPart,10815,-199948,3201,f,39
FuelCellPart,194,-213140,3647,f,39
ScrapMetalWreckage,-9467,-200912,5417,f,39
ScrapMetalWreckage,-14229,-213687,897,f,39
FuelCellPart,1163,-190047,2145,f,39
ScrapMetalWreckage,205,-190728,2315,f,39
StravidiumPickup,8089,-202038,8960,f,39
ScrapMetalWreckage,4760,-192052,1889,f,39
RhyolitePickup,-1213,-202502,4751,f,39
AzuritePickup,-7462,-174796,1312,f,42
ScrapMetalWreckage,6494,-217976,2515,f,39
ScrapMetalWreckage,-11901,-192415,1982,f,39
ScrapMetalWreckage,5461,-191556,1687,f,39
StravidiumOre,2061,-199645,3416,f,39
FuelCellWreckage,2956,-194142,2469,f,39
ScrapMetalPart,-906,-195977,3163,f,39
ScrapMetalWreckage,-2173,-201433,4822,f,39
StravidiumOre,5515,-195843,2493,f,39
BasaltPickup,-12954,-207989,3180,f,39
ScrapMetalPart,-7237,-173952,1486,f,42
RhyolitePickup,8216,-320658,1534,f,39
ScrapMetalPart,-3,-328052,1180,f,39
FuelCellPart,7927,-315751,1763,f,39
ScrapMetalPart,19466,-311285,1121,f,39
RhyolitePickup,-5547,-305836,7320,f,39
RhyolitePickup,-13043,-299066,4122,f,39
ScrapMetalPart,1632,-290740,5306,f,39
ScrapMetalPart,-879,-321097,2032,f,39
FuelCellPart,-7297,-317246,1226,f,39
ScrapMetalWreckage,13611,-305936,4123,f,39
FuelCellWreckage,3907,-310606,4412,f,39
BrittleBush,20971,-302461,1157,f,39
BasaltPickup,18086,-308009,1414,f,39
FuelCellPart,7455,-323538,2158,f,39
FuelCellPart,9081,-295045,1202,f,39
RhyolitePickup,-18583,-310090,1851,f,39
FuelCellPart,9327,-320078,1288,f,39
ScrapMetalPart,4494,-291107,5262,f,39
BasaltPickup,-10067,-301076,7331,f,39
ScrapMetalWreckage,8300,-296000,1318,f,39
ScrapMetalWreckage,-5780,-306440,7349,f,39
BrittleBush,25036,-303028,1924,f,39
ScrapMetalPart,-12889,-295972,4421,f,39
ScrapMetalPart,7871,-303144,3676,f,39
BasaltOre,-4890,-305312,7305,f,39
TitaniumOre,8812,-320498,1387,f,39
FuelCellPart,-11461,-298997,4799,f,39
ScrapMetalWreckage,6462,-326776,1445,f,39
ScrapMetalPart,-5317,-294653,4894,f,39
ScrapMetalWreckage,-8003,-316148,1468,f,39
BasaltOre,7027,-291807,1334,f,39
ScrapMetalPart,15483,-297460,2250,f,39
BrittleBush,-4565,-322078,1842,f,39
FuelCellPart,-5145,-318299,1154,f,39
RhyolitePickup,4549,-310103,4224,f,39
BrittleBush,13592,-299898,2841,f,39
ScrapMetalWreckage,5435,-297622,1674,f,39
ScrapMetalPart,-6178,-318460,1072,f,39
RhyolitePickup,8981,-319581,1328,f,39
ScrapMetalWreckage,1063,-321824,1810,f,39
ScrapMetalPart,8309,-296013,1322,f,39
FuelCellPart,13277,-303298,5757,f,39
StravidiumOre,8128,-290456,1116,f,39
BrittleBush,7229,-299731,2308,f,39
BauxitePickup,-12655,-311094,3979,f,39
StravidiumOre,-14087,-309390,3623,f,39
ScrapMetalPart,-7588,-317255,1214,f,39
FuelCellPart,110,-328630,1120,f,39
StravidiumOre,19869,-311363,1177,f,39
RhyolitePickup,15745,-295824,1764,f,39
ScrapMetalPart,-5932,-304910,7106,f,39
ScrapMetalWreckage,13986,-299050,2606,f,39
RhyolitePickup,-17012,-307780,2840,f,39
FuelCellWreckage,-11551,-298814,4716,f,39
ScrapMetalWreckage,6486,-309382,3998,f,39
AzuritePickup,6165,-305025,3701,f,39
RhyolitePickup,-7370,-316685,1340,f,39
ScrapMetalWreckage,-4916,-303354,6644,f,39
ScrapMetalWreckage,4702,-329602,951,f,39
ScrapMetalWreckage,1937,-325083,1315,f,39
RhyolitePickup,21791,-305522,910,f,39
RhyolitePickup,28148,-300086,653,f,39
AzuritePickup,9008,-314844,3284,f,39
ScrapMetalPart,-5839,-306223,7343,f,39
BrittleBush,-3892,-289746,4101,f,39
ScrapMetalPart,6115,-318811,2236,f,39
ScrapMetalPart,-18854,-305616,2427,f,39
StravidiumPickup,-17426,-308385,2606,f,39
ScrapMetalPart,18663,-308333,1302,f,39
FuelCellPart,8601,-301882,3329,f,39
ScrapMetalPart,-18614,-301154,2299,f,39
FuelCellPart,14329,-306727,4071,f,39
BasaltOre,-16615,-309974,2831,f,39
FuelCellWreckage,8090,-315543,1804,f,39
AzuritePickup,7642,-315844,1767,f,39
AzuritePickup,7414,-304069,3713,f,39
AzuritePickup,-6243,-293311,4764,f,39
ScrapMetalPart,12184,-290349,951,f,39
ScrapMetalPart,6742,-326778,1417,f,39
ScrapMetalPart,15748,-310978,1476,f,39
ScrapMetalWreckage,8117,-303043,3718,f,39
ScrapMetalPart,4881,-329748,913,f,39
ScrapMetalPart,-2445,-311338,4926,f,39
ScrapMetalPart,-5091,-300990,6663,f,39
ScrapMetalPart,9140,-301548,3306,f,39
FuelCellPart,-3842,-319103,1277,f,39
ScrapMetalPart,3433,-328172,1439,f,39
ScrapMetalWreckage,-18691,-305826,2460,f,39
ScrapMetalWreckage,19282,-297126,1389,f,39
BasaltPickup,-4911,-304967,7369,f,39
BasaltOre,-7963,-304530,7235,f,39
FuelCellPart,-15792,-293879,2145,f,39
AzuritePickup,17106,-293290,978,f,39
ScrapMetalWreckage,-18926,-310178,1836,f,39
ScrapMetalWreckage,-8975,-289114,2698,f,39
FuelCellPart,-4141,-290352,4140,f,39
RhyolitePickup,8886,-316133,1529,f,39
FuelCellPart,-5911,-303818,6914,f,39
ScrapMetalWreckage,-12943,-295817,4443,f,39
ScrapMetalPart,13766,-299066,2584,f,39
RhyolitePickup,-14024,-299013,3796,f,39
ScrapMetalWreckage,-12809,-296523,4353,f,39
ScrapMetalPart,-4312,-301612,6679,f,39
AzuritePickup,-13306,-296691,4193,f,39
FuelCellPart,-6616,-303549,6935,f,39
ScrapMetalPart,-7190,-304680,7133,f,39
FuelCellWreckage,-17585,-300529,2653,f,39
ScrapMetalPart,23340,-304669,989,f,39
AzuritePickup,-19737,-304963,2206,f,39
RhyolitePickup,3931,-305692,3508,f,39
RhyoliteOre,7779,-310337,4357,f,39
BrittleBush,-10343,-313842,2657,f,39
ScrapMetalPart,9660,-308074,4058,f,39
AzuritePickup,7926,-287501,1111,f,39
ScrapMetalWreckage,-9400,-316442,1388,f,39
ScrapMetalPart,17499,-318446,809,f,39
ScrapMetalPart,-8768,-288934,2657,f,39
AzuritePickup,-15373,-311175,2539,f,39
ScrapMetalPart,-4403,-302486,6470,f,39
AzuritePickup,14485,-294502,1258,f,39
AzuritePickup,13771,-290518,1019,f,39
ScrapMetalWreckage,180,-328244,1173,f,39
TitaniumOre,1699,-290347,5275,f,39
BauxiteOre,-12935,-311066,3962,f,39
FuelCellPart,-4251,-319212,1244,f,39
FuelCellPart,-6740,-293208,4655,f,39
RhyolitePickup,2753,-297953,2334,f,39
BrittleBush,-34,-308662,3926,f,39
ScrapMetalPart,7304,-294264,1308,f,39
ScrapMetalPart,9007,-308469,4045,f,39
ScrapMetalWreckage,1994,-305674,3417,f,39
AzuritePickup,-4478,-292084,5406,f,39
ScrapMetalPart,13878,-305872,4113,f,39
FuelCellPart,12267,-316764,1366,f,39
ScrapMetalPart,25271,-307983,679,f,39
ScrapMetalPart,7367,-324261,2041,f,39
RhyolitePickup,-12036,-295420,4748,f,39
FuelCellPart,4107,-310789,4474,f,39
ScrapMetalPart,-8035,-316406,1392,f,39
ScrapMetalPart,11596,-299488,2447,f,39
StravidiumOre,-17294,-308744,2667,f,39
FuelCellWreckage,14127,-296992,1952,f,39
ScrapMetalWreckage,13037,-298713,2370,f,39
RhyoliteOre,14381,-291957,920,f,39
TitaniumOre,-16374,-311909,1794,f,39
TitaniumPickup,23501,-310326,1533,f,39
RhyolitePickup,18894,-297600,1537,f,39
FuelCellWreckage,11931,-295375,1247,f,39
ScrapMetalPart,19300,-296854,1337,f,39
FuelCellPart,-16184,-294289,2207,f,39
ScrapMetalPart,3058,-317533,2449,f,39
AzuritePickup,6158,-312232,4644,f,39
ScrapMetalPart,6753,-309408,4007,f,39
TitaniumOre,-3438,-309890,4881,f,39
StravidiumOre,9724,-287645,987,f,39
TitaniumPickup,-16248,-311502,1881,f,39
BrittleBush,5707,-312547,4650,f,39
ScrapMetalWreckage,-6630,-324204,1520,f,39
AzuriteOre,17452,-293069,938,f,39
RhyolitePickup,-7938,-306727,7323,f,39
ScrapMetalWreckage,-6697,-319930,990,f,39
ScrapMetalPart,-12554,-296587,4415,f,39
ScrapMetalWreckage,-7572,-317523,1162,f,39
ScrapMetalWreckage,9228,-296596,1388,f,39
BasaltOre,17676,-308009,1492,f,39
StravidiumPickup,9525,-287925,989,f,39
ScrapMetalPart,-11742,-313123,3708,f,39
StravidiumPickup,-14136,-309797,3551,f,39
RhyolitePickup,-13512,-316885,1393,f,39
ScrapMetalPart,-10469,-316757,1340,f,39
ScrapMetalPart,5468,-297610,1672,f,39
ScrapMetalPart,12832,-298993,2440,f,39
FuelCellPart,-3953,-317205,1447,f,39
ScrapMetalPart,-805,-304693,4046,f,39
ScrapMetalPart,6770,-308604,3925,f,39
RhyolitePickup,21172,-300944,1072,f,39
ScrapMetalWreckage,8955,-308313,4029,f,39
ScrapMetalPart,-12115,-299846,4981,f,39
ScrapMetalPart,1216,-322048,1764,f,39
FuelCellPart,-12466,-313442,3596,f,39
ScrapMetalPart,-9619,-312000,3642,f,39
BasaltPickup,7394,-291604,1251,f,39
ScrapMetalPart,2302,-318070,2398,f,39
FuelCellPart,-7906,-296636,4886,f,39
BrittleBush,10851,-300895,2930,f,39
ScrapMetalWreckage,-4833,-300939,6747,f,39
ScrapMetalWreckage,3135,-317277,2501,f,39
FuelCellPart,2938,-324327,1649,f,39
FuelCellPart,-10369,-293739,5080,f,39
ScrapMetalWreckage,11478,-299726,2514,f,39
FuelCellPart,-17836,-300447,2592,f,39
FuelCellPart,14036,-297241,2028,f,39
BrittleBush,-29,-322589,2028,f,39
ScrapMetalPart,-4882,-303087,6616,f,39
ScrapMetalPart,25423,-306714,856,f,39
ScrapMetalWreckage,2299,-318069,2391,f,39
ScrapMetalPart,2071,-305553,3404,f,39
RhyolitePickup,21359,-302524,1086,f,39
RhyolitePickup,7411,-310517,4368,f,39
BrittleBush,-9151,-311591,3738,f,39
RhyolitePickup,3660,-328001,1527,f,39
ScrapMetalPart,-9747,-317813,1130,f,39
ScrapMetalWreckage,-6071,-304936,7109,f,39
FuelCellPart,2637,-302631,2955,f,39
ScrapMetalWreckage,9039,-301413,3268,f,39
BrittleBush,-8702,-312053,3619,f,39
AzuriteOre,13983,-290429,968,f,39
ScrapMetalPart,9245,-296661,1406,f,39
ScrapMetalWreckage,25157,-306754,878,f,39
ScrapMetalPart,21396,-301313,1056,f,39
ScrapMetalWreckage,23305,-304449,980,f,39
ScrapMetalWreckage,9851,-308175,4079,f,39
ScrapMetalWreckage,-11742,-313087,3703,f,39
BrittleBush,-2790,-316513,1756,f,39
BasaltPickup,-7632,-304773,7194,f,39
ScrapMetalPart,10390,-315739,1655,f,39
ScrapMetalPart,-6486,-319839,1023,f,39
FuelCellPart,-16836,-311112,1780,f,39
ScrapMetalWreckage,-4426,-317622,1336,f,39
ScrapMetalWreckage,4939,-302322,2892,f,39
FuelCellPart,-3965,-292217,5514,f,39
FuelCellPart,-18947,-304051,2284,f,39
AzuritePickup,-15482,-299686,3343,f,39
FuelCellPart,3018,-306097,3447,f,39
AzuritePickup,14296,-298749,2559,f,39
BasaltOre,-9761,-301161,7348,f,39
BrittleBush,-8745,-314952,1821,f,39
ScrapMetalPart,9135,-300969,3176,f,39
RhyolitePickup,23726,-304879,1073,f,39
FuelCellPart,9259,-304425,4101,f,39
RhyolitePickup,20058,-315504,1152,f,39
RhyolitePickup,9244,-306061,3976,f,39
ScrapMetalPart,-6852,-323597,1383,f,39
TitaniumOre,23271,-309985,1628,f,39
BrittleBush,-2676,-317049,1648,f,39
TitaniumPickup,8799,-320202,1384,f,39
BrittleBush,17052,-317989,1002,f,39
ScrapMetalWreckage,3231,-328042,1434,f,39
ScrapMetalWreckage,4512,-291402,5248,f,39
StravidiumPickup,7848,-290831,1161,f,39
ScrapMetalPart,1921,-325081,1319,f,39
ScrapMetalPart,4708,-287807,3724,f,39
RhyoliteOre,2475,-297651,2439,f,39
ScrapMetalPart,-4437,-317353,1379,f,39
FuelCellPart,12169,-295376,1267,f,39
ScrapMetalPart,-9138,-316363,1397,f,39
ScrapMetalPart,15108,-297351,2176,f,39
ScrapMetalPart,5181,-302191,2900,f,39
ScrapMetalPart,-7855,-308429,7331,f,39
BasaltPickup,-16215,-310231,2838,f,39
ScrapMetalPart,13073,-298452,2294,f,39
FuelCellPart,9989,-377950,4458,f,39
ScrapMetalPart,4583,-382736,4518,f,39
ScrapMetalPart,-25807,-388237,1619,f,39
RhyolitePickup,1689,-375168,4401,f,39
FuelCellPart,-21703,-389466,2052,f,39
RhyolitePickup,6511,-381751,4084,f,39
ScrapMetalPart,8179,-381051,4157,f,39
ScrapMetalWreckage,4123,-382195,4264,f,39
FuelCellPart,-26246,-387848,1646,f,39
ScrapMetalPart,22920,-393985,2681,f,39
ScrapMetalPart,-893,-376948,4172,f,39
ScrapMetalPart,8203,-380600,4081,f,39
FuelCellWreckage,-23815,-388759,1958,f,39
BrittleBush,-24041,-389319,2087,f,39
ScrapMetalPart,23925,-392858,2692,f,39
FuelCellWreckage,-814,-377954,4107,f,39
RhyolitePickup,-37,-380397,4088,f,39
ScrapMetalWreckage,17238,-390486,1832,f,39
ScrapMetalWreckage,-1317,-377458,4320,f,39
RhyolitePickup,10075,-375719,4435,f,39
ScrapMetalWreckage,23947,-392834,2692,f,39
ScrapMetalPart,4289,-381989,4250,f,39
FuelCellPart,22336,-394805,2633,f,39
ScrapMetalPart,-998,-377379,4191,f,39
ScrapMetalWreckage,3466,-381641,4336,f,39
BrittleBush,6769,-382563,4414,f,39
ScrapMetalWreckage,23567,-394378,2834,f,39
ScrapMetalPart,23742,-393326,2715,f,39
AzuritePickup,7355,-381891,4209,f,39
FuelCellPart,5335,-380439,4782,f,39
BasaltPickup,193,-379883,4041,f,39
ScrapMetalWreckage,4571,-382706,4487,f,39
ScrapMetalPart,4458,-382382,4341,f,39
FuelCellPart,17531,-389688,1772,f,39
ScrapMetalPart,-25716,-387479,1710,f,39
AzuritePickup,17979,-389710,1672,f,39
BrittleBush,17241,-394452,1798,f,39
BasaltOre,502,-379671,4195,f,39
ScrapMetalWreckage,-1048,-376733,4245,f,39
AzuritePickup,-23588,-388471,1882,f,39
BrittleBush,6160,-381663,4180,f,39
BrittleBush,17604,-391484,1778,f,39
ScrapMetalPart,-20725,-389513,2295,f,39
ScrapMetalPart,3574,-381444,4432,f,39
FuelCellWreckage,23137,-392545,2564,f,39
AzuritePickup,-24383,-387802,1632,f,39
FuelCellPart,23143,-392815,2598,f,39
ScrapMetalWreckage,-324,-377140,4106,f,39
ScrapMetalPart,1071,-375749,4350,f,39
ScrapMetalPart,-1322,-377729,4317,f,39
FuelCellPart,9051,-380577,4323,f,39
ScrapMetalPart,17168,-390674,1851,f,39
FuelCellPart,1326,-374042,4279,f,39
ScrapMetalPart,23814,-394491,2886,f,39
ScrapMetalWreckage,-20739,-389730,2296,f,39
ScrapMetalWreckage,-25491,-387321,1744,f,39
ScrapMetalPart,-25796,-387728,1653,f,39
ScrapMetalPart,23052,-394304,2725,f,39
ScrapMetalPart,3259,-373230,4248,f,39
RhyolitePickup,2082,-376925,4694,f,39
ScrapMetalWreckage,924,-375532,4263,f,39
BrittleBush,9473,-374075,4370,f,39
ScrapMetalPart,-301,-376961,4119,f,39
FuelCellPart,-786,-377965,4102,f,39
ScrapMetalPart,-24286,-389215,2044,f,39
ScrapMetalPart,21377,-391447,2157,f,39
FuelCellPart,2781,-382449,4371,f,39
BrittleBush,9406,-373638,4464,f,39
FuelCellPart,-24374,-388874,1936,f,39
FuelCellPart,-854,-375749,4280,f,39
BrittleBush,6873,-372239,4541,f,39
ScrapMetalWreckage,8041,-381282,4175,f,39
FuelCellPart,-24050,-388890,1976,f,39
BauxitePickup,-21361,-430282,3907,f,39
FuelCellWreckage,-22097,-431482,3717,f,39
ScrapMetalPart,-9288,-420368,3784,f,39
ScrapMetalPart,-15424,-423949,3297,f,39
RhyolitePickup,-10941,-427128,3784,f,39
RhyolitePickup,-22061,-431955,3691,f,39
FuelCellPart,-16548,-424645,3360,f,39
ScrapMetalPart,-11665,-420657,3415,f,39
FuelCellPart,-11595,-420830,3345,f,39
FuelCellPart,22051,-429832,5668,f,39
BauxitePickup,20339,-430777,5102,f,39
ScrapMetalWreckage,-18241,-425688,3538,f,39
ScrapMetalPart,25330,-426329,4871,f,39
ScrapMetalWreckage,25248,-426075,4832,f,39
AzuritePickup,-11338,-428197,3521,f,39
BrittleBush,-11190,-426226,3902,f,39
BrittleBush,-20841,-432282,4093,f,39
ScrapMetalPart,-18279,-426418,3577,f,39
ScrapMetalPart,24557,-423065,4338,f,39
ScrapMetalPart,-11348,-427102,3695,f,39
ScrapMetalPart,-21268,-435930,3198,f,39
RhyolitePickup,-14436,-423586,3230,f,39
BauxiteOre,20322,-430309,5179,f,39
AzuritePickup,22779,-430209,5721,f,39
ScrapMetalPart,24473,-422620,4368,f,39
AzuriteOre,-10863,-426716,3895,f,39
ScrapMetalPart,19121,-432062,2988,f,39
ScrapMetalWreckage,24382,-422473,4371,f,39
ScrapMetalPart,-10793,-428940,3608,f,39
ScrapMetalWreckage,24907,-423917,4293,f,39
AzuriteOre,23196,-430313,5738,f,39
RhyolitePickup,-10064,-421330,3605,f,39
ScrapMetalPart,-9561,-420640,3577,f,39
ScrapMetalWreckage,-10841,-427847,3666,f,39
RhyolitePickup,18043,-425652,3764,f,39
ScrapMetalWreckage,24398,-424397,4260,f,39
AzuritePickup,20021,-428331,3991,f,39
FuelCellPart,18734,-429114,3366,f,39
AzuritePickup,-10818,-426308,3997,f,39
ScrapMetalPart,-10768,-420715,3407,f,39
ScrapMetalPart,-8978,-426650,4249,f,39
BasaltPickup,-18659,-429845,5462,f,39
AzuritePickup,-22566,-432877,3448,f,39
FuelCellPart,-6887,-424317,3636,f,39
ScrapMetalWreckage,-8924,-426436,4307,f,39
BasaltOre,-19796,-430385,5358,f,39
FuelCellPart,-21374,-434223,3428,f,39
ScrapMetalWreckage,-11027,-420650,3373,f,39
ScrapMetalWreckage,-15743,-423776,3399,f,39
ScrapMetalPart,18709,-430103,3197,f,39
BrittleBush,-18413,-428380,4147,f,39
FuelCellPart,20120,-427959,4078,f,39
ScrapMetalPart,-8966,-424243,4907,f,39
ScrapMetalPart,-17922,-426640,3694,f,39
ScrapMetalPart,25073,-424234,4277,f,39
FuelCellPart,-12395,-429056,3655,f,39
FuelCellPart,-22043,-431745,3710,f,39
ScrapMetalWreckage,-21427,-435938,3169,f,39
BrittleBush,-14085,-430752,3790,f,39
RhyolitePickup,-11532,-427605,3531,f,39
ScrapMetalPart,-18438,-434248,3731,f,39
ScrapMetalWreckage,-6839,-426338,3476,f,39
ScrapMetalPart,-21963,-433516,3489,f,39
BrittleBush,23630,-425704,4332,f,39
ScrapMetalWreckage,18805,-429849,3270,f,39
ScrapMetalPart,-10872,-428117,3622,f,39
ScrapMetalWreckage,17668,-428441,3277,f,39
FuelCellPart,19740,-432737,3115,f,39
RhyolitePickup,17629,-427487,3213,f,39
FuelCellPart,-16111,-424305,3343,f,39
FuelCellPart,21666,-432274,4029,f,39
ScrapMetalPart,-8888,-420680,3761,f,39
BasaltPickup,17656,-415734,4026,f,39
ScrapMetalPart,-6648,-423641,3965,f,39
FuelCellPart,-11060,-427551,3652,f,39
RhyolitePickup,19047,-425349,4014,f,39
ScrapMetalPart,-12922,-430649,3858,f,39
AzuritePickup,-22633,-429067,3364,f,39
ScrapMetalPart,-18200,-425433,3585,f,39
ScrapMetalPart,-15659,-423521,3458,f,39
RhyolitePickup,18771,-422166,7099,f,39
FuelCellPart,-14281,-424331,3101,f,39
FuelCellWreckage,-15912,-424441,3282,f,39
FuelCellPart,-9672,-420259,3760,f,39
RhyolitePickup,-13703,-422842,3355,f,39
ScrapMetalWreckage,20276,-427451,4181,f,39
FuelCellPart,-15509,-424292,3244,f,39
ScrapMetalPart,-10053,-419974,3819,f,39
ScrapMetalWreckage,-21941,-433529,3486,f,39
BrittleBush,15317,-417822,5025,f,39
ScrapMetalPart,25023,-423745,4327,f,39
RhyolitePickup,-17073,-433210,3898,f,39
RhyolitePickup,22392,-429977,5690,f,39
BauxiteOre,-21432,-429810,3784,f,39
BasaltPickup,-19782,-430422,5346,f,39
ScrapMetalWreckage,24675,-423305,4330,f,39
BrittleBush,25736,-421832,4529,f,39
ScrapMetalWreckage,18852,-427599,3639,f,39
BasaltOre,17319,-415969,3975,f,39
AzuritePickup,17117,-425826,3412,f,39
ScrapMetalPart,24142,-424317,4258,f,39
ScrapMetalWreckage,-18464,-434244,3723,f,39
ScrapMetalWreckage,-9092,-420767,3656,f,39
BrittleBush,-6540,-424493,3817,f,39
ScrapMetalPart,-6677,-426551,3536,f,39
ScrapMetalPart,17724,-428634,3288,f,39
RhyolitePickup,-11114,-422966,4227,f,39
BasaltOre,-18074,-429978,5558,f,39
BrittleBush,-18414,-427887,4146,f,39
ScrapMetalPart,18640,-427408,3630,f,39
RhyolitePickup,-20840,-427883,3503,f,39
AzuritePickup,-18088,-432597,4356,f,39
RhyolitePickup,-17439,-431069,4671,f,39
ScrapMetalPart,20286,-427436,4170,f,39
ScrapMetalWreckage,-11635,-420403,3528,f,39
FuelCellWreckage,18702,-429164,3344,f,39
RhyolitePickup,19178,-429896,3402,f,39
ScrapMetalPart,-68312,-576281,4202,f,59
TitaniumPickup,-69767,-572953,3120,f,59
TitaniumOre,-69956,-573177,3198,f,59
StravidiumOre,-68294,-575886,4206,f,59
TitaniumOre,-70674,-582815,2770,f,59
StravidiumOre,-90413,-621887,4526,f,59
StravidiumPickup,-98951,-626313,4880,f,59
TitaniumOre,-87365,-591390,2188,f,59
TitaniumPickup,-109167,-617889,5552,f,59
StravidiumPickup,-98718,-583952,639,f,59
TitaniumOre,-109452,-618184,5604,f,59
StravidiumOre,-109051,-598555,5135,f,59
StravidiumPickup,-98600,-596336,7086,f,59
StravidiumPickup,-95286,-606593,7700,f,59
StravidiumOre,-98805,-596149,7077,f,59
StravidiumOre,-113524,-594548,1127,f,59
StravidiumPickup,-108903,-598937,5105,f,59
StravidiumPickup,-107136,-612460,6011,f,59
TitaniumOre,-106657,-596688,5094,f,59
TitaniumPickup,-85855,-623583,1261,f,59
StravidiumOre,-98732,-626661,4961,f,59
ScrapMetalPart,-100865,-576882,2039,f,59
TitaniumPickup,-87728,-591581,2189,f,59
StravidiumOre,-95592,-606547,7657,f,59
TitaniumPickup,-106838,-596349,5048,f,59
StravidiumOre,-99032,-583960,612,f,59
TitaniumPickup,-94990,-614242,6783,f,59
StravidiumOre,-107199,-612097,5984,f,59
ScrapMetalPart,-90493,-621552,4507,f,59
TitaniumPickup,-115439,-610340,2587,f,59
TitaniumOre,-115694,-610062,2575,f,59
TitaniumOre,-100467,-576978,2041,f,59
TitaniumOre,-95036,-613862,6730,f,59
ScrapMetalPart,-113646,-644192,2948,f,59
TitaniumOre,-105393,-627327,1953,f,59
TitaniumPickup,-108577,-637342,1227,f,59
TitaniumOre,-108323,-637643,1347,f,59
TitaniumPickup,-105757,-627474,1925,f,59
StravidiumOre,-114010,-644270,2900,f,59
DolomiteRock,-190160,-712500,8264,f,58
DolomiteRock,-192916,-718563,3919,f,58
DolomitePickup,-177320,-723252,2092,f,59
DolomiteRock,-177174,-724293,1341,f,59
DolomiteRock,-200297,-707456,8223,f,58
DolomitePickup,-194325,-712261,5663,f,58
DolomitePickup,-221930,-713131,3774,f,58
DolomiteRock,-187988,-724584,594,f,58
DolomiteRock,-204684,-712466,6540,f,58
DolomitePickup,-232098,-715001,1214,f,58
DolomitePickup,-215959,-712752,7076,f,58
DolomitePickup,-206024,-701578,5542,f,58
DolomiteRock,-208373,-705153,7793,f,58
DolomitePickup,-229737,-722000,2919,f,58
DolomitePickup,-208413,-707628,7596,f,58
DolomiteRock,-200599,-708873,7650,f,58
DolomitePickup,-229441,-717898,1375,f,58
DolomitePickup,-202333,-705635,8163,f,58
DolomiteRock,-206011,-701201,5489,f,58
DolomiteRock,-196711,-724161,2584,f,58
DolomitePickup,-211757,-705615,6201,f,58
DolomitePickup,-200996,-708770,7634,f,58
DolomitePickup,-185454,-711843,4357,f,58
DolomitePickup,-197551,-697331,5238,f,58
DolomiteRock,-221723,-713059,3745,f,58
DolomiteRock,-197119,-707863,8442,f,58
DolomitePickup,-202104,-706901,8216,f,58
DolomiteRock,-215510,-712721,7093,f,58
DolomiteRock,-194714,-708087,7958,f,58
DolomiteRock,-232489,-715129,1353,f,58
DolomitePickup,-220856,-714510,3532,f,58
DolomiteRock,-186839,-718702,3385,f,58
DolomitePickup,-186548,-721502,697,f,58
DolomitePickup,-188191,-715779,5319,f,58
DolomitePickup,-214333,-725298,1030,f,58
DolomitePickup,-193047,-712646,5627,f,58
DolomiteRock,-216794,-713174,7077,f,58
DolomiteRock,-212121,-705390,6097,f,58
DolomiteRock,-206867,-730150,1588,f,55
DolomitePickup,-220432,-705897,4153,f,58
DolomiteRock,-185605,-711499,4398,f,58
DolomiteRock,-209510,-725484,2748,f,58
DolomitePickup,-216272,-714088,7032,f,58
DolomiteRock,-207979,-714704,5699,f,58
DolomitePickup,-170514,-720363,685,f,59
DolomiteRock,-188148,-702670,4961,f,58
DolomitePickup,-207626,-714462,5751,f,58
DolomiteRock,-196657,-689411,1199,f,58
DolomitePickup,-210721,-721709,5105,f,58
DolomiteRock,-202466,-705815,8155,f,58
DolomitePickup,-193081,-714934,5513,f,58
DolomiteRock,-187945,-719711,3064,f,58
DolomitePickup,-200556,-714519,6249,f,58
DolomitePickup,-229345,-709042,2226,f,58
DolomiteRock,-218854,-710911,6240,f,58
DolomiteRock,-193646,-712558,5625,f,58
DolomiteRock,-229233,-718113,1361,f,58
DolomitePickup,-196711,-689084,1175,f,58
DolomitePickup,-226023,-711356,1324,f,58
DolomiteRock,-206001,-698852,4443,f,58
DolomiteRock,-215436,-740703,2834,f,55
DolomitePickup,-186408,-718604,3408,f,58
DolomitePickup,-195072,-708288,8036,f,58
DolomitePickup,-201793,-697249,5364,f,58
DolomiteRock,-177959,-710957,891,f,59
DolomitePickup,-197475,-707728,8424,f,58
DolomiteRock,-220812,-705950,4122,f,58
DolomitePickup,-209160,-725271,2736,f,58
DolomitePickup,-196287,-716049,5017,f,58
DolomitePickup,-216059,-739133,1119,f,55
DolomiteRock,-220789,-714105,3594,f,58
DolomiteRock,-212892,-719746,5136,f,58
DolomitePickup,-207790,-723669,2964,f,58
DolomitePickup,-199947,-699663,5612,f,58
DolomiteRock,-226217,-712237,1115,f,58
DolomitePickup,-205085,-730960,1344,f,55
DolomiteRock,-189957,-721347,2264,f,58
DolomitePickup,-215564,-741035,2794,f,55
DolomiteRock,-176602,-710344,1117,f,59
DolomiteRock,-209343,-718666,5175,f,58
DolomiteRock,-214235,-725697,1015,f,58
DolomitePickup,-219226,-710933,6176,f,58
DolomitePickup,-200202,-707185,8234,f,58
DolomiteRock,-192066,-703318,3649,f,58
DolomiteRock,-216908,-739770,1348,f,55
DolomitePickup,-208544,-705532,7727,f,58
DolomitePickup,-224876,-704327,2189,f,58
DolomiteRock,-208206,-707895,7566,f,58
DolomiteRock,-217463,-712621,7082,f,58
DolomiteRock,-202981,-707188,8159,f,58
DolomiteRock,-202610,-727743,1849,f,55
DolomitePickup,-179778,-707908,619,f,59
DolomiteRock,-193662,-698250,3081,f,58
DolomitePickup,-197297,-695845,5166,f,58
DolomiteRock,-226387,-711137,1366,f,58
DolomiteRock,-169621,-722599,964,f,59
DolomitePickup,-202699,-727718,1809,f,55
DolomitePickup,-217734,-712312,7044,f,58
DolomitePickup,-177682,-710637,1010,f,59
DolomitePickup,-226013,-711881,1191,f,58
DolomiteRock,-217469,-699237,2335,f,58
DolomitePickup,-205712,-698612,4442,f,58
DolomiteRock,-197366,-711285,8172,f,58
DolomiteRock,-208123,-706598,7657,f,58
DolomiteRock,-204932,-728538,1711,f,55
DolomitePickup,-212992,-719336,5116,f,58
DolomitePickup,-190026,-720930,2321,f,58
DolomitePickup,-188122,-724885,585,f,58
DolomiteRock,-225179,-704051,2188,f,58
DolomiteRock,-196025,-715733,5124,f,58
DolomiteRock,-204697,-731092,1275,f,55
DolomiteRock,-213603,-720369,5094,f,58
DolomitePickup,-217605,-698879,2290,f,58
DolomiteRock,-186451,-721970,634,f,58
DolomitePickup,-216689,-712918,7086,f,58
DolomitePickup,-208184,-706296,7700,f,58
DolomiteRock,-197066,-696201,5291,f,58
DolomitePickup,-195444,-691622,1261,f,58
DolomiteRock,-208040,-723998,2903,f,58
DolomiteRock,-192674,-695739,1737,f,58
DolomitePickup,-205092,-728794,1728,f,55
DolomitePickup,-213859,-720654,5048,f,58
DolomitePickup,-204470,-712817,6602,f,58
DolomitePickup,-198106,-696894,5257,f,58
DolomitePickup,-191699,-703105,3646,f,58
DolomiteRock,-199586,-699860,5680,f,58
DolomiteRock,-174811,-719780,926,f,59
DolomiteRock,-195390,-691215,1309,f,58
DolomiteRock,-197912,-697556,5229,f,58
DolomitePickup,-174504,-719506,787,f,59
DolomitePickup,-177380,-723870,1685,f,59
DolomitePickup,-216670,-739599,1270,f,55
DolomitePickup,-192784,-718853,3885,f,58
DolomiteRock,-177711,-723133,2098,f,59
DolomiteRock,-188218,-715464,5330,f,58
DolomitePickup,-208930,-718666,5309,f,58
DolomiteRock,-216357,-739399,1195,f,55
DolomitePickup,-190501,-712278,8290,f,58
DolomitePickup,-176953,-710536,1040,f,59
DolomiteRock,-216675,-714008,7014,f,58
DolomitePickup,-211344,-693596,2747,f,58
DolomitePickup,-206712,-730603,1534,f,55
DolomitePickup,-202856,-707579,8213,f,58
DolomiteRock,-211030,-721980,5135,f,58
DolomitePickup,-216914,-738669,1015,f,55
DolomiteRock,-201933,-696864,5243,f,58
DolomitePickup,-196850,-724306,2551,f,58
DolomiteRock,-200350,-714815,6149,f,58
DolomitePickup,-197759,-711485,8213,f,58
DolomiteRock,-229424,-708736,2187,f,58
DolomitePickup,-188117,-719843,3005,f,58
DolomitePickup,-212077,-730492,2032,f,55
DolomitePickup,-236481,-717847,2111,f,58
DolomiteRock,-193469,-715070,5499,f,58
DolomiteRock,-236462,-718317,1768,f,58
DolomiteRock,-210969,-693431,2736,f,58
DolomiteRock,-194316,-712487,5654,f,58
DolomitePickup,-192265,-695766,1700,f,58
DolomiteRock,-170831,-720224,630,f,59
DolomiteRock,-212241,-730116,2045,f,55
DolomiteRock,-230120,-722022,2938,f,58
DolomitePickup,-188400,-702994,4880,f,58
DolomiteRock,-201802,-706623,8226,f,58
DolomitePickup,-193276,-698565,3017,f,58
DolomiteRock,-198468,-696699,5301,f,58
BasaltOre,-945961,-132740,1014,f,81
AzuritePickup,-939278,-130579,5033,f,81
AzuritePickup,-936650,-137998,1493,f,81
ScrapMetalWreckage,-941045,-144208,1747,f,81
ScrapMetalWreckage,-936397,-135851,1422,f,81
BrittleBush,-943769,-132657,1834,f,81
BrittleBush,-943609,-127319,1244,f,81
RhyolitePickup,-942831,-143250,2123,f,81
RhyolitePickup,-944119,-132318,1733,f,81
ScrapMetalPart,-942327,-143313,2100,f,81
ScrapMetalWreckage,-941796,-123942,1513,f,81
ScrapMetalPart,-946687,-136014,1488,f,81
FuelCellPart,-938531,-135118,2171,f,81
ScrapMetalPart,-945373,-132180,1200,f,81
ScrapMetalWreckage,-943707,-124384,1544,f,81
ScrapMetalWreckage,-936122,-136894,1255,f,81
BrittleBush,-942959,-141580,2873,f,81
ScrapMetalPart,-937090,-135045,1875,f,81
FuelCellWreckage,-945601,-134448,1337,f,81
ScrapMetalPart,-937731,-135718,1957,f,81
ScrapMetalPart,-939281,-137809,2839,f,81
AzuritePickup,-937598,-124835,2006,f,81
ScrapMetalPart,-938031,-136108,2065,f,81
TitaniumOre,-940315,-134043,4323,f,81
FuelCellWreckage,-946048,-135326,1313,f,81
ScrapMetalPart,-937360,-134522,2083,f,81
RhyoliteOre,-945802,-140489,2598,f,81
TitaniumOre,-941202,-131033,5062,f,81
RhyolitePickup,-943181,-132786,1983,f,81
ScrapMetalWreckage,-937934,-135764,2018,f,81
BasaltPickup,-945687,-132867,1117,f,81
ScrapMetalPart,-943132,-125231,1441,f,81
FuelCellWreckage,-943728,-135159,2150,f,81
ScrapMetalPart,-945872,-142492,1928,f,81
TitaniumPickup,-940457,-133727,4299,f,81
FuelCellPart,-939724,-128253,5103,f,81
FuelCellPart,-935264,-135574,1196,f,81
BrittleBush,-942602,-141737,2981,f,81
FuelCellPart,-945991,-135312,1358,f,81
FuelCellPart,-937158,-141385,1627,f,81
RhyolitePickup,-934977,-133424,1362,f,81
ScrapMetalPart,-939502,-134848,2118,f,81
StravidiumOre,-941686,-130349,5110,f,81
FuelCellPart,-945465,-134778,1448,f,81
ScrapMetalPart,-937604,-134904,2057,f,81
FuelCellPart,-945704,-134694,1337,f,81
ScrapMetalWreckage,-946444,-135895,1420,f,81
ScrapMetalWreckage,-943053,-125004,1437,f,81
RhyolitePickup,-942279,-124198,1496,f,81
ScrapMetalWreckage,-939167,-137568,2800,f,81
ScrapMetalPart,-942030,-123329,1648,f,81
ScrapMetalPart,-944069,-138109,3636,f,81
BasaltOre,-943101,-134061,2052,f,81
ScrapMetalWreckage,-937326,-134353,2121,f,81
ScrapMetalPart,-936313,-136706,1344,f,81
ScrapMetalPart,-939878,-136789,2485,f,81
StravidiumOre,-940820,-129757,5096,f,81
FuelCellPart,-943710,-135155,2139,f,81
AzuritePickup,-935406,-134086,1365,f,81
StravidiumPickup,-940587,-129464,5113,f,81
ScrapMetalWreckage,-936942,-135113,1813,f,81
BasaltPickup,-943163,-133655,2019,f,81
ScrapMetalPart,-941634,-124138,1595,f,81
RhyolitePickup,-945449,-141065,2508,f,81
ScrapMetalWreckage,-937683,-135159,2013,f,81
ScrapMetalPart,-941238,-144126,1782,f,81
RhyolitePickup,-944190,-135421,2046,f,81
ScrapMetalPart,-941424,-131379,5102,f,81
ScrapMetalWreckage,-945854,-142508,1934,f,81
AzuriteOre,-938004,-124776,1944,f,81
ScrapMetalPart,-941712,-130108,5074,f,81
ScrapMetalPart,-936653,-135815,1536,f,81
ScrapMetalPart,-932688,-94746,3357,f,81
FuelCellPart,-937745,-89417,3918,f,81
BrittleBush,-937684,-90995,3898,f,81
BrittleBush,-937185,-91075,3704,f,81
BrittleBush,-937130,-91514,3682,f,81
ScrapMetalWreckage,-932673,-94757,3348,f,81
ScrapMetalPart,-1024013,-111260,2325,f,19
RhyolitePickup,-999812,-99565,881,f,19
ScrapMetalWreckage,-996967,-106197,453,f,81
RhyolitePickup,-1024911,-111633,2045,f,19
BrittleBush,-1007959,-101326,2549,f,19
FuelCellPart,-999439,-104551,1618,f,19
ScrapMetalWreckage,-1010211,-92711,3646,f,19
StravidiumOre,-1011612,-106320,5454,f,19
ScrapMetalPart,-1013923,-120621,636,f,19
ScrapMetalPart,-1008683,-122104,447,f,19
FuelCellPart,-1000799,-99659,1083,f,19
ScrapMetalWreckage,-977427,-94393,1776,f,81
ScrapMetalPart,-1026583,-116129,680,f,19
ScrapMetalPart,-1013074,-85441,2863,f,19
FuelCellPart,-1024714,-115386,989,f,19
RhyolitePickup,-1025433,-111943,1880,f,19
FuelCellPart,-1017461,-117198,1738,f,19
ScrapMetalPart,-1017825,-104407,3954,f,19
RhyolitePickup,-1023727,-117484,907,f,19
ScrapMetalPart,-1033653,-95315,1150,f,19
BrittleBush,-983988,-89917,1446,f,81
ScrapMetalPart,-998465,-102572,891,f,19
RhyolitePickup,-1018357,-112580,2872,f,19
ScrapMetalWreckage,-1030124,-106057,1420,f,19
ScrapMetalPart,-1032623,-105865,1212,f,19
ScrapMetalWreckage,-1011468,-119751,757,f,19
ScrapMetalPart,-1036573,-107981,435,f,19
FuelCellPart,-1025314,-116538,664,f,19
ScrapMetalWreckage,-1030489,-93907,1640,f,19
ScrapMetalPart,-1024175,-107861,2577,f,19
FuelCellPart,-1018366,-103945,3783,f,19
ScrapMetalPart,-1010221,-109333,5418,f,19
FuelCellPart,-1029151,-105080,1696,f,19
StravidiumPickup,-1008195,-108701,5444,f,19
FuelCellWreckage,-1020208,-108334,3115,f,19
ScrapMetalPart,-1011201,-119788,751,f,19
StravidiumOre,-1038235,-101296,460,f,19
ScrapMetalPart,-1026687,-108610,2063,f,19
FuelCellPart,-998057,-101584,653,f,19
FuelCellWreckage,-1026201,-114300,1152,f,19
ScrapMetalWreckage,-1032895,-111646,828,f,19
ScrapMetalPart,-1020948,-94456,8832,f,19
FuelCellPart,-1025763,-107675,2207,f,19
ScrapMetalPart,-1016140,-119683,1025,f,19
RhyolitePickup,-1031030,-105575,1372,f,19
FuelCellPart,-978933,-93238,2229,f,81
ScrapMetalWreckage,-1017610,-86632,3860,f,19
AzuritePickup,-1015826,-80900,1727,f,19
FuelCellPart,-981065,-87200,1458,f,81
ScrapMetalPart,-1018349,-106908,3689,f,19
FuelCellPart,-1019100,-85668,3615,f,19
ScrapMetalPart,-1030075,-93587,1762,f,19
TitaniumPickup,-1032824,-89169,1458,f,19
ScrapMetalPart,-979684,-94135,1828,f,81
ScrapMetalWreckage,-979871,-93931,1846,f,81
ScrapMetalWreckage,-1009606,-93680,3612,f,19
FuelCellPart,-1018055,-112589,2901,f,19
ScrapMetalPart,-1022348,-105764,2662,f,19
FuelCellPart,-1027062,-97579,2938,f,19
ScrapMetalPart,-1011577,-108564,5433,f,19
RhyolitePickup,-1036483,-107203,461,f,19
StravidiumOre,-1007899,-108830,5419,f,19
BrittleBush,-1020216,-90031,4533,f,19
AzuritePickup,-1019243,-87430,4175,f,19
ScrapMetalPart,-1032525,-98664,1702,f,19
BrittleBush,-1002943,-102806,1694,f,19
RhyolitePickup,-1017329,-97538,8731,f,19
ScrapMetalPart,-1018812,-106103,3448,f,19
ScrapMetalWreckage,-979267,-95132,1536,f,81
ScrapMetalPart,-1020946,-103520,3137,f,19
FuelCellPart,-1035060,-110316,600,f,19
FuelCellPart,-1023910,-107485,2618,f,19
BrittleBush,-1017942,-107436,3779,f,19
BrittleBush,-1028385,-104193,2053,f,19
ScrapMetalPart,-1022008,-112211,2584,f,19
RhyolitePickup,-997466,-97925,778,f,81
RhyolitePickup,-1013878,-99310,5747,f,19
ScrapMetalWreckage,-1032713,-98475,1681,f,19
FuelCellPart,-978547,-94535,1782,f,81
BasaltPickup,-1029123,-95767,2685,f,19
ScrapMetalWreckage,-1011477,-86106,2515,f,19
BrittleBush,-1016707,-111002,3320,f,19
ScrapMetalWreckage,-1034734,-108628,787,f,19
ScrapMetalPart,-1009547,-94653,3717,f,19
AzuritePickup,-1005696,-86785,2405,f,19
ScrapMetalPart,-1025968,-116305,646,f,19
ScrapMetalPart,-1030110,-90636,1556,f,19
FuelCellPart,-999786,-92575,1295,f,19
ScrapMetalPart,-1000124,-86999,575,f,19
ScrapMetalWreckage,-997904,-106575,735,f,19
ScrapMetalPart,-1016998,-120375,843,f,19
AzuritePickup,-1026446,-109859,2162,f,19
RhyolitePickup,-1031227,-105268,1396,f,19
ScrapMetalPart,-1038801,-106011,378,f,19
ScrapMetalWreckage,-998358,-102712,897,f,19
BasaltPickup,-1001791,-92071,3077,f,19
ScrapMetalWreckage,-1001210,-110938,814,f,19
ScrapMetalWreckage,-1031762,-89117,1430,f,19
RhyolitePickup,-1032040,-95843,1574,f,19
StravidiumPickup,-1008126,-100191,2769,f,19
ScrapMetalPart,-1026842,-107080,1886,f,19
BrittleBush,-1003774,-102567,1711,f,19
ScrapMetalPart,-1036235,-106965,495,f,19
ScrapMetalPart,-1017471,-86861,3894,f,19
BasaltOre,-1022831,-97684,8981,f,19
StravidiumPickup,-1011817,-106676,5525,f,19
ScrapMetalWreckage,-996618,-98458,447,f,81
ScrapMetalWreckage,-1024174,-111022,2315,f,19
BauxiteOre,-1008482,-101535,2712,f,19
ScrapMetalPart,-1030275,-93869,1705,f,19
ScrapMetalPart,-1039026,-104258,336,f,19
RhyolitePickup,-1007675,-101172,2518,f,19
ScrapMetalWreckage,-1029369,-106286,1487,f,19
TitaniumOre,-1006191,-111092,5418,f,19
FuelCellPart,-1015700,-111625,3157,f,19
ScrapMetalPart,-1027471,-103850,2187,f,19
ScrapMetalWreckage,-1028643,-105181,1742,f,19
AzuritePickup,-979058,-94349,1820,f,81
ScrapMetalPart,-1036974,-107976,417,f,19
RhyolitePickup,-1013296,-98638,5873,f,19
ScrapMetalPart,-981596,-87706,1488,f,81
ScrapMetalWreckage,-1036482,-106855,486,f,19
RhyolitePickup,-1034890,-109859,686,f,19
AzuriteOre,-1005426,-86527,2382,f,19
FuelCellPart,-1013685,-81785,1784,f,19
FuelCellPart,-998662,-102370,886,f,19
ScrapMetalPart,-1013606,-100678,5332,f,19
ScrapMetalWreckage,-1024561,-117340,702,f,19
ScrapMetalWreckage,-1030876,-91400,1382,f,19
ScrapMetalWreckage,-1030345,-90514,1480,f,19
ScrapMetalWreckage,-1017259,-120429,823,f,19
RhyolitePickup,-1015290,-117369,2028,f,19
RhyolitePickup,-1032487,-107143,1385,f,19
RhyolitePickup,-1020657,-118884,897,f,19
FuelCellPart,-1017491,-119073,1091,f,19
FuelCellPart,-1030833,-92507,1477,f,19
FuelCellPart,-1019641,-110169,3025,f,19
ScrapMetalWreckage,-1002450,-109251,1448,f,19
AzuritePickup,-1028889,-104621,1859,f,19
FuelCellPart,-1009034,-98532,3272,f,19
TitaniumOre,-1019420,-97218,8960,f,19
ScrapMetalPart,-1033216,-106704,1126,f,19
TitaniumOre,-1016245,-99937,8381,f,19
ScrapMetalWreckage,-1018672,-105920,3485,f,19
RhyolitePickup,-1001424,-113272,723,f,19
BrittleBush,-1014774,-100569,5455,f,19
ScrapMetalPart,-1030417,-95344,1779,f,19
ScrapMetalPart,-1026566,-107423,1982,f,19
BrittleBush,-1022287,-91558,4278,f,19
FuelCellPart,-977619,-98220,1089,f,81
BasaltOre,-1030542,-113705,2857,f,19
BrittleBush,-1014647,-128118,1291,f,19
ScrapMetalWreckage,-1000173,-86841,543,f,19
BauxiteOre,-1004569,-102300,1822,f,19
ScrapMetalWreckage,-1025429,-115941,773,f,19
BrittleBush,-980492,-93463,1904,f,81
ScrapMetalWreckage,-1024008,-108070,2606,f,19
ScrapMetalPart,-1016308,-99897,8320,f,19
RhyolitePickup,-1011244,-102173,4957,f,19
ScrapMetalPart,-1039117,-105823,355,f,19
ScrapMetalPart,-1028789,-106003,1569,f,19
ScrapMetalWreckage,-1008496,-104360,3810,f,19
ScrapMetalWreckage,-1016351,-119840,972,f,19
FuelCellPart,-1010700,-99732,4756,f,19
ScrapMetalPart,-1028627,-105269,1726,f,19
ScrapMetalWreckage,-1005946,-106759,3468,f,19
ScrapMetalPart,-1009704,-94352,3704,f,19
FuelCellWreckage,-1035366,-110049,584,f,19
RhyolitePickup,-1027381,-100572,3678,f,19
FuelCellPart,-979451,-94226,1834,f,81
ScrapMetalPart,-1015350,-81332,1850,f,19
TitaniumPickup,-1019532,-96858,8968,f,19
ScrapMetalPart,-979343,-94881,1598,f,81
RhyolitePickup,-1030269,-89886,1506,f,19
RhyolitePickup,-1019763,-111670,2854,f,19
AzuritePickup,-997944,-100185,542,f,19
BrittleBush,-1009176,-104114,3793,f,19
FuelCellWreckage,-978393,-95372,1567,f,81
ScrapMetalPart,-1037531,-99091,479,f,19
TitaniumPickup,-1031986,-97431,1780,f,19
BrittleBush,-1017290,-92647,5163,f,19
ScrapMetalPart,-1033861,-100905,1996,f,19
ScrapMetalPart,-996743,-98213,478,f,81
BrittleBush,-1015766,-127370,1090,f,19
AzuritePickup,-1021726,-119027,820,f,19
ScrapMetalPart,-1002624,-109055,1545,f,19
AzuritePickup,-997285,-106684,528,f,81
ScrapMetalPart,-1031732,-106593,1386,f,19
BasaltPickup,-1007820,-115511,1945,f,19
ScrapMetalPart,-1001149,-111197,772,f,19
ScrapMetalPart,-1021237,-106704,2931,f,19
ScrapMetalWreckage,-1012273,-99831,4918,f,19
FuelCellPart,-1015123,-90346,5771,f,19
ScrapMetalPart,-1006614,-111052,5445,f,19
ScrapMetalWreckage,-1017654,-104548,4015,f,19
ScrapMetalWreckage,-1032761,-106092,1193,f,19
ScrapMetalWreckage,-979169,-96260,1193,f,81
BauxitePickup,-1008925,-101591,3126,f,19
ScrapMetalWreckage,-1026812,-107079,1889,f,19
ScrapMetalWreckage,-1012918,-85658,2863,f,19
BrittleBush,-1004488,-107809,2658,f,19
ScrapMetalPart,-1035869,-107360,495,f,19
BrittleBush,-1014747,-128389,1383,f,19
ScrapMetalWreckage,-1033217,-106701,1129,f,19
BasaltOre,-1001956,-92414,3109,f,19
BrittleBush,-1016813,-128445,1389,f,19
BasaltPickup,-1030320,-113360,2846,f,19
FuelCellWreckage,-1029243,-104875,1725,f,19
ScrapMetalPart,-982144,-87643,1422,f,81
BrittleBush,-1025545,-81375,3817,f,19
RhyolitePickup,-1016780,-117202,1772,f,19
ScrapMetalWreckage,-1010365,-110756,5450,f,19
ScrapMetalWreckage,-1034172,-105703,971,f,19
ScrapMetalPart,-1030388,-96477,2028,f,19
RhyolitePickup,-1024407,-105076,2337,f,19
RhyolitePickup,-1023166,-94199,8704,f,19
ScrapMetalPart,-1035007,-108678,723,f,19
TitaniumOre,-1032300,-97233,1702,f,19
FuelCellPart,-1027597,-108402,1927,f,19
AzuritePickup,-1013936,-86394,3349,f,19
BasaltOre,-1020867,-81043,1799,f,19
RhyoliteOre,-1032162,-96101,1621,f,19
FuelCellPart,-1015519,-102914,4751,f,19
ScrapMetalPart,-1001026,-88288,897,f,19
BasaltPickup,-1020535,-80837,1957,f,19
ScrapMetalPart,-978714,-96570,1177,f,81
ScrapMetalPart,-1025632,-116128,711,f,19
RhyolitePickup,-1021709,-96428,8946,f,19
ScrapMetalWreckage,-1039132,-105795,355,f,19
ScrapMetalWreckage,-1024086,-106638,2469,f,19
TitaniumPickup,-977986,-92575,2470,f,81
ScrapMetalWreckage,-1021251,-106714,2928,f,19
FuelCellPart,-1037742,-100610,439,f,19
ScrapMetalWreckage,-1027309,-104028,2143,f,19
FuelCellPart,-1035224,-109823,630,f,19
BasaltPickup,-1022943,-97289,8960,f,19
ScrapMetalWreckage,-1022017,-112199,2568,f,19
FuelCellWreckage,-1030664,-92304,1528,f,19
ScrapMetalWreckage,-1000451,-92524,1484,f,19
FuelCellPart,-1031085,-93249,1436,f,19
ScrapMetalWreckage,-1010217,-109438,5417,f,19
ScrapMetalPart,-1032033,-89127,1441,f,19
RhyolitePickup,-1029795,-104722,1641,f,19
ScrapMetalPart,-1009938,-92749,3579,f,19
FuelCellPart,-1022828,-109959,2713,f,19
ScrapMetalPart,-1005773,-106963,3437,f,19
FuelCellPart,-1033847,-100377,1924,f,19
ScrapMetalPart,-1008220,-104354,3833,f,19
ScrapMetalPart,-1029402,-106280,1496,f,19
BrittleBush,-1016358,-111549,3160,f,19
RhyoliteOre,-999606,-99209,894,f,19
ScrapMetalPart,-977429,-94397,1782,f,81
FuelCellPart,-1015940,-120041,908,f,19
FuelCellPart,-1034283,-109260,868,f,19
ScrapMetalPart,-1010258,-111011,5444,f,19
BasaltOre,-1029007,-95994,2648,f,19
RhyolitePickup,-980716,-86663,1542,f,81
StravidiumOre,-1037473,-104297,3551,f,19
ScrapMetalPart,-1000222,-92544,1419,f,19
ScrapMetalPart,-1014042,-83311,2440,f,19
FuelCellWreckage,-1026027,-107657,2140,f,19
ScrapMetalPart,-978545,-94967,1636,f,81
ScrapMetalWreckage,-1024223,-83562,5651,f,19
ScrapMetalWreckage,-1026745,-108349,2040,f,19
StravidiumOre,-1021116,-93378,8760,f,19
ScrapMetalPart,-1000519,-111566,589,f,19
ScrapMetalPart,-1032673,-112847,732,f,19
FuelCellWreckage,-1027866,-108387,1901,f,19
TitaniumOre,-1032648,-88813,1488,f,19
AzuritePickup,-1026758,-81005,3598,f,19
ScrapMetalPart,-1029357,-89947,1773,f,19
ScrapMetalWreckage,-1026181,-116141,679,f,19
ScrapMetalPart,-1022260,-101581,4035,f,19
StravidiumOre,-1008345,-100437,2746,f,19
StravidiumPickup,-1038512,-101520,524,f,19
AzuritePickup,-1029690,-106098,1462,f,19
ScrapMetalPart,-1018119,-119405,914,f,19
BrittleBush,-1021402,-78424,1037,f,19
ScrapMetalPart,-1030189,-106280,1426,f,19
RhyolitePickup,-1021571,-84658,4947,f,19
BrittleBush,-1024836,-102501,2871,f,19
ScrapMetalPart,-1030557,-108484,1840,f,19
ScrapMetalPart,-996918,-106760,424,f,81
StravidiumPickup,-1020848,-93691,8732,f,19
FuelCellPart,-1031409,-91664,1234,f,19
ScrapMetalPart,-1013211,-86549,3147,f,19
RhyolitePickup,-1015564,-103322,4704,f,19
ScrapMetalPart,-997218,-106285,513,f,81
ScrapMetalWreckage,-1022245,-101654,4013,f,19
ScrapMetalWreckage,-1013351,-86374,3155,f,19
BasaltOre,-1008112,-115668,1986,f,19
FuelCellWreckage,-997850,-101757,655,f,19
AzuritePickup,-1035178,-97546,657,f,19
BrittleBush,-1015225,-101493,5138,f,19
ScrapMetalWreckage,-1021124,-108796,2977,f,19
FuelCellPart,-1035346,-109087,646,f,19
BrittleBush,-980166,-93044,2167,f,81
ScrapMetalPart,-1003470,-100404,1522,f,19
BrittleBush,-1010078,-89806,2981,f,19
RhyoliteOre,-1015304,-117693,2036,f,19
FuelCellPart,-1008287,-103960,3691,f,19
BrittleBush,-1020055,-83546,2716,f,19
ScrapMetalWreckage,-1037539,-98825,496,f,19
TitaniumOre,-1038618,-104376,391,f,19
ScrapMetalPart,-1024619,-119384,459,f,19
FuelCellPart,-1022144,-102069,3973,f,19
ScrapMetalPart,-1024209,-106801,2470,f,19
ScrapMetalPart,-1028840,-83225,1618,f,19
ScrapMetalPart,-1004395,-115638,1092,f,19
AzuriteOre,-1012171,-109105,5462,f,19
RhyolitePickup,-1000903,-86774,628,f,19
FuelCellPart,-1005288,-108329,3265,f,19
BrittleBush,-985725,-90991,4297,f,81
BrittleBush,-1023218,-77710,958,f,19
ScrapMetalPart,-1022574,-118627,891,f,19
ScrapMetalPart,-1012136,-100063,4920,f,19
AzuritePickup,-1011814,-109205,5444,f,19
BrittleBush,-1021712,-104149,2898,f,19
ScrapMetalPart,-1030849,-91612,1419,f,19
FuelCellPart,-1010833,-119441,812,f,19
ScrapMetalPart,-1024442,-117580,714,f,19
BrittleBush,-1023774,-114829,1326,f,19
BauxitePickup,-1025144,-94583,4088,f,19
ScrapMetalPart,-979463,-96753,1045,f,81
RhyolitePickup,-1021287,-103696,3059,f,19
BrittleBush,-1026300,-85526,4876,f,19
FuelCellWreckage,-1017835,-112745,2919,f,19
AzuritePickup,-1005410,-105068,3792,f,19
FuelCellPart,-1017338,-119791,928,f,19
FuelCellPart,-1020183,-108193,3126,f,19
AzuritePickup,-1026933,-116395,618,f,19
StravidiumPickup,-1037037,-104358,3538,f,19
ScrapMetalPart,-982100,-94584,1113,f,81
ScrapMetalPart,-1034397,-105623,989,f,19
RhyolitePickup,-1002047,-87185,945,f,19
FuelCellPart,-1011521,-86453,2595,f,19
AzuritePickup,-1020748,-106763,3025,f,19
BrittleBush,-1024305,-102747,2829,f,19
ScrapMetalWreckage,-979710,-96833,1070,f,81
FuelCellPart,-1026454,-114212,1183,f,19
ScrapMetalWreckage,-1029436,-90167,1746,f,19
BauxiteOre,-1025366,-94238,4117,f,19
RhyolitePickup,-1021159,-110118,2908,f,19
FuelCellPart,-1026295,-115071,930,f,19
ScrapMetalWreckage,-1009356,-94631,3692,f,19
ScrapMetalPart,-979415,-96371,1108,f,81
ScrapMetalPart,-997647,-106504,651,f,19
FuelCellWreckage,-1031279,-93434,1398,f,19
RhyolitePickup,-1007221,-87299,2118,f,19
ScrapMetalWreckage,-982196,-94373,1133,f,81
RhyolitePickup,-1002812,-113218,1156,f,19
BrittleBush,-1019385,-106059,3277,f,19
ScrapMetalWreckage,-1015339,-81255,1818,f,19
ScrapMetalWreckage,-1028682,-106248,1557,f,19
BasaltOre,-1017298,-107242,4660,f,19
AzuritePickup,-1026846,-105677,1858,f,19
ScrapMetalPart,-1011507,-86038,2507,f,19
ScrapMetalPart,-1009758,-93860,3647,f,19
RhyolitePickup,-1023771,-103743,2632,f,19
ScrapMetalWreckage,-1036847,-107732,428,f,19
ScrapMetalPart,-1033079,-111447,810,f,19
AzuritePickup,-999171,-90346,861,f,19
RhyolitePickup,-997370,-105804,556,f,81
RhyolitePickup,-1028416,-108345,1847,f,19
ScrapMetalWreckage,-978543,-96734,1159,f,81
ScrapMetalPart,-1026363,-108628,2132,f,19
BrittleBush,-1011244,-94041,4225,f,19
BauxitePickup,-1004553,-102104,1800,f,19
BasaltPickup,-1017480,-107626,4656,f,19
ScrapMetalPart,-1008525,-119664,876,f,19
ScrapMetalPart,-981766,-92988,1766,f,81
ScrapMetalPart,-1002914,-115535,828,f,19
BrittleBush,-1025929,-82179,3774,f,19
RhyolitePickup,-982402,-94778,1127,f,81
ScrapMetalPart,-1089806,1101516,16943,f,13
ScrapMetalWreckage,-1106412,1098224,16590,f,13
BauxiteOre,-1113902,1092513,23698,f,13
AzuritePickup,-1116331,1092044,21630,f,13
ScrapMetalPart,-1122339,1094717,15919,f,13
ScrapMetalPart,-1083717,1095626,17417,f,13
FuelCellPart,-1088252,1098581,17656,f,13
TitaniumOre,-1110843,1086520,23116,f,13
BauxiteOre,-1123555,1086566,22902,f,13
ScrapMetalPart,-1122670,1097741,15742,f,13
BasaltPickup,-1111553,1106163,16570,f,13
ScrapMetalWreckage,-1123132,1096739,15619,f,13
ScrapMetalWreckage,-1118329,1103788,15801,f,13
ScrapMetalWreckage,-1145561,1074819,15051,f,13
ScrapMetalWreckage,-1122702,1098008,15793,f,13
BrittleBush,-1119501,1097511,16076,f,13
FuelCellWreckage,-1095684,1107468,15954,f,13
FuelCellPart,-1134455,1088613,15600,f,13
ScrapMetalPart,-1119749,1099669,16157,f,13
RhyolitePickup,-1141568,1076619,15234,f,13
ScrapMetalPart,-1129743,1096419,15074,f,13
BasaltOre,-1111805,1106326,16539,f,13
RhyolitePickup,-1096120,1107004,15894,f,13
RhyolitePickup,-1120780,1100387,15984,f,13
ScrapMetalPart,-1088126,1103622,17259,f,13
RhyolitePickup,-1127691,1094645,15409,f,13
RhyolitePickup,-1120882,1097204,16054,f,13
ScrapMetalPart,-1145565,1074985,15053,f,13
ScrapMetalPart,-1123331,1096554,15607,f,13
AzuritePickup,-1127439,1101231,15338,f,13
FuelCellPart,-1117803,1103549,15837,f,13
ScrapMetalWreckage,-196789,91298,3108,f,31
ScrapMetalPart,-1134324,1088066,15628,f,13
AzuritePickup,-1127473,1091910,15769,f,13
ScrapMetalWreckage,-1119570,1099744,16201,f,13
ScrapMetalWreckage,-1122174,1098984,15983,f,13
FuelCellPart,-1095443,1107593,16016,f,13
RhyolitePickup,-1128278,1093856,15466,f,13
ScrapMetalWreckage,-1142446,1075460,15132,f,13
RhyolitePickup,-1137537,1081718,15243,f,13
ScrapMetalWreckage,-1129959,1096249,15078,f,13
ScrapMetalPart,-1137959,1081708,15334,f,13
ScrapMetalPart,-1087692,1104067,17438,f,13
RhyolitePickup,-1128049,1094335,15420,f,13
BrittleBush,-1109998,1105144,16046,f,13
FuelCellWreckage,-1134325,1088711,15565,f,13
ScrapMetalPart,-1120870,1101583,16237,f,13
ScrapMetalPart,-1122255,1098785,15929,f,13
ScrapMetalWreckage,-1119127,1105183,15732,f,13
AzuritePickup,-1119754,1102545,15933,f,13
ScrapMetalWreckage,-1111324,1105072,16766,f,13
ScrapMetalWreckage,-1121028,1101638,16196,f,13
BrittleBush,-1123943,1101895,17498,f,13
RhyolitePickup,-1121481,1096497,15872,f,13
FuelCellPart,-1133526,1086270,15907,f,13
FuelCellPart,-1116735,1104808,16132,f,13
ScrapMetalPart,-1119125,1105204,15733,f,13
FuelCellPart,-1116468,1104524,16143,f,13
ScrapMetalWreckage,-1119021,1098523,16157,f,13
ScrapMetalPart,-1118349,1103788,15810,f,13
ScrapMetalPart,-1111107,1105225,16720,f,13
ScrapMetalPart,-1119238,1098705,16145,f,13
FuelCellPart,-1122558,1099439,16082,f,13
RhyolitePickup,-1117235,1104582,15970,f,13
ScrapMetalWreckage,-1137892,1081962,15307,f,13
ScrapMetalWreckage,-1088179,1103350,17244,f,13
ScrapMetalPart,-1142343,1075707,15141,f,13
ScrapMetalWreckage,-1169976,1093686,30650,f,13
AzuritePickup,-1162774,1121130,32024,f,13
ScrapMetalPart,-173523,86122,1076,f,32
ScrapMetalPart,-196136,89694,2696,f,31
ScrapMetalPart,-1168112,1101913,30614,f,13
ScrapMetalWreckage,-1166835,1095235,31107,f,13
FuelCellPart,-1151827,1086942,22910,f,13
FuelCellPart,-1162524,1103996,30662,f,13
BauxiteOre,-1161722,1094524,31023,f,13
BauxiteOre,-1142985,1106600,18481,f,13
ScrapMetalWreckage,-1158594,1078642,24443,f,13
AzuritePickup,-1159029,1103959,30336,f,13
ScrapMetalWreckage,-1163892,1095512,31137,f,13
ScrapMetalWreckage,-1149047,1078481,15256,f,13
ScrapMetalPart,-1148302,1087135,22334,f,13
ScrapMetalPart,-1161850,1099101,30659,f,13
ScrapMetalPart,-1152548,1096571,26105,f,13
RhyolitePickup,-1155609,1084404,23190,f,13
FuelCellPart,-1152431,1096194,25980,f,13
ScrapMetalWreckage,-1147848,1089879,22183,f,13
ScrapMetalPart,-1167057,1102056,30533,f,13
FuelCellWreckage,-1157182,1081724,23827,f,13
TitaniumOre,-1163859,1115594,31665,f,13
ScrapMetalPart,-1162458,1110260,31570,f,13
FuelCellPart,-1164383,1116468,31851,f,13
BrittleBush,-1169379,1096471,30772,f,13
AzuritePickup,-1167308,1080498,25877,f,13
ScrapMetalPart,-1164971,1077233,24775,f,13
RhyolitePickup,-1150112,1103644,28325,f,13
StravidiumOre,-1162683,1092378,30935,f,13
AzuritePickup,-1144779,1090452,21345,f,13
ScrapMetalPart,-1153415,1087446,23238,f,13
ScrapMetalPart,-1163901,1095552,31142,f,13
ScrapMetalWreckage,-1149930,1102502,28050,f,13
RhyolitePickup,-1164030,1096546,31013,f,13
FuelCellPart,-1141925,1107394,17952,f,13
BrittleBush,-1161825,1092637,30876,f,13
AzuritePickup,-1155353,1105542,29571,f,13
ScrapMetalPart,-1152576,1105470,29025,f,13
AzuritePickup,-1169461,1101632,30733,f,13
RhyolitePickup,-1152867,1083832,22943,f,13
RhyolitePickup,-1151117,1104162,28484,f,13
ScrapMetalPart,-1164164,1114133,31711,f,13
ScrapMetalWreckage,-1152103,1082720,23254,f,13
AzuritePickup,-1166947,1094798,31177,f,13
ScrapMetalPart,-1161990,1108961,31448,f,13
ScrapMetalWreckage,-1167155,1101811,30589,f,13
AzuritePickup,-1163681,1096301,31028,f,13
FuelCellPart,-1165211,1113105,31726,f,13
ScrapMetalWreckage,-1163021,1104059,30652,f,13
ScrapMetalWreckage,-1152689,1087564,23166,f,13
FuelCellPart,-1161619,1073880,25062,f,13
BasaltPickup,-1134440,1100934,18292,f,13
ScrapMetalWreckage,-1161182,1103127,30519,f,13
BrittleBush,-1152214,1102133,28033,f,13
ScrapMetalPart,-1141551,1108008,17747,f,13
ScrapMetalPart,-1164914,1096204,31076,f,13
BauxitePickup,-1157384,1071692,29226,f,13
FuelCellPart,-1167675,1094028,31158,f,13
ScrapMetalWreckage,-1169042,1094644,30784,f,13
ScrapMetalWreckage,-1162006,1099292,30645,f,13
FuelCellWreckage,-1164400,1116438,31853,f,13
ScrapMetalWreckage,-1153453,1106039,29231,f,13
BauxitePickup,-1143137,1107062,18441,f,13
ScrapMetalPart,-1150065,1102353,28013,f,13
FuelCellPart,-1163380,1108860,31476,f,13
BauxitePickup,-1161308,1094506,31026,f,13
ScrapMetalPart,-1167057,1095086,31093,f,13
ScrapMetalWreckage,-1162709,1080055,25116,f,13
AzuritePickup,-1160072,1099529,30679,f,13
FuelCellWreckage,-1151812,1086982,22905,f,13
ScrapMetalPart,-1155246,1087381,23593,f,13
RhyolitePickup,-1157587,1078730,24308,f,13
ScrapMetalPart,-1151941,1082890,23206,f,13
FuelCellPart,-1168559,1101187,30794,f,13
ScrapMetalWreckage,-1160988,1107992,31484,f,13
ScrapMetalPart,-1163148,1096311,31014,f,13
BauxiteOre,-1165075,1079321,25531,f,13
BauxiteOre,-1163177,1072650,25282,f,13
ScrapMetalWreckage,-1164976,1096062,31091,f,13
RhyolitePickup,-1160031,1098060,30968,f,13
AzuritePickup,-1147833,1090205,22211,f,13
AzuritePickup,-1161548,1103551,30594,f,13
BrittleBush,-1137827,1105927,17486,f,13
ScrapMetalPart,-1148114,1089902,22282,f,13
ScrapMetalWreckage,-1166378,1096822,31114,f,13
BrittleBush,-1141706,1100003,18856,f,13
FuelCellPart,-1136582,1107493,16704,f,13
ScrapMetalWreckage,-1152429,1105604,29026,f,13
RhyolitePickup,-1158815,1077786,24567,f,13
FuelCellPart,-1161210,1098916,30684,f,13
ScrapMetalWreckage,-1161841,1120853,31954,f,13
AzuritePickup,-1148765,1085343,22522,f,13
ScrapMetalWreckage,-1148087,1086961,22325,f,13
ScrapMetalPart,-1155648,1107140,29671,f,13
RhyolitePickup,-1166298,1095128,31143,f,13
ScrapMetalPart,-1149206,1078374,15289,f,13
AzuritePickup,-1163337,1074339,24942,f,13
FuelCellPart,-1152302,1083343,23060,f,13
ScrapMetalPart,-1169562,1100688,30889,f,13
RhyoliteOre,-1149427,1085024,22559,f,13
RhyolitePickup,-1168111,1096126,30940,f,13
FuelCellPart,-1142637,1097010,19627,f,13
AzuritePickup,-1166957,1100588,30772,f,13
ScrapMetalPart,-1162447,1092043,31099,f,13
RhyoliteOre,-1153808,1077591,26376,f,13
ScrapMetalPart,-1163044,1104076,30662,f,13
ScrapMetalPart,-1169169,1094888,30760,f,13
BauxiteOre,-1146374,1087622,22036,f,13
ScrapMetalPart,-1169884,1093439,30709,f,13
StravidiumOre,-1156674,1079710,24102,f,13
FuelCellWreckage,-1163180,1079217,25098,f,13
ScrapMetalPart,-1166704,1102422,30477,f,13
TitaniumPickup,-1155159,1073293,27199,f,13
BrittleBush,-1144681,1088100,21751,f,13
AzuritePickup,-1149957,1084902,22612,f,13
RhyolitePickup,-1141317,1109977,17574,f,13
ScrapMetalPart,-1155895,1088136,23833,f,13
ScrapMetalPart,-1160706,1108281,31463,f,13
RhyolitePickup,-1142091,1098053,19292,f,13
ScrapMetalPart,-1162009,1120735,31959,f,13
ScrapMetalPart,-1163622,1096627,30994,f,13
ScrapMetalWreckage,-1152739,1082395,23351,f,13
BauxitePickup,-1162814,1072535,25333,f,13
StravidiumPickup,-1153163,1063876,29387,f,13
ScrapMetalPart,-1164885,1080524,25434,f,13
RhyolitePickup,-1155655,1105705,29598,f,13
FuelCellPart,-1142975,1104601,18604,f,13
AzuritePickup,-1162063,1109677,31516,f,13
ScrapMetalPart,-1158593,1078621,24441,f,13
BasaltOre,-1141702,1111143,17618,f,13
ScrapMetalPart,-1162642,1079822,25074,f,13
RhyolitePickup,-1149355,1084529,22710,f,13
BauxitePickup,-1164491,1079174,25230,f,13
FuelCellPart,-1156915,1081716,23791,f,13
ScrapMetalPart,-1153007,1082397,23379,f,13
BrittleBush,-1160147,1104061,30494,f,13
ScrapMetalPart,-1152477,1087569,23143,f,13
ScrapMetalWreckage,-1155880,1088128,23835,f,13
FuelCellPart,-1159444,1080547,24337,f,13
StravidiumPickup,-1157017,1079934,24120,f,13
ScrapMetalPart,-1153233,1106049,29204,f,13
RhyolitePickup,-1165342,1095353,31156,f,13
RhyolitePickup,-1163040,1104728,30769,f,13
ScrapMetalWreckage,-1155077,1087591,23591,f,13
TitaniumPickup,-1163559,1115874,31664,f,13
RhyolitePickup,-1168916,1093037,31009,f,13
BauxiteOre,-1157012,1072083,29232,f,13
FuelCellPart,-1157254,1082233,23723,f,13
ScrapMetalPart,-1161051,1102885,30490,f,13
AzuriteOre,-1167162,1080675,25873,f,13
RhyolitePickup,-1154156,1077833,26322,f,13
FuelCellPart,-1163235,1079085,25091,f,13
ScrapMetalPart,-1167367,1102428,30500,f,13
ScrapMetalWreckage,-1166684,1102408,30469,f,13
BasaltPickup,-1141984,1111188,17657,f,13
RhyolitePickup,-1155372,1106930,29555,f,13
AzuritePickup,-1151346,1104401,28556,f,13
ScrapMetalWreckage,-1162997,1096534,30989,f,13
RhyoliteOre,-1155453,1084187,23195,f,13
ScrapMetalPart,-1143416,1103081,18951,f,13
TitaniumOre,-1153888,1068692,30938,f,13
FuelCellPart,-1166505,1095651,31115,f,13
FuelCellPart,-1163606,1105761,30926,f,13
FuelCellWreckage,-1161597,1073869,25072,f,13
ScrapMetalWreckage,-1168266,1102000,30608,f,13
TitaniumPickup,-1153904,1068653,30899,f,13
StravidiumOre,-1153144,1063461,29369,f,13
FuelCellPart,-1149429,1077762,15358,f,13
BasaltOre,-1134633,1101081,18294,f,13
BasaltPickup,-1158198,1059371,28027,f,13
BrittleBush,-1164911,1057141,18157,f,13
ScrapMetalPart,-1171289,1072221,24849,f,13
ScrapMetalWreckage,-1144675,1045298,17885,f,13
ScrapMetalPart,-1144888,1045455,17884,f,13
ScrapMetalWreckage,-1172383,1073187,24805,f,13
BasaltOre,-1158491,1059591,28068,f,13
RhyolitePickup,-1138217,1043803,18288,f,13
ScrapMetalPart,-1172411,1073189,24801,f,13
BrittleBush,-1156976,1051028,16921,f,13
ScrapMetalWreckage,-1171280,1072252,24830,f,13
ScrapMetalPart,-1171541,1072417,24820,f,13
AzuritePickup,-1166792,1073724,24824,f,13
FuelCellPart,-1165349,1073816,24949,f,13
Cave,-1109964,1091616,20565,t,13
NoIcon,-1109940,1091452,20619,f,0
RhyolitePickup,-213045,72223,965,f,41
AzuritePickup,684229,1038255,17771,f,2
BauxiteOre,686859,1039338,20801,f,2
ScrapMetalPart,687653,1037614,20866,f,2
ScrapMetalWreckage,687772,1037369,20918,f,2
BauxitePickup,686847,1039270,20795,f,2
AzuritePickup,690891,1036409,21604,f,2
FuelCellPart,683239,1039757,16162,f,2
AzuriteOre,690963,1036367,21587,f,2
ScrapMetalWreckage,691899,1036896,21597,f,2
ScrapMetalPart,692054,1036676,21639,f,2
RhyolitePickup,685720,1035362,21133,f,2
ScrapMetalPart,691268,1030831,21569,f,2
ScrapMetalPart,687848,1031642,21522,f,2
ScrapMetalWreckage,692621,1031758,21635,f,2
ScrapMetalWreckage,691461,1031025,21558,f,2
ScrapMetalPart,692721,1032009,21629,f,2
Cave,717620,924514,17970,t,2
Cave,722387,923567,16354,t,2
BauxiteOre,1011204,-81361,6697,f,71
ScrapMetalPart,1030255,-74855,4994,f,71
ScrapMetalPart,999728,-85892,1703,f,71
RhyolitePickup,1004842,-85484,2960,f,71
ScrapMetalWreckage,1002392,-101146,1542,f,71
ScrapMetalPart,1018462,-107498,1384,f,71
FuelCellPart,1007711,-100459,2817,f,71
FuelCellPart,1020233,-76880,1178,f,71
ScrapMetalPart,1030557,-74747,5001,f,71
FuelCellPart,1011441,-80618,6583,f,71
AzuritePickup,1045377,-74550,1883,f,71
RhyolitePickup,1046801,-90935,2183,f,71
ScrapMetalPart,1000852,-88630,2052,f,71
FuelCellPart,1033300,-90469,1637,f,71
BrittleBush,1022940,-38199,2822,f,71
ScrapMetalPart,-186642,90488,620,f,31
ScrapMetalWreckage,-207129,85717,1544,f,31
RhyolitePickup,-204651,83284,1727,f,31
ScrapMetalWreckage,-173593,88155,1383,f,32
FuelCellWreckage,-197133,92509,3562,f,31
ScrapMetalPart,1017957,-103626,1377,f,71
FuelCellPart,1043448,-92611,1524,f,71
RhyolitePickup,1025110,-82691,1764,f,71
BrittleBush,1026125,-85221,2436,f,71
ScrapMetalPart,1006071,-73645,1665,f,71
ScrapMetalWreckage,1000660,-88726,1977,f,71
AzuritePickup,1015638,-91506,2169,f,71
AzuritePickup,1032944,-83884,4869,f,71
ScrapMetalWreckage,1024191,-77068,1317,f,71
BrittleBush,1034574,-96360,1879,f,71
RhyolitePickup,1022584,-100633,1278,f,71
FuelCellWreckage,1046328,-67426,1128,f,71
StravidiumOre,1028335,-98233,4603,f,71
ScrapMetalWreckage,1036298,-96142,3710,f,71
ScrapMetalWreckage,1023029,-86752,3343,f,71
TitaniumOre,1017158,-101912,1410,f,71
ScrapMetalWreckage,1012226,-73263,1308,f,71
RhyolitePickup,1006734,-76078,2931,f,71
BrittleBush,1001772,-95276,2387,f,71
FuelCellPart,1002807,-82167,2536,f,71
FuelCellPart,1011903,-76146,2016,f,71
FuelCellPart,1019499,-80119,1828,f,71
RhyolitePickup,1007149,-90112,2326,f,71
AzuritePickup,1042022,-73239,1458,f,71
AzuritePickup,1007009,-102580,2316,f,71
BauxitePickup,1018382,-87103,2643,f,71
FuelCellPart,1001080,-93347,2179,f,71
FuelCellPart,1024933,-104068,1189,f,71
ScrapMetalPart,1002286,-92296,2854,f,71
ScrapMetalPart,1009824,-93166,2419,f,71
ScrapMetalWreckage,1003950,-88019,3183,f,71
BauxiteOre,1018441,-86933,2633,f,71
ScrapMetalWreckage,1047014,-67256,1119,f,71
ScrapMetalWreckage,1027415,-78959,1898,f,71
ScrapMetalPart,1020120,-78790,1644,f,71
RhyolitePickup,999618,-85328,1694,f,71
ScrapMetalWreckage,1008820,-102155,2906,f,71
ScrapMetalWreckage,1012604,-89489,1717,f,71
FuelCellPart,1045130,-66465,1223,f,71
FuelCellWreckage,1033164,-90234,1674,f,71
TitaniumOre,1018202,-95215,1807,f,71
FuelCellPart,1018802,-74615,1244,f,71
BasaltOre,1027974,-99583,4581,f,71
BrittleBush,1020149,-93410,3223,f,71
ScrapMetalWreckage,1045053,-90131,1541,f,71
RhyolitePickup,1051795,-88680,1684,f,71
ScrapMetalPart,1028270,-80613,2114,f,71
ScrapMetalPart,1042578,-91536,1473,f,71
AzuriteOre,1016026,-91544,2212,f,71
FuelCellPart,1013242,-74569,1427,f,71
ScrapMetalWreckage,1039514,-98032,4645,f,71
ScrapMetalWreckage,1009826,-93202,2431,f,71
TitaniumOre,1004395,-103174,1750,f,71
ScrapMetalPart,1032209,-81128,2050,f,71
RhyolitePickup,1006810,-77084,3012,f,71
AzuritePickup,1019548,-105079,1408,f,71
StravidiumPickup,1028669,-97985,4581,f,71
ScrapMetalWreckage,1000346,-80565,2455,f,71
TitaniumOre,1021090,-85795,2829,f,71
ScrapMetalPart,1018073,-93247,2587,f,71
ScrapMetalWreckage,1043938,-89939,1548,f,71
StravidiumOre,1022944,-72025,1146,f,71
ScrapMetalWreckage,1030794,-74811,4953,f,71
FuelCellPart,1013030,-74051,1304,f,71
RhyolitePickup,1022289,-101564,1099,f,71
FuelCellPart,1019014,-99132,1269,f,71
ScrapMetalPart,1030258,-94411,1943,f,71
FuelCellPart,1008895,-92934,2633,f,71
ScrapMetalWreckage,1045644,-65902,1207,f,71
FuelCellPart,1045647,-93343,1688,f,71
ScrapMetalWreckage,1030027,-70644,1650,f,71
ScrapMetalPart,1003683,-87965,3164,f,71
ScrapMetalPart,1006026,-94474,4155,f,71
ScrapMetalPart,1005668,-102982,2409,f,71
BasaltOre,1027063,-97429,4603,f,71
BrittleBush,1003911,-100309,2236,f,71
BasaltPickup,1047130,-71833,2121,f,71
AzuritePickup,1042646,-96242,1508,f,71
ScrapMetalWreckage,1026523,-103247,1280,f,71
FuelCellPart,1012882,-83776,6823,f,71
ScrapMetalPart,1004136,-74150,1917,f,71
FuelCellWreckage,1012762,-83797,6839,f,71
RhyolitePickup,1020561,-76974,1197,f,71
RhyolitePickup,1030583,-104637,1473,f,71
BrittleBush,1047044,-70259,1500,f,71
RhyolitePickup,1007912,-76288,2511,f,71
FuelCellPart,1026119,-96257,4550,f,71
ScrapMetalPart,1027167,-79054,1916,f,71
ScrapMetalPart,1018508,-107003,1411,f,71
FuelCellPart,1001928,-97361,1980,f,71
ScrapMetalPart,1039700,-97828,4638,f,71
FuelCellPart,1045977,-90183,1787,f,71
ScrapMetalPart,1005112,-73415,1780,f,71
BrittleBush,1046698,-79943,1121,f,71
ScrapMetalPart,1009090,-102161,2956,f,71
ScrapMetalPart,1044992,-71662,1446,f,71
ScrapMetalPart,1017433,-107675,1442,f,71
BrittleBush,1034443,-76087,1660,f,71
TitaniumOre,1041767,-77495,1648,f,71
ScrapMetalWreckage,1005885,-76610,3196,f,71
FuelCellPart,1018512,-91406,2688,f,71
ScrapMetalPart,1017780,-86260,2581,f,71
ScrapMetalPart,1013567,-108094,2191,f,71
BrittleBush,1051461,-88127,1679,f,71
BasaltPickup,1028799,-75405,5026,f,71
FuelCellWreckage,1018625,-74392,1191,f,71
ScrapMetalWreckage,1035952,-89371,1810,f,71
ScrapMetalWreckage,1025872,-73023,1669,f,71
BrittleBush,1030896,-97722,1889,f,71
FuelCellPart,1047254,-66655,1161,f,71
FuelCellPart,1033414,-95850,1787,f,71
ScrapMetalWreckage,1042711,-91304,1480,f,71
ScrapMetalPart,1029870,-93518,1957,f,71
ScrapMetalPart,1006824,-97462,3336,f,71
TitaniumOre,1047734,-87440,1718,f,71
AzuritePickup,1023910,-70731,1170,f,71
FuelCellWreckage,1000160,-89217,1753,f,71
ScrapMetalPart,1016282,-89548,2058,f,71
ScrapMetalPart,1038237,-84583,1772,f,71
ScrapMetalPart,1028223,-103901,1225,f,71
ScrapMetalWreckage,1017548,-86268,2557,f,71
RhyolitePickup,1016999,-97685,1627,f,71
BrittleBush,1044079,-80595,1560,f,71
FuelCellPart,1001167,-88680,2168,f,71
FuelCellPart,1012034,-74484,1450,f,71
RhyolitePickup,1027443,-85231,2668,f,71
RhyolitePickup,1002982,-103307,1526,f,71
ScrapMetalWreckage,1043916,-90702,1520,f,71
ScrapMetalPart,1035210,-89065,1848,f,71
FuelCellWreckage,1018777,-99137,1252,f,71
BasaltPickup,1027533,-97311,4561,f,71
ScrapMetalPart,1035310,-89772,1796,f,71
ScrapMetalPart,1022250,-78451,1516,f,71
FuelCellPart,1001149,-82864,2226,f,71
ScrapMetalWreckage,1009338,-90374,1791,f,71
StravidiumOre,1030710,-87219,2178,f,71
BrittleBush,1052037,-87788,1365,f,71
ScrapMetalWreckage,1035203,-79058,1786,f,71
FuelCellPart,1024005,-83956,2199,f,71
ScrapMetalWreckage,1008289,-73248,1652,f,71
AzuritePickup,1024469,-76923,1318,f,71
BrittleBush,1046809,-90254,2050,f,71
BrittleBush,1045776,-80349,1260,f,71
AzuritePickup,1011546,-105165,2923,f,71
ScrapMetalPart,1046124,-89980,1781,f,71
ScrapMetalPart,1022970,-87006,3445,f,71
RhyolitePickup,1046019,-92885,1879,f,71
FuelCellPart,1015605,-96317,1786,f,71
StravidiumOre,1017302,-100776,1336,f,71
ScrapMetalPart,1043436,-75643,1589,f,71
ScrapMetalWreckage,1017915,-93221,2552,f,71
BasaltOre,1029206,-75352,5004,f,71
FuelCellPart,1000160,-89485,1747,f,71
RhyolitePickup,998621,-82591,1444,f,71
ScrapMetalPart,1024365,-103583,1240,f,71
ScrapMetalPart,1008893,-96560,2763,f,71
ScrapMetalWreckage,1046115,-88299,1683,f,71
BrittleBush,1008921,-98856,2278,f,71
ScrapMetalPart,1043893,-89673,1562,f,71
FuelCellPart,1030925,-98153,1860,f,71
FuelCellWreckage,1045208,-66616,1213,f,71
ScrapMetalPart,1010683,-75179,1654,f,71
BrittleBush,1018399,-91159,2649,f,71
ScrapMetalPart,1020855,-85024,2754,f,71
BrittleBush,1020773,-99821,1274,f,71
ScrapMetalPart,1047039,-67238,1121,f,71
BrittleBush,1034714,-77564,1799,f,71
AzuritePickup,1020544,-80547,1894,f,71
ScrapMetalPart,1002264,-95716,2468,f,71
RhyolitePickup,1006304,-105509,2183,f,71
ScrapMetalPart,1026496,-75320,1662,f,71
FuelCellPart,1028337,-36876,2591,f,71
ScrapMetalWreckage,1024104,-69123,1305,f,71
BrittleBush,1028834,-102070,1443,f,71
AzuritePickup,1047260,-67736,1104,f,71
RhyolitePickup,1017589,-97192,1518,f,71
FuelCellPart,1027588,-37086,2588,f,71
ScrapMetalWreckage,1046369,-89852,1800,f,71
BauxitePickup,1032898,-97512,1842,f,71
BasaltOre,1046659,-71859,1778,f,71
BrittleBush,1001430,-77215,3150,f,71
ScrapMetalWreckage,1022641,-100148,1404,f,71
ScrapMetalWreckage,1010786,-99715,2462,f,71
ScrapMetalPart,1016790,-101656,1410,f,71
ScrapMetalPart,1043894,-90699,1520,f,71
ScrapMetalPart,1045757,-90532,1774,f,71
RhyolitePickup,1021697,-84347,2635,f,71
FuelCellPart,1025766,-102460,1364,f,71
FuelCellWreckage,1012069,-74286,1384,f,71
FuelCellPart,1012503,-88695,1785,f,71
ScrapMetalPart,1029490,-71065,1776,f,71
AzuriteOre,1008128,-90478,2064,f,71
ScrapMetalPart,1010902,-99468,2429,f,71
BrittleBush,1026554,-36753,2672,f,71
FuelCellPart,1020722,-99045,1385,f,71
ScrapMetalWreckage,996517,-77385,2768,f,71
BrittleBush,1010568,-77875,2710,f,71
ScrapMetalWreckage,1005296,-73607,1715,f,71
FuelCellPart,1035011,-72045,1624,f,71
ScrapMetalWreckage,1041787,-74050,1470,f,71
ScrapMetalWreckage,1024452,-103329,1185,f,71
ScrapMetalPart,1038346,-83610,1604,f,71
ScrapMetalPart,1044986,-74752,1826,f,71
FuelCellPart,1024251,-83650,2098,f,71
RhyoliteOre,1017283,-97996,1514,f,71
FuelCellPart,1022340,-100327,1335,f,71
BrittleBush,1051980,-88103,1461,f,71
ScrapMetalWreckage,1031994,-81294,1992,f,71
BasaltPickup,1028367,-99702,4596,f,71
RhyoliteOre,1009699,-85307,6520,f,71
FuelCellPart,1046557,-67572,1117,f,71
ScrapMetalPart,1035261,-79238,1736,f,71
FuelCellPart,1004644,-73727,1752,f,71
ScrapMetalPart,1044940,-92932,1572,f,71
ScrapMetalPart,1015654,-90904,2070,f,71
ScrapMetalWreckage,1029558,-71179,1814,f,71
ScrapMetalPart,1020603,-85766,2798,f,71
RhyolitePickup,1028354,-84606,2634,f,71
StravidiumPickup,1017711,-100807,1328,f,71
BauxiteOre,1032944,-97920,1811,f,71
ScrapMetalPart,1043047,-74300,1513,f,71
ScrapMetalPart,997325,-76986,2763,f,71
ScrapMetalPart,1000310,-80725,2429,f,71
FuelCellPart,1045694,-92985,1752,f,71
RhyolitePickup,1046061,-67261,1144,f,71
ScrapMetalWreckage,1003395,-98510,2522,f,71
TitaniumPickup,1004028,-102961,1676,f,71
ScrapMetalWreckage,1043112,-74240,1519,f,71
ScrapMetalPart,1035856,-89123,1849,f,71
RhyolitePickup,1001848,-95924,2315,f,71
RhyolitePickup,1024638,-83313,1952,f,71
ScrapMetalWreckage,1006814,-97477,3314,f,71
BrittleBush,1006440,-102878,2368,f,71
ScrapMetalWreckage,1002614,-103382,1635,f,71
ScrapMetalWreckage,1045851,-66818,1168,f,71
ScrapMetalPart,1006092,-76543,3152,f,71
RhyolitePickup,1042753,-73464,1460,f,71
FuelCellPart,1025546,-41853,2098,f,71
FuelCellWreckage,1001251,-93560,2229,f,71
ScrapMetalPart,1045030,-90871,1589,f,71
ScrapMetalWreckage,1030353,-94162,1939,f,71
ScrapMetalPart,1022403,-88044,3817,f,71
FuelCellPart,1022297,-106541,1622,f,71
ScrapMetalPart,1033749,-75909,1881,f,71
BrittleBush,1033427,-40262,1775,f,71
RhyolitePickup,1007906,-99444,2600,f,71
ScrapMetalPart,1003234,-98729,2463,f,71
ScrapMetalPart,1018083,-97514,1422,f,71
BasaltPickup,1006978,-93777,4156,f,71
RhyolitePickup,1027942,-78489,1754,f,71
ScrapMetalWreckage,1020287,-78840,1655,f,71
BasaltOre,1006882,-93377,4170,f,71
RhyolitePickup,1012787,-78312,3322,f,71
ScrapMetalPart,1035071,-93317,1689,f,71
ScrapMetalPart,1042001,-74100,1460,f,71
ScrapMetalWreckage,1045300,-92098,1730,f,71
FuelCellPart,1024134,-84699,2300,f,71
ScrapMetalWreckage,1028095,-104138,1230,f,71
RhyolitePickup,1001779,-80664,2971,f,71
AzuritePickup,1010410,-101177,2695,f,71
ScrapMetalPart,1046115,-66798,1156,f,71
FuelCellPart,1025828,-41640,1978,f,71
TitaniumPickup,1047502,-87796,1688,f,71
StravidiumPickup,1022865,-72435,1134,f,71
FuelCellPart,1011996,-73066,1356,f,71
FuelCellPart,1043141,-92002,1500,f,71
ScrapMetalPart,1022068,-79813,1822,f,71
TitaniumPickup,1028404,-41983,1834,f,71
BrittleBush,1013125,-78960,3369,f,71
ScrapMetalPart,1036347,-95932,3747,f,71
ScrapMetalPart,1011958,-73316,1317,f,71
TitaniumOre,1028807,-41904,1861,f,71
ScrapMetalPart,1019894,-75856,1100,f,71
ScrapMetalPart,1037000,-96357,4130,f,71
RhyolitePickup,1027607,-104320,1359,f,71
RhyolitePickup,1033407,-97089,1861,f,71
BrittleBush,999268,-81075,1993,f,71
ScrapMetalPart,1018878,-103162,1242,f,71
ScrapMetalPart,1013999,-105667,2902,f,71
BrittleBush,1031042,-100546,1943,f,71
FuelCellPart,1025944,-70726,1362,f,71
RhyolitePickup,1045377,-93106,1634,f,71
ScrapMetalPart,1023058,-84069,2411,f,71
BrittleBush,1012131,-96966,1990,f,71
ScrapMetalWreckage,1002431,-92051,2916,f,71
ScrapMetalPart,996550,-77654,2736,f,71
BrittleBush,1015163,-73507,1154,f,71
BauxitePickup,1011587,-81213,6714,f,71
RhyolitePickup,1039865,-90044,1296,f,71
BrittleBush,1014232,-78616,2135,f,71
TitaniumPickup,1015399,-89051,1968,f,71
ScrapMetalWreckage,1021834,-79685,1791,f,71
RhyoliteOre,1022035,-84241,2574,f,71
ScrapMetalPart,1002414,-103563,1710,f,71
ScrapMetalWreckage,1038122,-83595,1665,f,71
BrittleBush,1051184,-85206,1898,f,71
AzuritePickup,1011776,-97362,2086,f,71
ScrapMetalWreckage,1038146,-84332,1782,f,71
RhyolitePickup,1034746,-89188,1806,f,71
TitaniumOre,1014996,-88905,2000,f,71
BrittleBush,1044079,-76542,1908,f,71
ScrapMetalPart,1016190,-76044,1550,f,71
FuelCellPart,1035286,-83717,4372,f,71
ScrapMetalWreckage,1040628,-73640,1532,f,71
ScrapMetalWreckage,1022175,-78185,1474,f,71
FuelCellPart,1023896,-83618,2185,f,71
ScrapMetalPart,1002661,-101122,1557,f,71
StravidiumPickup,1030783,-87637,2083,f,71
ScrapMetalPart,1024456,-77132,1338,f,71
RhyolitePickup,1031425,-81396,1817,f,71
RhyolitePickup,1010097,-85211,6603,f,71
ScrapMetalPart,1009249,-90106,1820,f,71
ScrapMetalWreckage,1044948,-75024,1819,f,71
ScrapMetalPart,1008263,-73229,1658,f,71
BrittleBush,1009527,-90994,1776,f,71
ScrapMetalPart,1025949,-73277,1706,f,71
AzuritePickup,1009551,-106750,2562,f,71
ScrapMetalWreckage,1032694,-92452,1697,f,71
ScrapMetalPart,1040644,-73906,1535,f,71
RhyolitePickup,1043283,-75887,1591,f,71
ScrapMetalPart,1045315,-90121,1551,f,71
BrittleBush,1035645,-101175,3756,f,71
ScrapMetalWreckage,1023247,-83878,2357,f,71
FuelCellPart,1046428,-67112,1134,f,71
ScrapMetalWreckage,1021339,-94547,3756,f,71
ScrapMetalPart,1030028,-70712,1675,f,71
ScrapMetalPart,1024091,-69116,1308,f,71
ScrapMetalPart,1026358,-103247,1340,f,71
ScrapMetalPart,1024840,-104507,1254,f,71
AzuritePickup,1033199,-92329,1642,f,71
ScrapMetalPart,1045297,-92095,1735,f,71
AzuritePickup,1046232,-93224,1915,f,71
BrittleBush,1048708,-68321,1062,f,71
AzuriteOre,1030361,-88236,2105,f,71
ScrapMetalPart,1001175,-79495,2975,f,71
AzuritePickup,1003582,-86608,3489,f,71
BrittleBush,1009869,-97575,2258,f,71
ScrapMetalPart,1012752,-89261,1741,f,71
AzuritePickup,1030750,-88366,2039,f,71
FuelCellWreckage,1033153,-95791,1761,f,71
RhyolitePickup,1026823,-95689,4535,f,71
ScrapMetalWreckage,1043630,-75513,1606,f,71
AzuritePickup,1007690,-90322,2190,f,71
ScrapMetalWreckage,1005496,-103195,2375,f,71
FuelCellPart,1006645,-73496,1677,f,71
ScrapMetalWreckage,999466,-85924,1612,f,71
ScrapMetalWreckage,1013948,-105405,2925,f,71
RhyolitePickup,1004435,-104096,2050,f,71
ScrapMetalPart,1026721,-96973,4497,f,71
ScrapMetalPart,1032843,-92678,1687,f,71
ScrapMetalWreckage,1024828,-104516,1226,f,71
ScrapMetalWreckage,1002352,-95462,2535,f,71
ScrapMetalPart,1021064,-94544,3680,f,71
BasaltOre,1006083,-120808,4509,f,71
ScrapMetalPart,1054206,-92064,1362,f,71
ScrapMetalWreckage,1023243,-117038,1181,f,71
BrittleBush,1023651,-118084,1483,f,71
BrittleBush,1025526,-120751,2031,f,71
BasaltOre,1037570,-104917,2506,f,71
BrittleBush,1004433,-120092,1493,f,71
RhyolitePickup,1010665,-123928,4999,f,71
ScrapMetalWreckage,1052383,-94102,1713,f,71
ScrapMetalWreckage,1020613,-114366,1189,f,71
FuelCellPart,1004576,-122713,1487,f,71
RhyolitePickup,1016593,-110125,1157,f,71
FuelCellPart,1006078,-121182,3047,f,71
StravidiumOre,1013327,-126441,2335,f,71
TitaniumPickup,1044168,-97393,2471,f,71
ErythriteOre,1012830,-119289,2357,f,71
ScrapMetalWreckage,1017356,-109525,1201,f,71
TitaniumOre,1004848,-118550,1467,f,71
RhyoliteOre,1010671,-123923,4985,f,71
ScrapMetalWreckage,1019299,-111905,1429,f,71
ScrapMetalWreckage,1013733,-108197,2177,f,71
StravidiumOre,1050539,-92317,2576,f,71
BrittleBush,1007385,-116789,1314,f,71
AzuritePickup,1019816,-111919,1490,f,71
ScrapMetalWreckage,1054446,-92208,1293,f,71
BrittleBush,1043613,-99806,2926,f,71
ScrapMetalWreckage,1012587,-119743,4453,f,71
BrittleBush,1022101,-110977,1853,f,71
FuelCellWreckage,1033376,-107440,1505,f,71
ErythriteOre,1011948,-118579,1686,f,71
ErythriteOre,1010866,-121106,2890,f,71
TitaniumOre,1006909,-111867,3812,f,71
ScrapMetalPart,1012580,-119761,4454,f,71
ScrapMetalPart,1054205,-94253,1423,f,71
ScrapMetalPart,1039327,-103915,1403,f,71
ScrapMetalPart,1024628,-116331,1401,f,71
ScrapMetalPart,1054554,-95278,1220,f,71
ScrapMetalPart,1016538,-109621,1205,f,71
ScrapMetalPart,1020639,-114383,1187,f,71
BasaltPickup,1009481,-114976,3741,f,71
AzuritePickup,1024404,-111968,1106,f,71
FuelCellPart,1039558,-106372,1734,f,71
ScrapMetalWreckage,-171144,85222,1066,f,32
ScrapMetalWreckage,1024579,-116602,1394,f,71
FuelCellPart,-196046,86729,1137,f,31
ScrapMetalPart,-193077,86908,1129,f,31
BrittleBush,1032191,-106049,1533,f,71
BrittleBush,1046626,-97091,1907,f,71
ScrapMetalWreckage,1039099,-104057,1419,f,71
BrittleBush,1050751,-92537,2548,f,71
ScrapMetalPart,1021954,-118218,1333,f,71
FuelCellPart,1017305,-111028,1091,f,71
ScrapMetalPart,1052559,-93900,1732,f,71
FuelCellPart,1053271,-94432,1349,f,71
ErythritePickup,1010973,-120221,2363,f,71
AzuritePickup,1010587,-113643,1290,f,71
ScrapMetalPart,1054989,-91583,1187,f,71
ScrapMetalPart,1014220,-113625,1286,f,71
RhyolitePickup,1028579,-108071,1588,f,71
ScrapMetalPart,1012685,-126152,2396,f,71
AzuritePickup,1005536,-112794,1706,f,71
ErythriteOre,1012034,-119974,3051,f,71
BasaltPickup,1037888,-104687,2528,f,71
RhyolitePickup,1049686,-96005,1799,f,71
ScrapMetalWreckage,1018566,-107742,1422,f,71
ScrapMetalPart,1023897,-110116,1572,f,71
FuelCellPart,1006690,-123910,2050,f,71
ErythriteOre,1011409,-120782,2789,f,71
ScrapMetalWreckage,1054847,-91718,1174,f,71
ScrapMetalPart,1053028,-89252,1275,f,71
BrittleBush,1006511,-125118,1875,f,71
StravidiumOre,1038298,-105466,2517,f,71
TitaniumOre,1044225,-97340,2445,f,71
ScrapMetalPart,1020310,-111584,1657,f,71
ScrapMetalWreckage,1055641,-93868,1123,f,71
ScrapMetalWreckage,1020120,-111779,1566,f,71
FuelCellPart,1055062,-94249,1158,f,71
ScrapMetalPart,1016986,-112097,1155,f,71
ScrapMetalPart,1017414,-109788,1185,f,71
ScrapMetalPart,1010684,-116465,1344,f,71
BrittleBush,1026739,-112443,1236,f,71
BrittleBush,1015130,-118233,1670,f,71
ScrapMetalWreckage,1023765,-110349,1586,f,71
ScrapMetalPart,1019526,-112048,1444,f,71
ErythriteOre,1009616,-120821,2955,f,71
TitaniumPickup,1006815,-111423,3846,f,71
RhyolitePickup,1013135,-121043,3972,f,71
FuelCellPart,1022881,-117398,1166,f,71
BasaltOre,1048325,-96174,3196,f,71
ScrapMetalWreckage,1017007,-111828,1138,f,71
ScrapMetalPart,1023044,-117161,1164,f,71
FuelCellPart,1032670,-108311,1581,f,71
BasaltOre,1009173,-115208,3742,f,71
BasaltPickup,1006448,-120902,4551,f,71
ErythriteOre,1012317,-119711,1929,f,71
RhyolitePickup,1023674,-114801,1180,f,71
StravidiumOre,1014124,-114024,1296,f,71
StravidiumPickup,1050729,-92036,2474,f,71
FuelCellPart,1053907,-91856,1426,f,71
FuelCellPart,1025027,-116145,1458,f,71
BrittleBush,1004074,-120529,1562,f,71
BrittleBush,1022951,-118163,1300,f,71
ScrapMetalPart,1050911,-56152,1552,f,71
RhyolitePickup,-208291,81914,618,f,41
FuelCellPart,1042863,-100800,1893,f,71
ScrapMetalPart,1012173,-113242,1269,f,71
ScrapMetalPart,1055765,-93720,1142,f,71
StravidiumPickup,1038489,-105714,2450,f,71
ScrapMetalPart,1010774,-116105,1345,f,71
ScrapMetalWreckage,1054673,-95035,1160,f,71
FuelCellPart,1033381,-107450,1542,f,71
AzuritePickup,1053788,-94325,1335,f,71
ScrapMetalWreckage,1011014,-116224,1352,f,71
FuelCellWreckage,1053438,-94403,1303,f,71
ErythriteOre,1010555,-119736,2487,f,71
FuelCellWreckage,1039347,-106327,1701,f,71
FuelCellPart,1012965,-120366,4427,f,71
FuelCellPart,1052835,-91640,1706,f,71
FuelCellWreckage,1055032,-94245,1151,f,71
ScrapMetalPart,1053169,-89565,1279,f,71
BasaltPickup,1048223,-95833,3157,f,71
ScrapMetalWreckage,1052394,-65530,1351,f,71
TitaniumOre,1049721,-62409,5049,f,71
ScrapMetalPart,1032501,-35528,2218,f,71
ScrapMetalPart,1044658,-63065,1447,f,71
ScrapMetalPart,1029783,-34182,2144,f,71
ScrapMetalPart,1043985,-58024,1054,f,71
ScrapMetalPart,1052280,-66914,1133,f,71
BrittleBush,1026157,-35006,2496,f,71
ScrapMetalPart,1049567,-62728,5050,f,71
ScrapMetalWreckage,1045288,-63479,1332,f,71
BrittleBush,1048631,-56656,1244,f,71
BasaltOre,1047479,-64759,1635,f,71
RhyolitePickup,1044524,-57924,1072,f,71
FuelCellPart,1029147,-35257,2331,f,71
ScrapMetalWreckage,1044019,-60188,1224,f,71
ScrapMetalWreckage,1053878,-65143,1454,f,71
ScrapMetalPart,1030367,-34975,2170,f,71
ScrapMetalPart,1052344,-63307,1798,f,71
RhyolitePickup,1049810,-61654,4949,f,71
FuelCellPart,1054077,-62989,1499,f,71
ScrapMetalWreckage,1045423,-65114,1247,f,71
ScrapMetalPart,1045112,-61315,1320,f,71
ScrapMetalWreckage,1043633,-58524,1075,f,71
ScrapMetalWreckage,1043494,-59185,1123,f,71
ScrapMetalPart,1043633,-59047,1115,f,71
ScrapMetalPart,1028604,-35967,2480,f,71
ScrapMetalPart,1045372,-64880,1261,f,71
ScrapMetalWreckage,1028337,-36020,2483,f,71
BrittleBush,1032761,-37034,2410,f,71
FuelCellPart,1047649,-64248,1709,f,71
ScrapMetalWreckage,1032396,-35659,2134,f,71
ScrapMetalPart,1050793,-56800,1460,f,71
ScrapMetalWreckage,1030442,-35193,2186,f,71
FuelCellWreckage,1029414,-35276,2328,f,71
ScrapMetalPart,1043649,-58517,1077,f,71
FuelCellPart,1027583,-36080,2435,f,71
ScrapMetalPart,1045333,-63318,1343,f,71
RhyolitePickup,-171016,86462,970,f,32
StravidiumOre,-186451,90829,634,f,31
RhyolitePickup,1030431,-34624,2121,f,71
FuelCellWreckage,1027743,-34546,2225,f,71
ScrapMetalPart,1028503,-34568,2252,f,71
BasaltPickup,1047770,-64937,1705,f,71
ScrapMetalPart,1053911,-65149,1463,f,71
BrittleBush,1050548,-60907,4924,f,71
RhyolitePickup,1033133,-36590,2175,f,71
RhyolitePickup,1028558,-35488,2404,f,71
ScrapMetalPart,1053777,-62726,1434,f,71
RhyolitePickup,1029197,-34961,2281,f,71
BrittleBush,1050770,-66908,1075,f,71
BrittleBush,1048313,-55786,1169,f,71
BasaltOre,1032018,-36239,2222,f,71
RhyolitePickup,1027865,-35065,2302,f,71
BrittleBush,1054509,-62799,1641,f,71
FuelCellPart,1046473,-63932,1518,f,71
ScrapMetalPart,1044120,-59931,1204,f,71
ScrapMetalWreckage,1029669,-34007,2131,f,71
FuelCellPart,1045945,-63665,1416,f,71
ScrapMetalPart,1052282,-65334,1447,f,71
RhyolitePickup,1027877,-36262,2482,f,71
ScrapMetalPart,1045858,-65752,1201,f,71
RhyolitePickup,1027400,-35676,2352,f,71
BasaltPickup,1032323,-36426,2288,f,71
FuelCellPart,1027739,-34578,2246,f,71
ScrapMetalPart,1048619,-8615,1137,f,71
AzuritePickup,1044079,-14216,1489,f,71
FuelCellPart,1046172,-11768,1605,f,71
FuelCellPart,1049392,-11047,1292,f,71
BrittleBush,982808,-92368,2929,f,71
RhyolitePickup,1054383,-16373,1192,f,71
ScrapMetalPart,1043680,-14165,1592,f,71
BasaltOre,1044254,-19127,1417,f,71
ScrapMetalPart,981590,-93825,2916,f,71
RhyolitePickup,1049326,-21095,1176,f,71
ScrapMetalPart,1044499,-13511,1575,f,71
ScrapMetalPart,1051549,-11013,1456,f,71
FuelCellPart,1049374,-10457,1153,f,71
AzuritePickup,997614,-78500,2715,f,71
BasaltOre,1046593,-21266,1276,f,71
BasaltPickup,1044541,-19062,1534,f,71
ScrapMetalWreckage,1053829,-15292,1262,f,71
ScrapMetalPart,1050885,-10507,1298,f,71
ScrapMetalWreckage,1048459,-8839,1116,f,71
FuelCellPart,1046214,-21070,1295,f,71
ScrapMetalPart,1048890,-10804,1287,f,71
ScrapMetalPart,983287,-92681,2889,f,71
ScrapMetalWreckage,982942,-93057,2895,f,71
BasaltPickup,1046545,-20855,1358,f,71
FuelCellPart,983830,-95102,2816,f,71
ScrapMetalWreckage,1054613,-16855,1271,f,71
ScrapMetalPart,1052287,-17032,1720,f,71
ScrapMetalPart,1054082,-15373,1238,f,71
ScrapMetalWreckage,995467,-80008,1681,f,71
ScrapMetalPart,983135,-92926,2885,f,71
BrittleBush,1051302,-19887,1216,f,71
ScrapMetalWreckage,981627,-93553,2926,f,71
FuelCellWreckage,1043383,-18128,1347,f,71
FuelCellWreckage,1049551,-10512,1135,f,71
FuelCellPart,1051189,-10292,1492,f,71
AzuritePickup,1054161,-14829,1311,f,71
RhyolitePickup,1053169,-18088,1218,f,71
RhyolitePickup,1049044,-9370,1103,f,71
ScrapMetalPart,1049063,-10135,1130,f,71
FuelCellPart,1044662,-13878,1643,f,71
ScrapMetalWreckage,1042438,-17864,1491,f,71
ScrapMetalWreckage,1046525,-11934,1696,f,71
BrittleBush,995981,-81274,1632,f,71
ScrapMetalPart,1054638,-15838,1246,f,71
ScrapMetalWreckage,1054712,-16078,1259,f,71
ScrapMetalWreckage,1054457,-15553,1248,f,71
FuelCellPart,1042929,-18570,1420,f,71
FuelCellPart,1046783,-13907,2674,f,71
BrittleBush,1048096,-21172,1215,f,71
ScrapMetalPart,1054581,-17130,1287,f,71
StravidiumPickup,1048885,-19939,1548,f,71
ScrapMetalWreckage,1044503,-13242,1557,f,71
RhyolitePickup,1044513,-14868,1676,f,71
ScrapMetalWreckage,1048792,-10125,1151,f,71
FuelCellPart,1043286,-18810,1371,f,71
ScrapMetalPart,1043053,-14705,1703,f,71
ScrapMetalPart,1054663,-15698,1255,f,71
ScrapMetalPart,1046024,-20730,1364,f,71
ScrapMetalPart,1043302,-15663,1522,f,71
BrittleBush,996270,-84911,1624,f,71
ScrapMetalPart,1042446,-17848,1492,f,71
TitaniumOre,1052654,-17098,1587,f,71
RhyolitePickup,1048657,-9569,1100,f,71
FuelCellPart,1044667,-20227,1272,f,71
AzuritePickup,1047651,-16565,3543,f,71
FuelCellPart,1043412,-18076,1366,f,71
ScrapMetalPart,1050285,-10165,1194,f,71
BrittleBush,984542,-82136,2300,f,71
RhyolitePickup,1044322,-13784,1535,f,71
RhyolitePickup,1048201,-20839,1308,f,71
BrittleBush,1048085,-14570,2835,f,71
ScrapMetalWreckage,1043660,-14145,1598,f,71
ScrapMetalPart,1046279,-12035,1694,f,71
BrittleBush,992689,-86112,1954,f,71
StravidiumOre,1048738,-20322,1454,f,71
FuelCellPart,981802,-98783,2366,f,71
StravidiumPickup,946669,-171925,8015,f,71
FuelCellPart,940398,-177693,9046,f,71
RhyoliteOre,942191,-171643,5925,f,71
BrittleBush,935479,-177403,6168,f,71
AzuriteOre,946335,-176773,5967,f,71
ScrapMetalPart,940873,-172743,5888,f,71
ScrapMetalPart,943801,-172739,6544,f,71
ScrapMetalWreckage,946587,-176122,6163,f,71
ScrapMetalPart,942555,-173207,6239,f,71
BrittleBush,939318,-171922,5397,f,71
ScrapMetalWreckage,940783,-172607,5825,f,71
BasaltPickup,946761,-172658,8232,f,71
BasaltPickup,947575,-170801,7721,f,71
ScrapMetalWreckage,941438,-172956,6026,f,71
ScrapMetalWreckage,942564,-172939,6242,f,71
RhyolitePickup,944878,-177857,5996,f,71
BauxitePickup,949695,-172235,7704,f,71
ScrapMetalPart,941773,-172505,5970,f,71
FuelCellPart,947216,-170806,7719,f,71
RhyolitePickup,938224,-173017,5499,f,71
BrittleBush,946314,-175575,6277,f,71
TitaniumOre,941280,-179202,9108,f,71
StravidiumOre,946817,-171450,7720,f,71
RhyolitePickup,942262,-171280,5881,f,71
RhyolitePickup,942045,-169997,5651,f,71
StravidiumOre,945736,-174029,8488,f,71
ScrapMetalPart,952255,-171000,6343,f,71
AzuritePickup,940814,-170931,5341,f,71
AzuritePickup,946720,-176915,5875,f,71
BauxiteOre,949985,-172184,7736,f,71
ScrapMetalPart,942232,-172330,6077,f,71
BrittleBush,944629,-168475,6010,f,71
FuelCellPart,949666,-168443,6112,f,71
ScrapMetalPart,945841,-179596,5831,f,71
ScrapMetalWreckage,952248,-170977,6327,f,71
ScrapMetalPart,946570,-176117,6152,f,71
ScrapMetalPart,946125,-173896,8455,f,71
ScrapMetalPart,950286,-167547,6069,f,71
FuelCellPart,939307,-177281,9135,f,71
BasaltOre,947765,-170565,7710,f,71
BrittleBush,949535,-170898,7104,f,71
BasaltOre,947092,-172249,8170,f,71
TitaniumPickup,940929,-179329,9126,f,71
ScrapMetalPart,941237,-173132,6070,f,71
ScrapMetalWreckage,941969,-172573,6031,f,71
ScrapMetalWreckage,949042,-167010,5760,f,71
BrittleBush,942211,-174027,6249,f,71
BrittleBush,936914,-174096,5883,f,71
AzuritePickup,950881,-173524,6218,f,71
ScrapMetalPart,949164,-167180,5836,f,71
AzuritePickup,942139,-173435,6184,f,71
ScrapMetalWreckage,933117,-179990,5297,f,71
ScrapMetalPart,917970,-190032,3388,f,78
RhyolitePickup,912838,-195883,5254,f,78
ScrapMetalWreckage,919742,-210822,3195,f,78
ScrapMetalPart,927946,-201105,2907,f,78
ScrapMetalWreckage,914164,-197019,4498,f,78
AzuritePickup,913429,-196995,4667,f,78
FuelCellPart,918329,-202681,5989,f,78
StravidiumOre,922237,-205889,7774,f,78
RhyolitePickup,910355,-200861,3061,f,78
ScrapMetalPart,916727,-188517,2995,f,78
AzuritePickup,926660,-193059,3169,f,78
BrittleBush,917877,-189222,3067,f,78
ScrapMetalPart,922667,-199436,4265,f,78
BrittleBush,926455,-196669,4490,f,78
ScrapMetalWreckage,913049,-198862,4109,f,78
BrittleBush,915851,-197569,4104,f,78
ScrapMetalPart,928181,-195474,2982,f,78
RhyolitePickup,918505,-189173,3140,f,78
ScrapMetalPart,918766,-194747,4591,f,78
ScrapMetalPart,915473,-202035,4167,f,78
ScrapMetalWreckage,918036,-190170,3422,f,78
ScrapMetalWreckage,932503,-179716,5308,f,71
RhyolitePickup,913701,-197254,4541,f,78
ScrapMetalPart,914429,-200837,4034,f,78
ScrapMetalWreckage,912982,-188722,2883,f,78
ScrapMetalPart,932483,-179876,5274,f,71
ScrapMetalPart,911271,-204765,3043,f,78
ScrapMetalPart,919244,-201225,6174,f,78
RhyolitePickup,927746,-200395,2997,f,78
ScrapMetalPart,923007,-194706,7124,f,78
FuelCellPart,913894,-205667,3333,f,78
ScrapMetalPart,903134,-194106,3178,f,78
ScrapMetalWreckage,923001,-194433,7127,f,78
StravidiumPickup,916884,-195519,5310,f,78
BrittleBush,909383,-200670,3147,f,78
ScrapMetalPart,918397,-196384,4477,f,78
ScrapMetalPart,916116,-210269,2922,f,78
RhyolitePickup,914531,-209544,3150,f,78
ScrapMetalPart,910485,-202173,3012,f,78
BasaltOre,922517,-208065,7605,f,78
ScrapMetalPart,928187,-197838,2928,f,78
FuelCellPart,941554,-183268,5777,f,71
ScrapMetalWreckage,904678,-192927,2870,f,78
ScrapMetalWreckage,928349,-197862,2882,f,78
ScrapMetalPart,922983,-199824,4185,f,78
BrittleBush,923187,-198766,4197,f,78
StravidiumOre,916810,-195115,5474,f,78
ScrapMetalWreckage,922521,-199455,4281,f,78
AzuritePickup,919280,-196300,4332,f,78
FuelCellPart,926315,-193131,3118,f,78
FuelCellPart,922317,-206706,7607,f,78
ScrapMetalWreckage,933047,-179232,5453,f,71
ScrapMetalPart,914902,-206357,3412,f,78
ScrapMetalPart,925826,-204970,2996,f,78
BrittleBush,918378,-195806,4596,f,78
BasaltOre,925314,-204694,3063,f,78
FuelCellPart,918166,-189279,3123,f,78
ScrapMetalWreckage,915681,-201861,4216,f,78
ScrapMetalWreckage,914036,-195611,5461,f,78
AzuritePickup,926762,-202238,3058,f,78
RhyolitePickup,914903,-206861,3380,f,78
ScrapMetalWreckage,922330,-201017,5144,f,78
ScrapMetalPart,925542,-200704,3675,f,78
ScrapMetalPart,934172,-181027,5323,f,71
AzuritePickup,913992,-188752,3107,f,78
FuelCellPart,922058,-201409,5129,f,78
AzuriteOre,916330,-189411,3376,f,78
ScrapMetalPart,933792,-181478,5170,f,71
ScrapMetalWreckage,910145,-205451,3207,f,78
BrittleBush,918642,-193409,4434,f,78
ScrapMetalPart,926042,-203644,3055,f,78
FuelCellWreckage,913741,-194913,5475,f,78
RhyolitePickup,918807,-188972,3127,f,78
ScrapMetalPart,922329,-201286,5136,f,78
RhyolitePickup,920794,-198559,4145,f,78
TitaniumOre,917809,-195764,5262,f,78
ScrapMetalWreckage,909968,-195201,4377,f,78
FuelCellPart,916020,-191633,6261,f,78
FuelCellPart,940792,-184009,5826,f,71
FuelCellPart,921283,-187431,3685,f,78
ScrapMetalPart,933876,-180086,5453,f,71
ScrapMetalPart,919768,-191955,4071,f,78
ScrapMetalWreckage,933636,-181377,5132,f,71
ScrapMetalWreckage,919786,-191750,4054,f,78
BauxitePickup,917460,-210741,2887,f,78
FuelCellPart,905377,-192874,2958,f,78
TitaniumOre,918986,-199021,4337,f,78
ScrapMetalWreckage,927850,-200926,2930,f,78
BrittleBush,942379,-182739,5807,f,71
FuelCellPart,940879,-184267,5897,f,71
AzuritePickup,918911,-201188,6162,f,78
BasaltPickup,922720,-208184,7581,f,78
AzuritePickup,913840,-205320,3304,f,78
ScrapMetalPart,938225,-184469,5733,f,71
RhyolitePickup,915068,-188681,3287,f,78
ScrapMetalPart,919722,-211090,3264,f,78
ScrapMetalWreckage,919252,-201216,6146,f,78
ScrapMetalWreckage,910286,-189735,2817,f,78
ScrapMetalWreckage,916875,-188677,3016,f,78
ScrapMetalPart,912730,-188630,2823,f,78
FuelCellPart,907130,-191544,2932,f,78
RhyolitePickup,915746,-207470,3518,f,78
ScrapMetalPart,932484,-178332,5705,f,71
ScrapMetalWreckage,926385,-197297,4491,f,78
ScrapMetalWreckage,911042,-204898,3101,f,78
FuelCellPart,902682,-194118,3289,f,78
FuelCellPart,903740,-193798,2977,f,78
BauxiteOre,917741,-210435,2971,f,78
ScrapMetalPart,913037,-198896,4099,f,78
ScrapMetalWreckage,910452,-202170,3010,f,78
ScrapMetalPart,922195,-205467,7757,f,78
FuelCellWreckage,940693,-184420,5898,f,71
ScrapMetalPart,909820,-195426,4375,f,78
BasaltPickup,925278,-204285,3054,f,78
ScrapMetalWreckage,908730,-194445,3971,f,78
RhyolitePickup,909936,-196053,4443,f,78
ScrapMetalWreckage,937980,-184568,5756,f,71
ScrapMetalPart,915716,-204447,3891,f,78
FuelCellPart,925587,-206256,3124,f,78
ScrapMetalPart,914293,-195687,5460,f,78
ScrapMetalPart,910483,-205394,3204,f,78
ScrapMetalPart,910020,-189702,2804,f,78
TitaniumPickup,917573,-195541,5269,f,78
FuelCellPart,918157,-196680,4522,f,78
RhyolitePickup,908769,-205621,2991,f,78
RhyolitePickup,910601,-193985,4744,f,78
ScrapMetalPart,932857,-179046,5494,f,71
ScrapMetalWreckage,914310,-200599,4001,f,78
ScrapMetalPart,919463,-199126,4224,f,78
ScrapMetalWreckage,933917,-180344,5383,f,71
BrittleBush,926276,-200706,3444,f,78
FuelCellPart,913908,-195129,5460,f,78
ScrapMetalPart,913895,-196958,4553,f,78
FuelCellWreckage,914350,-205737,3403,f,78
ScrapMetalPart,910245,-205194,3190,f,78
AzuritePickup,913580,-199042,4005,f,78
ScrapMetalPart,926442,-197194,4507,f,78
BrittleBush,925658,-204068,3033,f,78
RhyolitePickup,933043,-178838,5561,f,71
FuelCellPart,914615,-205693,3434,f,78
ScrapMetalPart,904531,-192704,2848,f,78
AzuritePickup,908377,-194769,4038,f,78
BrittleBush,934949,-179949,5767,f,71
ScrapMetalPart,932882,-179872,5294,f,71
FuelCellPart,913467,-188482,2921,f,78
ScrapMetalPart,911955,-189534,2908,f,78
TitaniumPickup,918989,-199431,4368,f,78
FuelCellWreckage,918410,-196749,4434,f,78
TitaniumOre,916200,-194022,6384,f,78
ScrapMetalPart,908667,-194182,3899,f,78
ScrapMetalWreckage,918895,-194521,4488,f,78
ScrapMetalPart,912223,-189302,2887,f,78
ScrapMetalPart,1004966,-125737,1498,f,71
ScrapMetalPart,1007752,-136736,1156,f,71
BrittleBush,1011804,-127827,1666,f,71
FuelCellPart,1006101,-126767,1397,f,71
ScrapMetalPart,1010270,-127758,1479,f,71
BrittleBush,1011796,-127250,1585,f,71
ScrapMetalPart,1010598,-127225,1442,f,71
BrittleBush,1008393,-127536,1374,f,71
NoIcon,1008969,-121619,3434,f,0
Cave,1012862,-118292,1758,t,71
Cave,1009363,-121665,3374,t,71
FuelCellPart,998878,-135617,1054,f,71
BrittleBush,1002218,-137546,1981,f,71
BrittleBush,998681,-135878,1043,f,71
RhyolitePickup,1000518,-134969,1077,f,71
ScrapMetalWreckage,962152,-433769,756,f,78
ScrapMetalPart,956010,-442311,4167,f,78
AzuriteOre,950681,-445502,6782,f,78
ScrapMetalWreckage,955142,-451809,742,f,78
ScrapMetalWreckage,953048,-449205,3000,f,78
BrittleBush,948743,-442903,2268,f,78
AzuriteOre,959868,-434254,4999,f,78
AzuritePickup,957675,-448020,706,f,78
FuelCellPart,951867,-449789,2586,f,78
AzuriteOre,949231,-444996,4670,f,78
ScrapMetalPart,955652,-441835,4262,f,78
AzuriteOre,952732,-448923,3450,f,78
FuelCellPart,-207516,88300,2500,f,31
BrittleBush,-219869,65864,1496,f,41
ScrapMetalWreckage,-205519,87185,1991,f,31
ScrapMetalPart,-199945,84653,889,f,31
ScrapMetalPart,-199918,87467,1350,f,31
ScrapMetalWreckage,-200531,84811,877,f,31
ScrapMetalPart,955858,-434026,2940,f,78
AzuriteOre,955366,-446581,2793,f,78
RhyolitePickup,954254,-435651,1985,f,78
RhyolitePickup,950461,-450071,2776,f,78
BrittleBush,955786,-446645,2229,f,78
ScrapMetalWreckage,956253,-442365,4150,f,78
FuelCellPart,953684,-453259,699,f,78
ScrapMetalPart,954773,-451662,817,f,78
AzuritePickup,953288,-442106,2524,f,78
ScrapMetalPart,953606,-445087,3756,f,78
RhyolitePickup,954752,-452245,666,f,78
ScrapMetalWreckage,950021,-440285,2489,f,78
ScrapMetalPart,953148,-437540,2003,f,78
ScrapMetalPart,962168,-434000,765,f,78
BasaltOre,955413,-441326,4281,f,78
FuelCellPart,946375,-449232,974,f,78
AzuriteOre,955461,-445094,2865,f,78
ScrapMetalPart,955373,-451672,752,f,78
ScrapMetalWreckage,956028,-434036,2925,f,78
AzuriteOre,957318,-432463,2866,f,78
AzuriteOre,956846,-440114,3723,f,78
BrittleBush,957653,-441345,3068,f,78
AzuriteOre,955010,-436545,2910,f,78
FuelCellPart,952877,-438901,2319,f,78
FuelCellPart,952475,-436424,1960,f,78
ScrapMetalWreckage,960853,-432209,938,f,78
AzuriteOre,949991,-449257,3560,f,78
ScrapMetalPart,946777,-450042,804,f,78
BasaltPickup,954220,-447585,3497,f,78
ScrapMetalWreckage,950896,-452292,736,f,78
BrittleBush,958747,-440292,1196,f,78
RhyolitePickup,956532,-436643,3769,f,78
BasaltOre,954066,-447271,3542,f,78
BrittleBush,958751,-431809,1536,f,78
AzuriteOre,953456,-442487,2535,f,78
ScrapMetalPart,957579,-445814,1104,f,78
BasaltPickup,955530,-441595,4337,f,78
ScrapMetalWreckage,954546,-451800,805,f,78
ScrapMetalPart,961053,-432221,921,f,78
RhyoliteOre,953463,-431032,3062,f,78
AzuritePickup,952960,-453173,672,f,78
FuelCellWreckage,955839,-435323,3310,f,78
AzuriteOre,953590,-448785,3734,f,78
ScrapMetalWreckage,946615,-449831,855,f,78
AzuriteOre,949374,-448533,4029,f,78
ScrapMetalPart,950632,-452311,679,f,78
AzuriteOre,957107,-436648,4522,f,78
ScrapMetalPart,962031,-436075,970,f,78
RhyolitePickup,957797,-439051,3620,f,78
FuelCellWreckage,956191,-449093,1273,f,78
ScrapMetalWreckage,958102,-440784,3020,f,78
RhyolitePickup,950219,-445083,6294,f,78
RhyolitePickup,950986,-445326,6223,f,78
AzuriteOre,953598,-446076,4595,f,78
AzuritePickup,955431,-444011,2248,f,78
FuelCellPart,962324,-434393,747,f,78
RhyolitePickup,953400,-431200,3068,f,78
ScrapMetalPart,956879,-447668,1028,f,78
ScrapMetalPart,952789,-442411,2563,f,78
AzuriteOre,950286,-446158,8541,f,78
FuelCellPart,953376,-434563,1807,f,78
ScrapMetalPart,957165,-448026,904,f,78
BrittleBush,952146,-447287,7159,f,78
ScrapMetalPart,960090,-440841,710,f,78
FuelCellWreckage,953553,-453031,684,f,78
ScrapMetalWreckage,962089,-436308,967,f,78
FuelCellPart,957209,-441158,3127,f,78
AzuriteOre,952479,-444115,4680,f,78
RhyolitePickup,947841,-451353,571,f,78
ScrapMetalWreckage,957133,-448038,913,f,78
RhyolitePickup,959442,-443994,630,f,78
BasaltPickup,954417,-436589,2222,f,78
ScrapMetalPart,952870,-449346,2918,f,78
FuelCellPart,956254,-448812,1243,f,78
BasaltOre,954367,-436216,2144,f,78
ScrapMetalPart,950001,-440090,2531,f,78
BauxiteOre,954661,-439274,4323,f,78
AzuritePickup,957732,-445537,1109,f,78
AzuriteOre,956878,-438886,3994,f,78
Shipwreck,517238,-612668,1866,t,52
Shipwreck,519003,-600697,752,t,52
Shipwreck,502189,-605068,1838,t,52
BasaltPickup,-215768,73643,1182,f,41
ScrapMetalWreckage,-219916,72930,1350,f,41
NoIcon,508840,-609457,3863,f,0
Hazard_Radiation,509777,-602432,1756,f,52
RhyolitePickup,-200208,86330,1127,f,31
ScrapMetalPart,510167,-602354,1236,f,52
ScrapMetalPart,513118,-608468,2540,f,52
Hazard_Radiation,512308,-612641,2947,f,52
ScrapMetalPart,510147,-604973,2140,f,52
Hazard_Radiation,509819,-614386,3136,f,52
ScrapMetalPart,510531,-614553,2739,f,52
FuelCellPart,813128,166680,2991,f,76
ScrapMetalWreckage,811186,180081,2738,f,76
RhyolitePickup,812270,169998,3725,f,76
ScrapMetalPart,811199,179913,2740,f,76
BrittleBush,803175,177267,2572,f,76
AzuritePickup,812508,175736,3542,f,76
ScrapMetalWreckage,813050,172530,3624,f,76
RhyolitePickup,813798,172782,3620,f,76
ScrapMetalPart,-195519,90462,3355,f,31
AzuritePickup,-183621,92042,468,f,32
FuelCellPart,-208090,82467,789,f,31
AzuritePickup,-196930,85982,1151,f,31
ScrapMetalWreckage,-199316,87188,1374,f,31
ScrapMetalWreckage,-173604,86158,1082,f,32
RhyolitePickup,-214972,67867,1271,f,41
BasaltOre,801960,170709,8853,f,76
ScrapMetalPart,817242,170936,3051,f,76
BrittleBush,811896,172193,3800,f,76
BasaltOre,802025,172300,18654,f,76
ScrapMetalPart,815678,169402,3021,f,76
ScrapMetalPart,812908,172655,3639,f,76
ScrapMetalPart,814281,170838,3467,f,76
BasaltPickup,816152,180101,2611,f,76
ScrapMetalWreckage,811538,164829,2991,f,76
BrittleBush,819165,176997,3204,f,76
BrittleBush,817210,172435,3324,f,76
ScrapMetalPart,815165,166128,2612,f,76
RhyolitePickup,812272,166014,2918,f,76
FuelCellPart,813320,168358,3363,f,76
BrittleBush,812227,170509,3698,f,76
RhyolitePickup,823751,166868,1485,f,76
BrittleBush,817499,180365,2876,f,76
FuelCellPart,814905,166527,2735,f,76
ScrapMetalPart,823688,167563,1691,f,76
ScrapMetalPart,812614,165742,2879,f,76
ScrapMetalWreckage,812802,181749,2693,f,76
AzuritePickup,807264,178446,2836,f,76
ScrapMetalPart,812536,181734,2719,f,76
FuelCellPart,808386,176860,3351,f,76
FuelCellPart,815439,165979,2547,f,76
ScrapMetalWreckage,823584,167808,1767,f,76
ScrapMetalPart,818676,171672,2965,f,76
ScrapMetalPart,818969,171181,2825,f,76
ScrapMetalWreckage,815106,165862,2670,f,76
BasaltOre,800324,172677,13626,f,76
BasaltPickup,814059,179517,3095,f,76
BasaltPickup,817686,178068,2900,f,76
BrittleBush,805219,178473,2741,f,76
AzuritePickup,806916,178493,2837,f,76
BrittleBush,818492,176719,2900,f,76
BasaltPickup,801734,170786,8800,f,76
FuelCellPart,819086,168693,2257,f,76
FuelCellPart,809685,177528,3148,f,76
RhyolitePickup,816424,180005,2554,f,76
BrittleBush,814804,178516,3554,f,76
BasaltPickup,819896,173688,2618,f,76
BrittleBush,805874,164980,3145,f,76
BasaltPickup,800378,172298,13581,f,76
ScrapMetalPart,811758,164930,2998,f,76
FuelCellPart,818230,169383,2556,f,76
BasaltOre,817716,177663,2894,f,76
ScrapMetalWreckage,818696,171201,2875,f,76
BrittleBush,802146,177203,2771,f,76
BasaltOre,813844,179151,3237,f,76
BasaltOre,815815,179940,2760,f,76
AzuritePickup,818165,165684,1982,f,76
ScrapMetalPart,845620,111705,1167,f,76
BrittleBush,849532,113206,1337,f,76
ScrapMetalPart,842782,108246,787,f,76
ScrapMetalPart,836140,101730,989,f,76
FuelCellPart,821881,111354,1202,f,76
BrittleBush,833771,103938,1157,f,76
ScrapMetalPart,849851,112457,1580,f,76
BasaltOre,824910,104650,4447,f,76
FuelCellPart,827129,99672,4071,f,76
ScrapMetalPart,845691,112852,1314,f,76
FuelCellPart,852461,108143,1480,f,76
ScrapMetalPart,846138,106894,1278,f,76
BrittleBush,823212,123460,905,f,76
BrittleBush,825429,111420,1232,f,76
FuelCellPart,845927,111896,1231,f,76
ScrapMetalPart,827474,109921,1844,f,76
ScrapMetalPart,820671,103255,3676,f,76
ScrapMetalWreckage,822028,109803,1388,f,76
FuelCellPart,850888,113309,1674,f,76
RhyolitePickup,822044,100338,3976,f,76
ScrapMetalPart,817180,115513,5265,f,76
FuelCellPart,818159,111185,1692,f,76
ScrapMetalPart,826566,107333,2584,f,76
RhyolitePickup,847858,113409,1336,f,76
ScrapMetalPart,828462,107777,2787,f,76
ScrapMetalPart,821401,104517,3329,f,76
RhyolitePickup,819729,122476,940,f,76
ScrapMetalPart,825632,107406,2440,f,76
RhyolitePickup,846404,111307,1491,f,76
FuelCellPart,847316,113363,1380,f,76
BasaltOre,826102,122324,3682,f,76
ScrapMetalPart,827908,109048,2176,f,76
ScrapMetalPart,821940,104851,3306,f,76
FuelCellPart,827751,115407,862,f,76
BrittleBush,822600,100831,4062,f,76
ScrapMetalWreckage,836105,101950,980,f,76
BasaltPickup,828970,118247,2598,f,76
ScrapMetalPart,825873,107947,2294,f,76
BasaltPickup,816755,116397,5253,f,76
ScrapMetalWreckage,826786,107349,2606,f,76
FuelCellPart,839809,105816,1018,f,76
BasaltOre,820928,115943,1116,f,76
ScrapMetalWreckage,828204,107664,2780,f,76
ScrapMetalPart,836526,101520,1073,f,76
ScrapMetalPart,826782,111737,1242,f,76
FuelCellPart,827096,107650,2559,f,76
FuelCellPart,840287,107050,635,f,76
BasaltOre,850583,107654,1624,f,76
BasaltOre,817149,116282,5245,f,76
BasaltPickup,825802,122044,3703,f,76
ScrapMetalWreckage,817054,121541,2683,f,76
RhyolitePickup,834591,100877,910,f,76
ScrapMetalPart,821935,105430,3176,f,76
BrittleBush,851939,113838,1857,f,76
FuelCellPart,833972,105455,1072,f,76
RhyolitePickup,821970,118342,1002,f,76
AzuritePickup,824984,116050,951,f,76
ScrapMetalPart,817294,115292,5262,f,76
BasaltPickup,817293,112425,2133,f,76
BasaltPickup,850734,108000,1647,f,76
RhyolitePickup,831694,108799,1537,f,76
BasaltPickup,820648,115568,1161,f,76
ScrapMetalWreckage,825837,107686,2370,f,76
ScrapMetalPart,849855,106533,1741,f,76
ScrapMetalPart,840426,106187,771,f,76
ScrapMetalPart,847894,114011,1462,f,76
ScrapMetalWreckage,840629,106361,706,f,76
ScrapMetalPart,824554,124017,1144,f,76
RhyolitePickup,843884,110477,1017,f,76
ScrapMetalWreckage,817312,114997,5248,f,76
BrittleBush,820136,120979,1054,f,76
FuelCellPart,816505,121234,2820,f,76
ScrapMetalWreckage,826575,111557,1252,f,76
ScrapMetalPart,823802,106212,2669,f,76
ScrapMetalWreckage,821839,104986,3268,f,76
FuelCellPart,840948,106313,653,f,76
ScrapMetalPart,826077,103101,5757,f,76
ScrapMetalWreckage,820917,103356,3718,f,76
ScrapMetalPart,816980,121357,2750,f,76
ScrapMetalWreckage,845680,112841,1308,f,76
FuelCellPart,834196,105086,1056,f,76
BrittleBush,853858,110925,1557,f,76
BasaltOre,821618,111788,1189,f,76
RhyolitePickup,828545,110575,1764,f,76
ScrapMetalWreckage,849837,106544,1740,f,76
BasaltOre,817204,111994,2057,f,76
BasaltOre,828776,117997,2626,f,76
ScrapMetalPart,822045,109738,1406,f,76
ScrapMetalPart,820104,112135,1308,f,76
RhyolitePickup,829732,93550,1180,f,76
BasaltOre,829220,88764,3805,f,72
AzuritePickup,824020,82915,1086,f,72
ScrapMetalPart,832975,99759,1093,f,76
BasaltPickup,830886,98390,1414,f,76
FuelCellPart,838223,99685,856,f,76
ScrapMetalPart,837005,96684,1054,f,76
BasaltPickup,822748,83130,1440,f,72
ScrapMetalWreckage,836864,96631,1093,f,76
BrittleBush,833654,94708,1606,f,76
FuelCellPart,838906,100340,974,f,76
BasaltOre,823070,83323,1314,f,72
FuelCellWreckage,837957,99645,878,f,76
ScrapMetalWreckage,832925,99498,1110,f,76
BrittleBush,830898,13003,2093,f,72
BrittleBush,830526,12947,1903,f,72
ScrapMetalPart,834662,14822,2382,f,72
RhyolitePickup,835724,13157,2639,f,72
FuelCellPart,839896,9166,2465,f,72
BrittleBush,818960,24736,4180,f,72
ScrapMetalPart,821003,25799,4081,f,72
ScrapMetalPart,835943,13584,2598,f,72
ScrapMetalPart,841864,6181,1732,f,72
ScrapMetalPart,830832,17015,1681,f,72
ScrapMetalWreckage,835937,13854,2564,f,72
ScrapMetalPart,840933,7742,1971,f,72
RhyolitePickup,831162,17022,1651,f,72
FuelCellPart,841975,6548,1782,f,72
BrittleBush,830683,12445,1955,f,72
ScrapMetalWreckage,836367,12021,2834,f,72
BrittleBush,830540,13642,1891,f,72
ScrapMetalPart,830331,16711,1772,f,72
FuelCellPart,836316,12781,2727,f,72
BrittleBush,831027,12753,2165,f,72
BrittleBush,838120,6030,2059,f,72
RhyolitePickup,836247,11443,2848,f,72
ScrapMetalWreckage,841879,6191,1729,f,72
ScrapMetalPart,836614,11908,2886,f,72
RhyolitePickup,841637,6576,1756,f,72
ScrapMetalWreckage,834764,15065,2408,f,72
FuelCellPart,835867,11327,2678,f,72
AzuritePickup,832720,16158,1912,f,72
BrittleBush,828117,-11422,5025,f,72
TitaniumOre,832138,7531,1818,f,72
ScrapMetalPart,831240,-7302,3280,f,72
AzuritePickup,835192,-23577,5690,f,72
ScrapMetalPart,833832,-7034,3315,f,72
ScrapMetalWreckage,832302,-7718,3401,f,72
TitaniumPickup,832106,7519,1843,f,72
RhyolitePickup,837905,-27941,4101,f,72
StravidiumOre,835996,-23913,5738,f,72
ScrapMetalWreckage,831502,-22764,3344,f,72
TitaniumOre,831267,-16908,7154,f,72
BrittleBush,832415,-8818,3786,f,72
FuelCellWreckage,837182,-16073,4371,f,72
ScrapMetalWreckage,837707,-17517,4293,f,72
ScrapMetalPart,831534,-22714,3366,f,72
ScrapMetalPart,831286,6398,1854,f,72
ScrapMetalPart,831188,-16596,7151,f,72
BrittleBush,837794,-18245,4234,f,72
AzuritePickup,832164,-13407,7214,f,72
ScrapMetalWreckage,836569,-27857,3965,f,72
ScrapMetalWreckage,830717,-21304,3261,f,72
FuelCellPart,837273,-16220,4368,f,72
ScrapMetalPart,837357,-16665,4338,f,72
ScrapMetalPart,806122,-20151,3536,f,72
ScrapMetalPart,832562,-7746,3471,f,72
RhyolitePickup,804815,-20874,3775,f,72
ScrapMetalPart,834892,-7170,3497,f,72
AzuritePickup,830843,-19252,3764,f,72
ScrapMetalWreckage,837475,-16905,4330,f,72
StravidiumPickup,831322,7294,1825,f,72
FuelCellPart,832920,-21559,4078,f,72
AzuriteOre,832049,-13245,7193,f,72
StravidiumOre,831499,7625,1790,f,72
BasaltOre,831263,-16150,7141,f,72
BasaltOre,832526,-25448,3231,f,72
ScrapMetalWreckage,833602,-7168,3392,f,72
ScrapMetalWreckage,834816,-7293,3501,f,72
ScrapMetalPart,835874,-26529,4539,f,72
ScrapMetalWreckage,832853,-7038,3316,f,72
RhyolitePickup,831847,-18949,4014,f,72
ScrapMetalPart,805912,-17917,3636,f,72
ScrapMetalPart,830786,-21564,3242,f,72
RhyolitePickup,832698,-26758,3115,f,72
ScrapMetalWreckage,805960,-19938,3476,f,72
FuelCellPart,837069,-19243,4563,f,72
ScrapMetalWreckage,831378,-7178,3216,f,72
RhyolitePickup,805060,-20013,3875,f,72
BrittleBush,833031,-23095,3968,f,72
BasaltPickup,831079,-15992,7106,f,72
ScrapMetalPart,831046,8928,1822,f,72
ScrapMetalWreckage,833076,-21051,4181,f,72
BrittleBush,839573,-26795,4736,f,72
ScrapMetalWreckage,833277,-6517,3181,f,72
RhyolitePickup,836020,-25065,5723,f,72
RhyoliteOre,835994,-25358,5754,f,72
BrittleBush,829552,-16902,3672,f,72
BauxitePickup,834474,-17765,6330,f,72
BrittleBush,832050,-8431,3612,f,72
ScrapMetalPart,833028,-6842,3270,f,72
ScrapMetalPart,837828,-16415,4417,f,72
FuelCellPart,833984,-7267,3374,f,72
ScrapMetalPart,836545,-27858,3959,f,72
RhyolitePickup,830994,7853,1864,f,72
BrittleBush,837353,-25258,5122,f,72
RhyolitePickup,831576,-7786,3342,f,72
ScrapMetalPart,837823,-17345,4327,f,72
BauxiteOre,834795,-17898,6355,f,72
FuelCellPart,831571,-15766,7099,f,72
RhyolitePickup,834794,6063,1830,f,72
ScrapMetalPart,830429,-21087,3213,f,72
ScrapMetalPart,833086,-21036,4170,f,72
ScrapMetalWreckage,831225,-21818,3368,f,72
StravidiumPickup,835579,-23809,5721,f,72
FuelCellPart,835938,-17926,4149,f,72
ScrapMetalPart,831319,-22068,3368,f,72
BasaltPickup,832274,-25628,3115,f,72
ScrapMetalPart,833128,-6456,3164,f,72
ScrapMetalPart,799195,-25236,3851,f,72
ScrapMetalWreckage,790702,-25082,3717,f,72
BrittleBush,796927,-25541,4118,f,72
FuelCellPart,796218,-25850,4267,f,72
RhyolitePickup,793783,-28058,3653,f,72
ScrapMetalPart,790756,-25345,3710,f,72
RhyolitePickup,794463,-26479,4320,f,72
BrittleBush,791958,-25882,4093,f,72
ScrapMetalPart,795726,-26810,3898,f,72
ScrapMetalPart,789973,-25402,3450,f,72
ScrapMetalPart,794711,-26197,4356,f,72
FuelCellPart,790293,-25824,3520,f,72
AzuritePickup,790738,-25555,3691,f,72
RhyolitePickup,791314,-28414,3222,f,72
AzuritePickup,795360,-24669,4671,f,72
ScrapMetalWreckage,794335,-27844,3723,f,72
ScrapMetalPart,794361,-27848,3731,f,72
ScrapMetalWreckage,789940,-25609,3416,f,72
FuelCellPart,796255,-25361,4353,f,72
FuelCellPart,529799,-104657,1036,f,73
FuelCellPart,531225,-104048,648,f,73
RhyolitePickup,548864,-132709,2114,f,73
ScrapMetalWreckage,544536,-133943,5232,f,73
ScrapMetalWreckage,548515,-132623,2146,f,73
FuelCellWreckage,531182,-103776,632,f,73
ScrapMetalPart,529096,-105385,1233,f,73
StravidiumPickup,545761,-131629,2173,f,73
BasaltOre,547085,-137000,5827,f,73
RhyolitePickup,529152,-104815,1186,f,73
ScrapMetalWreckage,548212,-132014,2169,f,73
FuelCellPart,544207,-134245,5276,f,73
ScrapMetalPart,544550,-133954,5233,f,73
AzuritePickup,544765,-132060,2016,f,73
ScrapMetalPart,531828,-102832,478,f,73
BasaltPickup,546716,-136777,6017,f,73
ScrapMetalPart,548723,-132469,2143,f,73
ScrapMetalWreckage,529369,-103390,1122,f,73
ScrapMetalPart,548416,-132135,2166,f,73
ScrapMetalPart,548906,-133070,2080,f,73
FuelCellPart,547978,-132333,2203,f,73
ScrapMetalPart,529553,-103199,1082,f,73
ScrapMetalPart,542402,-135825,4235,f,73
AzuriteOre,528256,-103387,1410,f,73
ScrapMetalPart,547615,-132330,2248,f,73
ScrapMetalWreckage,531684,-103058,500,f,73
ScrapMetalPart,541794,-133168,2089,f,73
AzuritePickup,528263,-103254,1400,f,73
BrittleBush,541038,-133729,2247,f,73
FuelCellPart,508311,-122545,731,f,73
StravidiumPickup,499356,-116682,3005,f,73
ScrapMetalPart,517272,-91123,3919,f,73
ScrapMetalWreckage,516791,-112135,3219,f,73
AzuritePickup,501163,-107293,4129,f,73
FuelCellPart,515862,-81026,1985,f,73
ScrapMetalPart,496070,-91998,2111,f,73
BrittleBush,509390,-104133,6729,f,73
ScrapMetalPart,477434,-105566,3330,f,73
BasaltOre,510326,-104200,7650,f,73
FuelCellWreckage,507797,-86258,6304,f,73
ScrapMetalPart,521618,-113410,1249,f,73
ScrapMetalPart,489786,-97779,1522,f,73
ScrapMetalWreckage,498407,-98169,3319,f,73
ScrapMetalWreckage,492280,-108806,1017,f,73
ScrapMetalWreckage,514144,-81205,1997,f,73
RhyolitePickup,507799,-85758,6254,f,73
FuelCellPart,513709,-107186,6103,f,73
RhyolitePickup,513377,-114651,3838,f,73
ScrapMetalPart,494656,-99100,2298,f,73
TitaniumPickup,511471,-107324,8424,f,73
ScrapMetalPart,501871,-113276,4015,f,73
AzuritePickup,524510,-97383,2423,f,73
ScrapMetalPart,507362,-122191,930,f,73
ScrapMetalWreckage,506581,-122554,885,f,73
RhyolitePickup,488251,-102536,517,f,73
RhyolitePickup,497620,-107638,3032,f,73
ScrapMetalWreckage,496140,-91877,2073,f,73
RhyolitePickup,493851,-89324,729,f,73
ScrapMetalPart,511200,-86946,5219,f,73
ScrapMetalPart,489066,-101729,762,f,73
ScrapMetalPart,494340,-97539,2468,f,73
ScrapMetalPart,494095,-99560,2103,f,73
ScrapMetalPart,526471,-92385,1438,f,73
BauxitePickup,500533,-95869,5309,f,73
ScrapMetalPart,504837,-107539,6009,f,73
ScrapMetalWreckage,513445,-74374,942,f,73
ScrapMetalPart,508209,-91540,6031,f,73
ScrapMetalPart,524759,-99986,1738,f,73
ScrapMetalPart,505547,-97478,5555,f,73
FuelCellPart,493129,-108753,1137,f,73
ScrapMetalPart,514153,-81229,2013,f,73
ScrapMetalPart,520736,-99638,4265,f,73
ScrapMetalPart,498640,-97659,3375,f,73
FuelCellPart,486799,-99413,475,f,73
ScrapMetalWreckage,491888,-96946,1425,f,73
ScrapMetalPart,477100,-104895,3329,f,73
ScrapMetalPart,505892,-122306,928,f,73
ScrapMetalPart,506447,-122612,858,f,73
FuelCellPart,496562,-112811,2045,f,73
ScrapMetalPart,488867,-96709,789,f,73
BasaltPickup,494893,-107949,2551,f,73
FuelCellPart,505266,-90654,5756,f,73
AzuritePickup,490034,-99896,1716,f,73
FuelCellPart,505529,-114799,5496,f,73
ScrapMetalWreckage,521224,-104618,5407,f,73
AzuritePickup,510204,-97242,6806,f,73
ScrapMetalPart,525565,-113618,510,f,73
FuelCellPart,527978,-107792,1516,f,73
ScrapMetalWreckage,506640,-98731,6135,f,73
FuelCellPart,478053,-103097,2732,f,73
BauxitePickup,505111,-88527,7032,f,73
FuelCellPart,504879,-99407,5492,f,73
ScrapMetalPart,520598,-116755,1149,f,73
BasaltOre,488228,-94903,456,f,73
ScrapMetalPart,510958,-105845,8333,f,73
TitaniumOre,517921,-103322,4656,f,73
ScrapMetalWreckage,502125,-113324,4096,f,73
ScrapMetalPart,520509,-100189,4331,f,73
RhyolitePickup,519796,-115847,1596,f,73
TitaniumOre,513809,-92678,6097,f,73
ScrapMetalPart,478002,-103651,2818,f,73
ScrapMetalWreckage,502426,-123765,413,f,73
BauxiteOre,504384,-104449,6149,f,73
FuelCellPart,509379,-123321,581,f,73
ScrapMetalPart,492083,-97681,1549,f,73
AzuritePickup,512144,-115620,3984,f,73
ScrapMetalPart,492787,-97449,1641,f,73
ScrapMetalWreckage,516992,-91107,3998,f,73
ScrapMetalWreckage,525294,-110776,1219,f,73
TitaniumPickup,500916,-119140,3423,f,73
ScrapMetalWreckage,492117,-97670,1544,f,73
ScrapMetalPart,492283,-108800,1021,f,73
AzuritePickup,519543,-101291,4651,f,73
ScrapMetalWreckage,504605,-98163,5222,f,73
ScrapMetalPart,509683,-103210,6842,f,73
TitaniumPickup,512179,-106895,8337,f,73
FuelCellPart,513836,-118408,1409,f,73
RhyolitePickup,515024,-98604,7447,f,73
FuelCellPart,488314,-96508,618,f,73
FuelCellPart,512960,-94599,6935,f,73
ScrapMetalPart,489182,-101230,811,f,73
FuelCellPart,494852,-95691,2788,f,73
ScrapMetalWreckage,493588,-105483,1374,f,73
ScrapMetalPart,513188,-74307,994,f,73
FuelCellWreckage,514090,-118489,1353,f,73
BrittleBush,514900,-82120,2006,f,73
StravidiumOre,488854,-99099,1662,f,73
BauxitePickup,504680,-104243,6249,f,73
FuelCellWreckage,527752,-107657,1582,f,73
StravidiumPickup,510870,-106593,8398,f,73
BrittleBush,522606,-111289,1869,f,73
BasaltPickup,510429,-103803,7634,f,73
RhyoliteOre,515625,-103360,6730,f,73
FuelCellWreckage,491267,-105019,952,f,73
ScrapMetalWreckage,492239,-107500,1185,f,73
RhyolitePickup,495248,-107029,2587,f,73
ScrapMetalWreckage,511770,-92349,5974,f,73
ScrapMetalPart,488330,-102198,548,f,73
ScrapMetalPart,496317,-116979,808,f,73
BrittleBush,514844,-111456,3670,f,73
FuelCellPart,506845,-122206,964,f,73
AzuriteOre,506712,-110483,5654,f,73
BasaltPickup,490405,-99707,1728,f,73
BrittleBush,477626,-102014,2783,f,73
ScrapMetalPart,520320,-87194,2290,f,73
TitaniumOre,511833,-106906,8368,f,73
StravidiumOre,499488,-116854,3064,f,73
ScrapMetalWreckage,525040,-113970,494,f,73
BasaltPickup,507078,-87957,7128,f,73
StravidiumOre,511353,-130329,944,f,73
ScrapMetalWreckage,496130,-117165,660,f,73
FuelCellWreckage,492928,-108681,1113,f,73
BasaltOre,477215,-103439,3097,f,73
TitaniumPickup,518273,-103093,4643,f,73
RhyolitePickup,500863,-109968,4327,f,73
ScrapMetalWreckage,526206,-92390,1486,f,73
ScrapMetalWreckage,508015,-112088,7254,f,73
ScrapMetalPart,516457,-107815,3779,f,73
FuelCellPart,510530,-83197,4262,f,73
ScrapMetalPart,498297,-97948,3307,f,73
ScrapMetalWreckage,498909,-107666,3562,f,73
ScrapMetalWreckage,509681,-103185,6838,f,73
BasaltOre,495038,-108088,2584,f,73
ScrapMetalWreckage,474663,-99246,3476,f,73
ScrapMetalWreckage,494545,-97622,2483,f,73
StravidiumOre,489083,-92558,2045,f,73
ScrapMetalPart,474591,-99501,3503,f,73
StravidiumOre,510547,-106349,8388,f,73
FuelCellWreckage,504781,-99156,5429,f,73
ScrapMetalPart,504362,-98144,5168,f,73
ScrapMetalPart,506082,-90760,5860,f,73
RhyoliteOre,494913,-106855,2575,f,73
ScrapMetalPart,517525,-116988,1020,f,73
ScrapMetalWreckage,511015,-99536,7021,f,73
AzuritePickup,506938,-110474,5663,f,73
ScrapMetalPart,523300,-99223,2885,f,73
BrittleBush,526923,-95079,1748,f,73
AzuriteOre,519164,-101449,4687,f,73
ScrapMetalPart,509393,-94543,6610,f,73
RhyolitePickup,522207,-87243,1522,f,73
ScrapMetalPart,516263,-101748,6041,f,73
ScrapMetalWreckage,504500,-123097,585,f,73
FuelCellPart,510930,-93174,6482,f,73
ScrapMetalPart,508842,-122898,660,f,73
FuelCellPart,524691,-91216,1828,f,73
ScrapMetalWreckage,489170,-101242,805,f,73
FuelCellPart,508887,-88332,5540,f,73
AzuritePickup,509836,-128614,477,f,73
AzuritePickup,475107,-99785,3408,f,73
ScrapMetalPart,492753,-89346,562,f,73
ScrapMetalPart,516636,-112368,3193,f,73
ScrapMetalWreckage,514526,-108599,5650,f,73
RhyolitePickup,511258,-100607,7057,f,73
ScrapMetalWreckage,492934,-89271,558,f,73
ScrapMetalPart,522223,-110319,3098,f,73
ScrapMetalPart,507919,-112336,7258,f,73
ScrapMetalPart,500417,-109732,4223,f,73
RhyolitePickup,471837,-102820,6731,f,73
ScrapMetalPart,510937,-112049,6991,f,73
ScrapMetalPart,497496,-99319,3224,f,73
ScrapMetalWreckage,518696,-87573,2448,f,73
RhyolitePickup,495124,-115851,741,f,73
ScrapMetalPart,514449,-108864,5655,f,73
ScrapMetalPart,518709,-87427,2400,f,73
FuelCellPart,512639,-111540,5830,f,73
BrittleBush,506302,-116608,4831,f,73
ScrapMetalPart,477931,-105342,3125,f,73
ScrapMetalPart,477158,-101361,2886,f,73
ScrapMetalWreckage,514757,-82905,2170,f,73
FuelCellWreckage,496731,-104936,2310,f,73
RhyolitePickup,489476,-91458,413,f,73
ScrapMetalWreckage,523160,-99324,2872,f,73
StravidiumPickup,488707,-92722,2032,f,73
ScrapMetalPart,494332,-105733,1571,f,73
ScrapMetalPart,509631,-103875,6786,f,73
ScrapMetalPart,525059,-113706,544,f,73
BauxiteOre,500533,-95456,5175,f,73
ScrapMetalWreckage,493585,-99280,1991,f,73
ScrapMetalWreckage,510786,-101249,7032,f,73
FuelCellPart,507719,-86002,6282,f,73
RhyolitePickup,510631,-97499,6862,f,73
RhyolitePickup,498023,-119510,583,f,73
ScrapMetalWreckage,492765,-97722,1668,f,73
RhyolitePickup,510975,-100836,7044,f,73
ScrapMetalPart,510148,-82935,4282,f,73
FuelCellPart,491053,-104854,889,f,73
AzuritePickup,492646,-106718,1343,f,73
FuelCellPart,514245,-87215,4638,f,73
ScrapMetalPart,504510,-123106,588,f,73
ScrapMetalPart,514359,-106141,7025,f,73
TitaniumOre,501216,-119420,3398,f,73
RhyolitePickup,512656,-80403,2408,f,73
ScrapMetalPart,520803,-89803,3022,f,73
FuelCellPart,496567,-114070,2161,f,73
ScrapMetalWreckage,505306,-97564,5476,f,73
ScrapMetalPart,518078,-117944,632,f,73
ScrapMetalPart,476705,-99883,2973,f,73
ScrapMetalWreckage,510616,-94406,6881,f,73
FuelCellPart,493165,-91694,1723,f,73
BasaltPickup,477590,-103418,2951,f,73
ScrapMetalWreckage,500278,-109821,4168,f,73
BrittleBush,498374,-101297,3118,f,73
ScrapMetalPart,510431,-94512,6879,f,73
AzuritePickup,513645,-94548,6923,f,73
FuelCellPart,514367,-98922,7624,f,73
AzuritePickup,503597,-122638,655,f,73
ScrapMetalPart,503786,-91016,5681,f,73
FuelCellPart,510853,-99947,7020,f,73
FuelCellPart,513172,-80967,2244,f,73
ScrapMetalPart,510741,-101521,7022,f,73
ScrapMetalPart,490414,-103482,810,f,73
ScrapMetalPart,492918,-91504,1714,f,73
RhyolitePickup,492730,-104591,1127,f,73
ScrapMetalPart,493748,-105691,1460,f,73
RhyolitePickup,498910,-91694,5101,f,73
ScrapMetalWreckage,510003,-83167,4343,f,73
AzuritePickup,506853,-81882,3679,f,73
ScrapMetalWreckage,514450,-105960,6982,f,73
FuelCellPart,518196,-109240,3490,f,73
ScrapMetalPart,492119,-97082,1488,f,73
AzuritePickup,492170,-112049,770,f,73
ScrapMetalPart,507005,-101622,6729,f,73
ScrapMetalPart,514364,-103925,6954,f,73
RhyolitePickup,502129,-122414,567,f,73
FuelCellPart,510911,-78801,2649,f,73
ScrapMetalPart,498806,-107419,3475,f,73
ScrapMetalPart,508623,-88656,5565,f,73
ScrapMetalWreckage,499752,-110435,3907,f,73
RhyolitePickup,494914,-93620,2559,f,73
ScrapMetalPart,492475,-107637,1195,f,73
ScrapMetalWreckage,493604,-104806,1281,f,73
ScrapMetalPart,518524,-117873,595,f,73
RhyolitePickup,492382,-107869,1151,f,73
ScrapMetalPart,489684,-100148,1727,f,73
FuelCellPart,521150,-103221,5151,f,73
AzuritePickup,517325,-95859,5798,f,73
RhyolitePickup,510788,-82958,4161,f,73
ScrapMetalWreckage,520862,-99870,4223,f,73
ScrapMetalWreckage,508319,-91589,6065,f,73
ScrapMetalWreckage,476970,-99933,2875,f,73
FuelCellWreckage,496661,-113820,2157,f,73
ScrapMetalPart,525277,-111060,1192,f,73
FuelCellPart,497809,-104416,2568,f,73
BrittleBush,524380,-98909,2046,f,73
ScrapMetalWreckage,509514,-94789,6619,f,73
ScrapMetalWreckage,500768,-110759,4069,f,73
StravidiumPickup,511543,-130656,1034,f,73
RhyolitePickup,527277,-95549,1649,f,73
FuelCellPart,497466,-103514,2444,f,73
ScrapMetalPart,509001,-93388,6562,f,73
ScrapMetalPart,492394,-97069,1552,f,73
AzuritePickup,522375,-113711,1078,f,73
ScrapMetalPart,510852,-99324,6999,f,73
ScrapMetalPart,511737,-92609,6055,f,73
ScrapMetalPart,506843,-98896,6239,f,73
FuelCellPart,500694,-107150,4008,f,73
ScrapMetalPart,475313,-98703,3316,f,73
ScrapMetalWreckage,504780,-107413,6025,f,73
FuelCellPart,510048,-79576,2905,f,73
TitaniumOre,511336,-107680,8442,f,73
RhyolitePickup,497227,-103747,2327,f,73
FuelCellPart,512762,-110778,5993,f,73
TitaniumOre,498411,-95515,5118,f,73
FuelCellPart,496712,-104941,2306,f,73
TitaniumPickup,498004,-95564,5126,f,73
ScrapMetalPart,489098,-99399,1715,f,73
ScrapMetalPart,499663,-110247,3939,f,73
BasaltOre,527984,-109409,1309,f,73
ScrapMetalWreckage,506345,-90675,5836,f,73
RhyolitePickup,514117,-108131,5887,f,73
StravidiumOre,519962,-87330,2335,f,73
ScrapMetalWreckage,508739,-93362,6487,f,73
ScrapMetalWreckage,508614,-122863,675,f,73
ScrapMetalPart,514952,-82837,2183,f,73
TitaniumPickup,513584,-93042,6201,f,73
BrittleBush,508649,-121137,1037,f,73
FuelCellPart,505131,-96347,5905,f,73
ScrapMetalPart,502690,-123816,417,f,73
BrittleBush,529143,-111569,477,f,73
ScrapMetalPart,499643,-109739,4039,f,73
ScrapMetalPart,476530,-100845,3077,f,73
ScrapMetalWreckage,521992,-110317,3075,f,73
BasaltPickup,503775,-106181,6011,f,73
FuelCellWreckage,518197,-109449,3441,f,73
BrittleBush,527613,-106849,1533,f,73
ScrapMetalWreckage,490308,-103234,817,f,73
ScrapMetalWreckage,520250,-100219,4426,f,73
RhyolitePickup,513667,-96255,7727,f,73
ScrapMetalPart,493661,-99158,2009,f,73
ScrapMetalWreckage,494021,-99815,2076,f,73
BasaltOre,503592,-105862,5984,f,73
BasaltOre,490661,-99867,1711,f,73
FuelCellPart,491234,-90229,464,f,73
RhyolitePickup,514665,-95313,6971,f,73
ScrapMetalWreckage,518153,-117689,692,f,73
ScrapMetalWreckage,488998,-101988,735,f,73
ScrapMetalWreckage,514577,-103763,6901,f,73
BrittleBush,489237,-96036,723,f,73
RhyolitePickup,515799,-103701,6783,f,73
BasaltOre,507012,-88209,7089,f,73
ScrapMetalPart,510425,-96163,6754,f,73
BauxiteOre,505191,-88124,7014,f,73
AzuritePickup,516242,-97346,6049,f,73
ScrapMetalWreckage,505685,-122126,955,f,73
RhyoliteOre,514046,-96426,7793,f,73
BasaltPickup,488431,-94742,494,f,73
ScrapMetalWreckage,494509,-99327,2240,f,73
ScrapMetalWreckage,492753,-91524,1697,f,73
ScrapMetalWreckage,516177,-101494,6014,f,73
RhyolitePickup,517155,-82715,1942,f,73
AzuritePickup,511640,-100350,7144,f,73
BasaltPickup,527577,-109355,1261,f,73
AzuritePickup,493213,-109085,1089,f,73
ScrapMetalPart,521413,-104434,5473,f,73
ScrapMetalWreckage,476457,-100627,3089,f,73
ScrapMetalPart,493867,-104881,1350,f,73
ScrapMetalPart,496094,-108663,2696,f,73
FuelCellPart,289583,-88729,3938,f,43
ScrapMetalWreckage,288214,-83667,3630,f,43
AzuritePickup,287242,-82901,3400,f,43
BrittleBush,281515,-90995,3898,f,43
RhyolitePickup,284349,-82977,3299,f,43
AzuriteOre,285049,-91976,4307,f,43
ScrapMetalPart,285497,-81511,3130,f,43
ScrapMetalWreckage,285757,-81580,3135,f,43
FuelCellPart,285916,-94702,3392,f,43
ScrapMetalPart,286511,-94746,3357,f,43
ScrapMetalWreckage,283631,-83907,3507,f,43
ScrapMetalWreckage,287571,-83097,3458,f,43
RhyolitePickup,285095,-83871,3472,f,43
ScrapMetalPart,286979,-94495,3349,f,43
ScrapMetalPart,288814,-93001,3422,f,43
ScrapMetalWreckage,289175,-82790,3401,f,43
ScrapMetalWreckage,290598,-89840,3792,f,43
AzuriteOre,287177,-88667,6971,f,43
AzuriteOre,290100,-84769,3942,f,43
AzuritePickup,289946,-91599,3444,f,43
ScrapMetalPart,287400,-83298,3544,f,43
ScrapMetalPart,288101,-83862,3725,f,43
ScrapMetalWreckage,286526,-94757,3348,f,43
FuelCellWreckage,289074,-83647,3469,f,43
ScrapMetalPart,283254,-86431,3601,f,43
ScrapMetalPart,283497,-84957,3542,f,43
ScrapMetalWreckage,288650,-92881,3360,f,43
StravidiumPickup,284081,-93423,3519,f,43
ScrapMetalPart,290456,-89619,3805,f,43
ScrapMetalWreckage,287168,-94547,3397,f,43
AzuriteOre,283535,-87209,4317,f,43
AzuriteOre,289004,-88477,4620,f,43
RhyolitePickup,289790,-89593,3796,f,43
FuelCellPart,281454,-89417,3918,f,43
ScrapMetalPart,285561,-94285,3456,f,43
BrittleBush,285522,-83576,3474,f,43
BrittleBush,284792,-83200,3264,f,43
AzuritePickup,289823,-90184,3695,f,43
FuelCellPart,289245,-83801,3499,f,43
ScrapMetalPart,290046,-83937,3494,f,43
FuelCellPart,281742,-87469,3782,f,43
AzuriteOre,283393,-89514,5563,f,43
ScrapMetalPart,288920,-82877,3392,f,43
ScrapMetalPart,284776,-85082,3686,f,43
ScrapMetalPart,281598,-87188,3824,f,43
StravidiumOre,284120,-93382,3521,f,43
RhyolitePickup,288096,-82280,3349,f,43
ScrapMetalPart,283488,-84135,3543,f,43
ScrapMetalPart,246281,-93671,1280,f,43
BrittleBush,247531,-91800,1584,f,43
RhyolitePickup,242723,-86587,1630,f,43
ScrapMetalWreckage,243149,-94181,1600,f,43
RhyolitePickup,246915,-91793,1474,f,43
TitaniumOre,245962,-88086,1567,f,43
FuelCellPart,243031,-93442,1802,f,43
FuelCellPart,242888,-93741,1734,f,43
ScrapMetalPart,243319,-94009,1603,f,43
FuelCellPart,244625,-94483,1127,f,43
FuelCellWreckage,194976,-83562,5651,f,43
TitaniumPickup,191961,-93724,5271,f,43
ScrapMetalWreckage,188710,-93907,1640,f,43
ScrapMetalPart,189010,-106280,1426,f,43
ScrapMetalPart,184802,-105623,989,f,43
ScrapMetalPart,184192,-108678,723,f,43
ScrapMetalWreckage,195755,-88514,6968,f,43
ScrapMetalWreckage,205848,-86374,3155,f,43
ScrapMetalPart,187576,-90926,1106,f,43
FuelCellPart,202885,-85409,3908,f,43
BrittleBush,192402,-97906,2930,f,43
ScrapMetalPart,205157,-83311,2440,f,43
FuelCellPart,188547,-86261,1179,f,43
StravidiumPickup,190856,-85887,4741,f,43
ScrapMetalPart,204651,-91844,5774,f,43
ScrapMetalPart,199956,-87430,4175,f,43
BauxiteOre,182856,-105751,663,f,43
RhyolitePickup,193294,-88323,8076,f,43
ScrapMetalPart,196033,-94199,8704,f,43
FuelCellPart,197490,-96428,8946,f,43
TitaniumPickup,188830,-81507,2865,f,43
RhyolitePickup,188642,-108484,1840,f,43
ScrapMetalWreckage,189075,-106057,1420,f,43
FuelCellPart,192137,-97579,2938,f,43
ScrapMetalPart,192308,-103990,2202,f,43
FuelCellPart,188531,-105940,1377,f,43
FuelCellPart,185196,-106759,902,f,43
RhyoliteOre,191973,-102427,3688,f,43
RhyolitePickup,209015,-86755,2203,f,43
FuelCellPart,188366,-92507,1477,f,43
ScrapMetalWreckage,192387,-107079,1889,f,43
BasaltPickup,194454,-103846,2487,f,43
ScrapMetalPart,190410,-106003,1569,f,43
ScrapMetalWreckage,187437,-89117,1430,f,43
BrittleBush,191426,-82948,2248,f,43
TitaniumOre,189127,-81252,2904,f,43
ScrapMetalPart,187166,-89127,1441,f,43
ScrapMetalPart,185983,-106704,1126,f,43
ScrapMetalWreckage,184465,-108628,787,f,43
BrittleBush,199870,-83731,2928,f,43
BrittleBush,189804,-91905,1964,f,43
ScrapMetalPart,188924,-93869,1705,f,43
BauxitePickup,182453,-105675,591,f,43
ScrapMetalWreckage,196954,-101654,4013,f,43
RhyoliteOre,192985,-88312,8096,f,43
ScrapMetalWreckage,185982,-106701,1129,f,43
RhyolitePickup,189404,-104722,1641,f,43
AzuritePickup,190895,-105257,1765,f,43
ScrapMetalPart,189274,-91586,1737,f,43
ScrapMetalWreckage,188854,-90514,1480,f,43
ScrapMetalPart,203849,-81332,1850,f,43
BasaltPickup,197679,-79362,1235,f,43
FuelCellPart,183330,-107360,495,f,43
ScrapMetalWreckage,204572,-92104,5777,f,43
RhyolitePickup,197055,-102069,3973,f,43
FuelCellPart,202814,-79279,1192,f,43
ScrapMetalWreckage,189763,-90167,1746,f,43
TitaniumOre,192356,-93835,5318,f,43
BasaltOre,197787,-79251,1222,f,43
ScrapMetalPart,193168,-104417,2201,f,43
AzuritePickup,188930,-89886,1506,f,43
FuelCellPart,197724,-96127,8959,f,43
RhyolitePickup,208276,-91775,3655,f,43
BasaltOre,192558,-81933,3776,f,43
TitaniumPickup,200506,-96143,8981,f,43
BrittleBush,182535,-105121,693,f,43
ScrapMetalPart,189089,-90636,1556,f,43
FuelCellPart,192441,-81005,3598,f,43
RhyolitePickup,184024,-95571,567,f,43
BasaltOre,194246,-103690,2493,f,43
ScrapMetalWreckage,185027,-105703,971,f,43
ScrapMetalPart,205988,-86549,3147,f,43
BauxitePickup,187159,-95843,1574,f,43
ScrapMetalPart,204076,-90346,5771,f,43
ScrapMetalWreckage,203860,-81255,1818,f,43
AzuritePickup,188113,-86638,1103,f,43
ScrapMetalPart,188784,-86481,1252,f,43
RhyolitePickup,191262,-105318,1786,f,43
BrittleBush,191830,-98070,2764,f,43
FuelCellPart,205897,-82746,2095,f,43
ScrapMetalPart,189797,-106280,1496,f,43
FuelCellWreckage,188535,-92304,1528,f,43
ScrapMetalWreckage,188563,-86629,1201,f,43
RhyolitePickup,204537,-92653,5839,f,43
BrittleBush,192290,-80778,3521,f,43
FuelCellPart,190310,-104621,1859,f,43
BrittleBush,195981,-77710,958,f,43
ScrapMetalWreckage,190517,-106248,1557,f,43
ScrapMetalPart,182964,-106965,495,f,43
BasaltOre,190355,-76598,3506,f,43
FuelCellWreckage,191531,-107008,1687,f,43
RhyolitePickup,187790,-91664,1234,f,43
FuelCellPart,191634,-106826,1700,f,43
FuelCellPart,187467,-106593,1386,f,43
AzuritePickup,192353,-105677,1858,f,43
ScrapMetalPart,192357,-107080,1886,f,43
ScrapMetalPart,181668,-99091,479,f,43
ScrapMetalPart,196939,-101581,4035,f,43
ScrapMetalPart,195699,-88250,6968,f,43
BasaltPickup,192644,-82334,3747,f,43
ScrapMetalPart,194792,-105076,2337,f,43
ScrapMetalPart,209533,-90816,3138,f,43
BauxiteOre,187037,-96101,1621,f,43
ScrapMetalWreckage,181660,-98825,496,f,43
FuelCellPart,188320,-92918,1481,f,43
TitaniumOre,200548,-95962,8948,f,43
ScrapMetalPart,213278,-84290,1114,f,43
ScrapMetalWreckage,199065,-95729,8965,f,43
ScrapMetalPart,189842,-89947,1773,f,43
ScrapMetalPart,198941,-95838,8964,f,43
FuelCellPart,195194,-83855,5659,f,43
FuelCellPart,207678,-86453,2595,f,43
BrittleBush,193811,-95254,3973,f,43
RhyolitePickup,188782,-95344,1779,f,43
ScrapMetalWreckage,193377,-104596,2191,f,43
FuelCellWreckage,202694,-79508,1300,f,43
RhyolitePickup,205514,-81785,1784,f,43
BrittleBush,188338,-83087,978,f,43
RhyolitePickup,184916,-109260,868,f,43
ScrapMetalWreckage,189830,-106286,1487,f,43
ScrapMetalPart,89670,-91998,2111,f,43
RhyolitePickup,95497,-80978,833,f,43
ScrapMetalPart,99706,-77665,929,f,43
ScrapMetalPart,92560,-87161,1003,f,43
BrittleBush,97277,-85919,2850,f,43
ScrapMetalPart,92571,-86903,964,f,43
ScrapMetalWreckage,93942,-85742,1122,f,43
ScrapMetalPart,86612,-97483,1687,f,43
RhyolitePickup,86126,-97865,1654,f,43
ScrapMetalWreckage,102556,-78124,2226,f,43
RhyolitePickup,104511,-78801,2649,f,43
ScrapMetalWreckage,93216,-85167,840,f,43
RhyolitePickup,88300,-97283,2500,f,43
ScrapMetalWreckage,102847,-78786,2839,f,43
ScrapMetalWreckage,86365,-97722,1668,f,43
ScrapMetalPart,87786,-88608,672,f,43
ScrapMetalPart,85719,-97082,1488,f,43
ScrapMetalPart,99554,-77425,868,f,43
ScrapMetalPart,92499,-85929,785,f,43
ScrapMetalWreckage,86353,-91524,1697,f,43
ScrapMetalPart,92596,-85785,785,f,43
BrittleBush,92599,-87816,1117,f,43
ScrapMetalWreckage,85488,-96946,1425,f,43
ScrapMetalPart,94846,-82291,902,f,43
ScrapMetalWreckage,96763,-79268,864,f,43
ScrapMetalWreckage,90721,-87045,800,f,43
FuelCellPart,88514,-93620,2559,f,43
ScrapMetalWreckage,88665,-96001,2828,f,43
ScrapMetalPart,88402,-96061,2819,f,43
ScrapMetalWreckage,99715,-77866,960,f,43
AzuriteOre,82649,-97932,1588,f,43
RhyolitePickup,98222,-82648,2611,f,43
ScrapMetalPart,90455,-87021,789,f,43
FuelCellPart,98333,-78051,949,f,43
AzuritePickup,86765,-91694,1723,f,43
ScrapMetalPart,94149,-85911,1214,f,43
RhyolitePickup,98988,-77764,921,f,43
AzuritePickup,103648,-79576,2905,f,43
ScrapMetalWreckage,87827,-89458,813,f,43
ScrapMetalPart,86518,-91504,1714,f,43
FuelCellPart,83076,-91458,413,f,43
AzuritePickup,82467,-96709,789,f,42
FuelCellPart,94705,-83171,1034,f,43
ScrapMetalWreckage,87613,-88571,620,f,43
ScrapMetalPart,87611,-89545,814,f,43
TitaniumOre,82347,-96143,661,f,42
ScrapMetalPart,86387,-97449,1641,f,43
ScrapMetalPart,88894,-90190,1505,f,43
FuelCellPart,80495,-93472,423,f,42
ScrapMetalPart,87438,-94553,2802,f,43
ScrapMetalPart,93229,-85157,847,f,43
ScrapMetalPart,103097,-78900,2810,f,43
ScrapMetalPart,96513,-79372,818,f,43
ScrapMetalPart,85683,-97681,1549,f,43
ScrapMetalPart,85700,-98874,1767,f,43
ScrapMetalWreckage,89740,-91877,2073,f,43
ScrapMetalPart,106788,-74307,994,f,43
BrittleBush,95246,-87350,1930,f,43
ScrapMetalWreckage,85717,-97670,1544,f,43
ScrapMetalWreckage,94942,-82537,973,f,43
FuelCellPart,95024,-81682,820,f,43
ScrapMetalPart,88016,-86274,631,f,43
ScrapMetalWreckage,107045,-74374,942,f,43
ScrapMetalPart,82101,-96325,650,f,42
BrittleBush,97159,-86306,2744,f,43
TitaniumOre,88801,-96759,2903,f,43
ScrapMetalWreckage,93856,-87236,1444,f,43
RhyolitePickup,101071,-75228,690,f,43
AzuritePickup,82196,-98087,1534,f,42
FuelCellPart,92510,-91694,5101,f,43
FuelCellWreckage,80495,-93474,425,f,42
ScrapMetalWreckage,92518,-85528,747,f,43
ScrapMetalWreckage,92329,-87224,953,f,43
RhyolitePickup,88452,-95691,2788,f,43
FuelCellPart,94750,-82814,981,f,43
FuelCellPart,84806,-97228,1348,f,43
FuelCellPart,24269,-19243,4563,f,42
ScrapMetalPart,19898,-26758,3115,f,42
BasaltOre,20322,-23909,5179,f,42
AzuritePickup,22881,-29873,3230,f,42
ScrapMetalPart,23745,-27858,3959,f,42
ScrapMetalPart,27383,-21364,5029,f,42
ScrapMetalWreckage,20980,-27122,3425,f,42
TitaniumOre,27006,-21334,5066,f,42
BasaltPickup,20339,-24377,5102,f,42
ScrapMetalPart,20945,-27228,3387,f,42
ScrapMetalWreckage,23769,-27857,3965,f,42
ScrapMetalPart,26693,-24793,4637,f,42
ScrapMetalPart,19740,-26337,3115,f,42
ScrapMetalPart,25245,-23043,5738,f,42
BrittleBush,25489,-24736,5168,f,42
AzuritePickup,22392,-23577,5690,f,42
BasaltPickup,-186274,-10715,744,f,41
RhyolitePickup,-188024,2730,2182,f,41
ScrapMetalPart,-172886,839,1386,f,42
FuelCellPart,-169077,4155,2457,f,42
FuelCellPart,-173292,-1007,1056,f,42
ScrapMetalWreckage,-189230,3091,1993,f,41
ScrapMetalPart,-189127,-11570,803,f,41
ScrapMetalWreckage,-162796,-1372,1019,f,42
StravidiumOre,-190860,-16061,3428,f,41
ScrapMetalPart,-190485,-2907,5593,f,41
ScrapMetalPart,-170952,6281,1198,f,42
ScrapMetalWreckage,-171141,6341,1128,f,42
BasaltPickup,-195977,-18096,919,f,41
BasaltPickup,-167170,-2128,1302,f,42
ScrapMetalPart,-172283,6376,1019,f,42
ScrapMetalPart,-182700,3265,960,f,42
BasaltOre,-189338,-1049,5466,f,41
ScrapMetalPart,-174083,805,1019,f,42
FuelCellPart,-186672,2499,2410,f,41
FuelCellWreckage,-171863,6613,1019,f,42
FuelCellPart,-190102,-9670,1152,f,41
ScrapMetalWreckage,-184503,-6651,734,f,41
ScrapMetalPart,-170713,-2890,1032,f,42
TitaniumPickup,-194209,-16251,3115,f,41
BrittleBush,-187868,-7372,1133,f,41
ScrapMetalWreckage,-182788,3008,1012,f,42
RhyolitePickup,-165968,-2974,1019,f,42
ScrapMetalWreckage,-173751,1409,1060,f,42
ScrapMetalWreckage,-173183,5637,1019,f,42
BasaltPickup,-189078,-1294,5448,f,41
AzuritePickup,-171027,-2955,1023,f,42
ScrapMetalPart,-184387,-6412,716,f,41
BrittleBush,-186464,-12941,892,f,41
ScrapMetalPart,-168274,5709,1605,f,42
AzuritePickup,-191154,-7791,3790,f,41
FuelCellPart,-172020,5965,1019,f,42
RhyolitePickup,-173498,-1343,1019,f,42
FuelCellPart,-197101,-24640,170,f,41
TitaniumOre,-194410,-16655,2954,f,41
BrittleBush,-179869,-2053,824,f,42
ScrapMetalPart,-162924,-1618,1019,f,42
FuelCellPart,-168887,6083,1478,f,42
FuelCellPart,-186543,-88,4433,f,41
BrittleBush,-190341,-16566,626,f,41
FuelCellPart,-173357,3802,1054,f,42
RhyolitePickup,-173162,5129,1019,f,42
FuelCellWreckage,-197122,-24621,170,f,41
ScrapMetalPart,-186164,4055,1734,f,41
AzuritePickup,-171164,-2109,1270,f,42
FuelCellWreckage,-186949,2458,2403,f,41
StravidiumOre,-190410,-2503,5607,f,41
BasaltOre,-185905,-10895,800,f,41
BrittleBush,-196177,-13902,1013,f,41
TitaniumPickup,-169044,5264,1714,f,42
FuelCellPart,-168060,6436,1359,f,42
ScrapMetalWreckage,-188401,2520,2229,f,41
BasaltOre,-195899,-17693,1029,f,41
FuelCellPart,-173907,-485,1019,f,42
FuelCellPart,-192647,-5425,3797,f,41
FuelCellPart,-172201,-1958,1147,f,42
ScrapMetalPart,-173705,1447,1099,f,42
ScrapMetalPart,-173258,5372,1019,f,42
FuelCellPart,-171428,-1893,1326,f,42
StravidiumOre,-171728,3475,2554,f,42
BasaltOre,-167545,-2280,1237,f,42
ScrapMetalPart,-171336,5140,1318,f,42
ScrapMetalPart,-173854,4733,1019,f,42
StravidiumPickup,-171246,3614,2498,f,42
AzuritePickup,-186794,-14944,775,f,41
BrittleBush,-168726,3253,2507,f,42
ScrapMetalWreckage,-186400,4172,1690,f,41
ScrapMetalWreckage,-172686,1014,1468,f,42
ScrapMetalWreckage,-170975,5583,1340,f,42
ScrapMetalPart,-171074,5333,1358,f,42
TitaniumOre,-168680,5344,1717,f,42
RhyoliteOre,-165792,-2609,1056,f,42
ScrapMetalPart,-180819,-5327,613,f,42
ScrapMetalPart,-197434,-24812,170,f,41
ScrapMetalWreckage,-172083,5036,1122,f,42
FuelCellPart,-185867,5181,1387,f,41
ScrapMetalPart,-188617,2561,2207,f,41
RhyolitePickup,-169013,-3773,1019,f,42
FuelCellPart,-165698,-2209,1191,f,42
ScrapMetalPart,-190185,-1399,5380,f,41
ScrapMetalPart,-170204,-2830,1091,f,42
BrittleBush,-167044,4768,1719,f,42
AzuritePickup,-173641,5116,1019,f,42
FuelCellWreckage,-168621,6091,1479,f,42
ScrapMetalPart,-172071,5011,1133,f,42
FuelCellPart,-187070,4826,1467,f,41
ScrapMetalPart,-181950,-1169,695,f,42
ScrapMetalWreckage,-180797,-5106,603,f,42
FuelCellPart,-172023,6459,1019,f,42
BrittleBush,-183714,-4132,898,f,41
RhyolitePickup,-163563,-1618,957,f,42
AzuritePickup,-167870,-1689,1485,f,42
RhyolitePickup,-178507,-7386,598,f,42
BrittleBush,-195397,-13858,1030,f,41
ScrapMetalPart,-180501,-5630,696,f,42
BrittleBush,-167865,3957,2364,f,42
ScrapMetalPart,-199108,87348,1460,f,31
AzuritePickup,-222802,70490,1312,f,41
ScrapMetalPart,-174196,88367,1446,f,32
FuelCellWreckage,-190979,90261,2157,f,31
ScrapMetalWreckage,-204984,87621,2076,f,31
FuelCellPart,-173302,85080,938,f,32
ScrapMetalWreckage,-201565,83908,817,f,31
ScrapMetalPart,-185289,91623,583,f,31
ScrapMetalPart,-197162,86075,1195,f,31
ScrapMetalWreckage,-197299,85839,1185,f,31
ScrapMetalWreckage,-220303,72310,1563,f,41
BasaltOre,-215499,73355,1302,f,41
ScrapMetalWreckage,-195568,90596,3349,f,31
ScrapMetalPart,-217470,65846,1418,f,41
AzuritePickup,-222913,69765,1276,f,41
ScrapMetalPart,-173858,88085,1390,f,32
FuelCellPart,-219444,65389,1320,f,41
FuelCellPart,-198078,91451,3021,f,31
FuelCellPart,-222096,71129,1254,f,41
ScrapMetalPart,-200531,84814,882,f,31
ScrapMetalWreckage,-215526,67022,1367,f,41
BasaltPickup,-180666,88453,624,f,32
ScrapMetalPart,-220179,72877,1369,f,41
ScrapMetalWreckage,-199780,84867,952,f,31
TitaniumPickup,-212713,71746,1077,f,41
ScrapMetalWreckage,-202811,82598,735,f,31
RhyolitePickup,-210246,87438,2802,f,31
StravidiumPickup,-186548,91297,697,f,31
RhyolitePickup,-201948,83703,818,f,31
BasaltOre,-180258,88409,649,f,32
ScrapMetalPart,-203569,82782,811,f,31
RhyolitePickup,-174840,86572,1168,f,32
ScrapMetalPart,-207118,85683,1549,f,31
FuelCellPart,-210938,88819,2593,f,31
RhyolitePickup,-195523,86075,994,f,31
RhyolitePickup,-172151,86954,1154,f,32
ScrapMetalPart,-205239,87695,2103,f,31
ScrapMetalPart,-201317,84014,810,f,31
FuelCellPart,-197380,92406,3475,f,31
ScrapMetalPart,-220322,72317,1555,f,41
FuelCellPart,-223306,69814,1352,f,41
RhyolitePickup,-174104,84765,926,f,32
ScrapMetalPart,-207316,86612,1687,f,31
RhyolitePickup,-199323,87663,1464,f,31
FuelCellPart,-217425,67015,1820,f,41
ScrapMetalPart,-171349,85178,1044,f,32
FuelCellWreckage,-196118,86528,1113,f,31
BauxitePickup,-208765,81195,432,f,41
ScrapMetalPart,-216325,66224,1373,f,41
FuelCellPart,-170751,86163,984,f,32
ScrapMetalPart,-205641,87261,2009,f,31
RhyolitePickup,-198081,86246,1343,f,31
AzuritePickup,-188948,88724,741,f,31
ScrapMetalWreckage,-215692,65656,1313,f,41
ScrapMetalWreckage,-221125,73439,1343,f,41
ScrapMetalPart,-220945,73442,1322,f,41
FuelCellPart,-205925,85700,1767,f,31
FuelCellPart,-216060,65884,1226,f,41
ScrapMetalPart,-195999,85883,1021,f,31
RhyolitePickup,-173624,83607,899,f,32
ScrapMetalWreckage,-207853,85488,1425,f,31
BrittleBush,-178798,88240,1063,f,32
ScrapMetalWreckage,-187634,89730,660,f,31
FuelCellPart,-197161,91220,3032,f,31
ScrapMetalPart,-207717,85719,1488,f,31
ScrapMetalPart,-196982,91099,3023,f,31
ScrapMetalPart,-207350,86387,1641,f,31
FuelCellPart,-192750,85770,770,f,31
ScrapMetalPart,-218104,65297,1234,f,41
ScrapMetalPart,-187820,89917,808,f,31
ScrapMetalPart,-215525,67017,1372,f,41
ScrapMetalPart,-215297,67964,1389,f,41
FuelCellPart,-216843,66059,1411,f,41
RhyolitePickup,-215578,68482,1552,f,41
ScrapMetalPart,-202263,81851,517,f,41
RhyolitePickup,-211179,88514,2559,f,31
ScrapMetalWreckage,-217743,65893,1437,f,41
FuelCellWreckage,-173266,84864,908,f,32
ScrapMetalPart,-222604,72427,1452,f,41
ScrapMetalWreckage,-205472,88109,2240,f,31
BrittleBush,-222830,67633,1316,f,41
ScrapMetalPart,-205699,88256,2298,f,31
ScrapMetalPart,-203070,82666,762,f,31
FuelCellPart,-191988,90162,2045,f,31
FuelCellPart,-175213,86421,1112,f,32
FuelCellPart,-177051,86914,974,f,32
ScrapMetalWreckage,-207077,86365,1668,f,31
ScrapMetalWreckage,-201933,82023,547,f,41
BauxiteOre,-208969,81468,456,f,41
FuelCellPart,-190729,90167,2161,f,31
ScrapMetalWreckage,-203557,82770,805,f,31
FuelCellPart,-177715,86032,808,f,32
ScrapMetalPart,-206934,86126,1654,f,31
ScrapMetalWreckage,-199993,87204,1281,f,31
ScrapMetalWreckage,-195993,85880,1017,f,31
ScrapMetalPart,-222504,70166,1236,f,41
ScrapMetalPart,-202033,82186,593,f,41
ScrapMetalWreckage,-173029,102108,1271,f,32
FuelCellPart,-181478,102979,581,f,32
ScrapMetalWreckage,-205643,98381,5429,f,31
ScrapMetalWreckage,-206068,100240,6135,f,31
ScrapMetalPart,-199298,97989,5994,f,31
ScrapMetalPart,-206851,91897,3307,f,31
FuelCellPart,-200673,105597,8251,f,31
BasaltPickup,-195828,102225,8175,f,31
ScrapMetalPart,-203600,120024,1429,f,31
ScrapMetalWreckage,-205475,116760,2872,f,31
ScrapMetalWreckage,-205986,116165,3193,f,31
AzuritePickup,-182450,97404,743,f,32
AzuritePickup,-169594,90753,806,f,32
TitaniumPickup,-176252,102579,1191,f,32
ScrapMetalPart,-169429,101688,891,f,32
BasaltPickup,-196062,109198,5642,f,31
RhyolitePickup,-190565,93966,2546,f,31
ScrapMetalWreckage,-169624,101713,884,f,32
ScrapMetalPart,-198658,107959,7025,f,31
BasaltOre,-217463,100178,7082,f,31
ScrapMetalPart,-213105,92510,5101,f,31
ScrapMetalWreckage,-214779,105791,5077,f,31
TitaniumPickup,-211757,107184,6201,f,31
ScrapMetalPart,-184373,100155,4178,f,31
FuelCellPart,-170210,104314,1234,f,32
BasaltPickup,-213561,92874,5124,f,31
ScrapMetalPart,-195067,94017,4223,f,31
StravidiumPickup,-198732,96076,5900,f,31
ScrapMetalWreckage,-187110,111753,692,f,31
RhyolitePickup,-188952,113396,1596,f,31
AzuritePickup,-224396,106256,2408,f,31
FuelCellPart,-169394,104512,1000,f,32
ScrapMetalWreckage,-204929,114462,4223,f,31
BasaltPickup,-198618,97375,6011,f,31
ScrapMetalPart,-186855,111678,667,f,31
ScrapMetalPart,-214531,105684,5111,f,31
RhyolitePickup,-198106,115905,5257,f,31
FuelCellPart,-222084,110755,1942,f,31
ScrapMetalPart,-201578,114750,5151,f,31
ScrapMetalPart,-210093,104947,7017,f,31
FuelCellPart,-197613,107309,6103,f,31
ScrapMetalWreckage,-223594,107744,1997,f,31
ScrapMetalPart,-182187,100047,858,f,32
RhyolitePickup,-207514,116885,3652,f,31
ScrapMetalPart,-194215,121102,1001,f,31
ScrapMetalPart,-193741,116777,1806,f,31
AzuritePickup,-175930,107399,1570,f,32
FuelCellPart,-173582,101363,945,f,32
ScrapMetalWreckage,-182245,100181,885,f,32
ScrapMetalWreckage,-201806,114058,5089,f,31
StravidiumOre,-170797,109299,1300,f,32
FuelCellWreckage,-196200,108126,5650,f,31
FuelCellPart,-190719,93482,2464,f,31
RhyolitePickup,-171991,100603,842,f,32
ScrapMetalWreckage,-182673,99285,955,f,32
ScrapMetalPart,-213259,101809,6031,f,31
AzuritePickup,-203963,104575,7044,f,31
FuelCellPart,-200874,107964,6954,f,31
RhyoliteOre,-212892,93053,5136,f,31
ScrapMetalPart,-207466,112368,4485,f,31
ScrapMetalPart,-211913,95721,5286,f,31
RhyoliteOre,-198468,116100,5301,f,31
ScrapMetalPart,-186926,112124,735,f,31
FuelCellPart,-203278,104341,7022,f,31
AzuriteOre,-214853,116471,2663,f,31
ScrapMetalWreckage,-207096,95889,4676,f,31
ScrapMetalWreckage,-174604,110294,1048,f,32
ScrapMetalPart,-175010,109452,1294,f,32
TitaniumOre,-212121,107409,6097,f,31
RhyolitePickup,-208940,110925,5798,f,31
ScrapMetalPart,-205903,100443,6239,f,31
FuelCellWreckage,-201036,108177,6901,f,31
FuelCellWreckage,-173554,109453,1358,f,32
ScrapMetalPart,-205576,116900,2885,f,31
ScrapMetalPart,-194552,93263,3939,f,31
BasaltPickup,-200202,105614,8234,f,31
ScrapMetalWreckage,-226013,102847,2839,f,31
ScrapMetalPart,-217560,106206,4918,f,31
ScrapMetalWreckage,-206630,92007,3319,f,31
ScrapMetalPart,-176700,108158,1193,f,32
ScrapMetalPart,-205053,109147,7543,f,31
AzuritePickup,-171439,109385,1277,f,32
AzuritePickup,-214747,116060,2685,f,31
AzuriteOre,-192066,109481,3649,f,31
FuelCellPart,-214145,98866,5756,f,31
ScrapMetalPart,-210287,104031,6879,f,31
ScrapMetalWreckage,-194978,93878,4168,f,31
FuelCellPart,-195935,108049,5655,f,31
AzuritePickup,-207234,104748,7023,f,31
BauxiteOre,-186839,94097,3385,f,31
BrittleBush,-213968,95078,4160,f,31
RhyolitePickup,-184746,106765,1032,f,31
FuelCellPart,-196668,107717,5887,f,31
ScrapMetalPart,-179626,100304,456,f,32
FuelCellPart,-212023,96209,5421,f,31
ScrapMetalWreckage,-172512,102624,1484,f,32
RhyolitePickup,-178600,107750,910,f,32
BrittleBush,-207192,97010,4896,f,31
ScrapMetalPart,-177263,110587,1171,f,32
RhyolitePickup,-176717,107467,1314,f,32
ScrapMetalPart,-221841,104388,4161,f,31
ScrapMetalPart,-207784,115710,3916,f,31
ScrapMetalPart,-172495,102613,1476,f,32
FuelCellPart,-178452,106577,797,f,32
ScrapMetalWreckage,-210393,104216,6881,f,31
StravidiumOre,-191395,97233,5744,f,31
ScrapMetalPart,-182991,99062,1029,f,32
ScrapMetalPart,-175968,108861,1294,f,32
RhyolitePickup,-181860,96712,547,f,32
ScrapMetalWreckage,-203305,109777,6014,f,31
ScrapMetalWreckage,-205853,115438,3340,f,31
ScrapMetalWreckage,-196814,98881,5813,f,31
ScrapMetalWreckage,-172133,94099,624,f,32
ScrapMetalPart,-180983,96290,417,f,32
FuelCellPart,-182072,101545,728,f,32
ScrapMetalPart,-205161,114336,4265,f,31
ScrapMetalPart,-223570,107753,2013,f,31
FuelCellPart,-176842,108606,1108,f,32
ScrapMetalPart,-193739,118877,1192,f,31
ScrapMetalPart,-172722,101212,918,f,32
ScrapMetalPart,-205984,115463,3354,f,31
ScrapMetalPart,-191389,115218,1249,f,31
ScrapMetalWreckage,-197142,121352,1582,f,31
TitaniumOre,-183973,99927,4145,f,32
ScrapMetalWreckage,-192664,110391,3219,f,31
ScrapMetalPart,-216920,106238,5000,f,31
BrittleBush,-168839,90115,860,f,32
BasaltOre,-213958,93023,5146,f,31
ScrapMetalPart,-172761,102100,1290,f,32
ScrapMetalPart,-169208,105999,1243,f,32
ScrapMetalPart,-204449,105240,7144,f,31
AzuritePickup,-219041,101399,6254,f,31
FuelCellPart,-208636,104025,6754,f,31
RhyolitePickup,-210251,107245,6923,f,31
ScrapMetalPart,-205392,98479,5492,f,31
ScrapMetalWreckage,-181936,102214,675,f,32
RhyolitePickup,-169759,103198,910,f,32
FuelCellPart,-212735,105715,5840,f,31
ScrapMetalWreckage,-200036,108489,6962,f,31
RhyolitePickup,-172478,108537,1659,f,32
AzuritePickup,-193259,106239,5830,f,31
ScrapMetalWreckage,-204580,113850,4426,f,31
TitaniumPickup,-225130,103211,2989,f,31
ScrapMetalPart,-210256,102993,6610,f,31
FuelCellPart,-207928,114502,4160,f,31
ScrapMetalWreckage,-194040,94368,4069,f,31
ScrapMetalWreckage,-181034,96026,413,f,32
ScrapMetalWreckage,-213210,101919,6065,f,31
BrittleBush,-180124,104101,551,f,32
RhyolitePickup,-175191,109843,1148,f,32
AzuritePickup,-187156,106456,1872,f,31
BasaltPickup,-213859,92145,5048,f,31
FuelCellPart,-210053,111345,5688,f,31
ScrapMetalPart,-182083,96172,555,f,32
ScrapMetalPart,-208558,113088,4250,f,31
ScrapMetalWreckage,-171967,101338,974,f,32
ScrapMetalPart,-189375,103806,4382,f,31
ScrapMetalPart,-182493,99492,928,f,32
ScrapMetalPart,-172399,110824,1221,f,32
BrittleBush,-186835,97509,3615,f,31
ScrapMetalPart,-201673,113910,5147,f,31
RhyolitePickup,-211533,104868,6422,f,31
BauxitePickup,-186408,94195,3408,f,31
TitaniumOre,-224876,102888,3089,f,31
ScrapMetalPart,-206655,97962,5168,f,31
ScrapMetalPart,-182593,100445,964,f,32
RhyolitePickup,-221563,111990,1772,f,31
ScrapMetalPart,-174430,110098,1110,f,32
ScrapMetalPart,-194480,115823,3098,f,31
ScrapMetalPart,-199968,108267,6967,f,31
BrittleBush,-191065,93604,2443,f,31
AzuritePickup,-206195,108624,7447,f,31
FuelCellPart,-205480,91096,3224,f,31
ScrapMetalPart,-171215,109367,1282,f,32
ScrapMetalWreckage,-198839,108050,6982,f,31
ScrapMetalWreckage,-210538,111124,5679,f,31
FuelCellPart,-214525,106356,4896,f,31
BasaltOre,-213603,92430,5094,f,31
ScrapMetalWreckage,-206636,98205,5222,f,31
BrittleBush,-188419,111053,1257,f,31
FuelCellPart,-177789,109513,1027,f,32
FuelCellPart,-211625,104530,6482,f,31
ScrapMetalWreckage,-210010,103114,6619,f,31
AzuritePickup,-188044,114198,1149,f,31
ScrapMetalWreckage,-182208,95975,559,f,32
FuelCellPart,-199242,106848,7359,f,31
RhyoliteOre,-207547,116948,3685,f,31
BrittleBush,-207970,104174,6808,f,31
ScrapMetalPart,-205913,115904,3218,f,31
BrittleBush,-169973,91263,802,f,32
BasaltOre,-200297,105343,8223,f,31
FuelCellWreckage,-203550,104386,7032,f,31
ScrapMetalPart,-175778,110830,1147,f,32
FuelCellWreckage,-196423,97897,5413,f,31
RhyolitePickup,-194021,106362,5993,f,31
RhyolitePickup,-222151,98222,2611,f,31
BasaltOre,-196395,108993,5690,f,31
ScrapMetalPart,-207453,109842,6049,f,31
FuelCellPart,-198954,104558,8333,f,31
RhyolitePickup,-212992,93463,5116,f,31
ScrapMetalPart,-197007,121578,1516,f,31
BrittleBush,-200017,103347,6943,f,31
FuelCellPart,-196424,97627,5336,f,31
ScrapMetalPart,-207273,95698,4598,f,31
RhyolitePickup,-206179,104334,6946,f,31
BrittleBush,-167852,107203,768,f,32
ScrapMetalWreckage,-172514,110634,1149,f,32
BasaltOre,-170692,106093,2869,f,32
ScrapMetalPart,-196576,99014,5736,f,31
FuelCellPart,-222917,100453,3679,f,31
ScrapMetalPart,-191093,118659,982,f,31
ScrapMetalPart,-173068,109953,1155,f,32
ScrapMetalPart,-170326,102352,984,f,32
RhyolitePickup,-216594,110743,4057,f,31
ScrapMetalPart,-207557,103804,6806,f,31
ScrapMetalWreckage,-194023,118894,1219,f,31
FuelCellPart,-196992,95415,4421,f,31
ScrapMetalPart,-223832,106772,2244,f,31
BrittleBush,-218493,97159,2744,f,31
BasaltPickup,-217734,100487,7044,f,31
ScrapMetalPart,-203051,109863,6041,f,31
ScrapMetalWreckage,-194482,115592,3075,f,31
BasaltOre,-198937,97192,5984,f,31
RhyolitePickup,-205250,113987,4374,f,31
ScrapMetalWreckage,-175969,108856,1288,f,32
AzuritePickup,-224282,107184,2173,f,31
ScrapMetalWreckage,-175766,110811,1134,f,32
RhyolitePickup,-191439,115696,1189,f,31
ScrapMetalPart,-176211,102987,1357,f,32
RhyolitePickup,-197649,94294,4008,f,31
ScrapMetalPart,-172180,93929,618,f,32
ScrapMetalWreckage,-175498,110149,1079,f,32
StravidiumOre,-198402,95811,5899,f,31
FuelCellPart,-191523,95471,4015,f,31
ScrapMetalPart,-181901,102442,660,f,32
ScrapMetalWreckage,-172593,101101,861,f,32
AzuritePickup,-191699,109694,3646,f,31
TitaniumOre,-175981,102692,1269,f,32
AzuritePickup,-179562,104351,682,f,32
AzuritePickup,-205877,107967,7624,f,31
FuelCellWreckage,-191475,95725,4096,f,31
BasaltOre,-195455,102053,8111,f,31
FuelCellPart,-173809,109561,1340,f,32
ScrapMetalPart,-192431,110236,3193,f,31
BasaltPickup,-170739,106348,2835,f,32
ScrapMetalPart,-172142,101376,991,f,32
ScrapMetalPart,-210617,111386,5660,f,31
StravidiumPickup,-191287,97629,5769,f,31
BrittleBush,-173720,108465,1745,f,32
ScrapMetalWreckage,-194364,93352,3907,f,31
ScrapMetalPart,-225899,103097,2810,f,31
ScrapMetalPart,-204610,114109,4331,f,31
ScrapMetalWreckage,-217118,106115,4992,f,31
AzuritePickup,-166779,519255,1547,f,68
ScrapMetalPart,-193275,535716,6661,f,63
BauxitePickup,-173807,510314,1837,f,68
ScrapMetalWreckage,-193978,537592,6966,f,63
BrittleBush,-173657,514314,1892,f,68
FuelCellPart,-167116,516480,1860,f,68
BauxiteOre,-164998,519059,1612,f,68
BauxitePickup,-200391,537947,6972,f,63
ScrapMetalWreckage,-176578,514505,1734,f,68
AzuritePickup,-169117,515128,2143,f,68
ScrapMetalPart,-176538,514237,1719,f,68
ScrapMetalWreckage,-193321,538800,7054,f,63
AzuritePickup,-162314,517693,2711,f,68
ScrapMetalPart,-166793,518796,1492,f,68
BauxiteOre,-171731,514276,2782,f,68
RhyolitePickup,-174076,512260,2166,f,68
RhyolitePickup,-159101,519443,2011,f,68
AzuritePickup,-174794,515188,1446,f,68
BauxiteOre,-171335,512212,3569,f,68
BrittleBush,-164484,517759,2143,f,68
FuelCellPart,-165135,518528,1740,f,68
ScrapMetalPart,-159716,519432,2090,f,68
ScrapMetalWreckage,-168272,516647,1801,f,68
RhyolitePickup,-160582,517984,2715,f,68
ScrapMetalPart,-193890,537579,6961,f,63
FuelCellPart,-172544,509041,1601,f,68
BauxiteOre,-161678,517661,2753,f,68
ScrapMetalWreckage,-159692,519420,2081,f,68
ScrapMetalWreckage,-166784,518789,1485,f,68
RhyolitePickup,-191583,538617,6855,f,63
TitaniumOre,-165994,514294,4806,f,68
ScrapMetalWreckage,-193576,535059,6580,f,63
RhyolitePickup,-162120,518144,2625,f,68
BauxitePickup,-162038,517456,2797,f,68
RhyolitePickup,-174308,513222,1856,f,68
RhyolitePickup,-171706,515857,2269,f,68
BauxitePickup,-172097,514330,2735,f,68
ScrapMetalWreckage,-172928,509710,1710,f,68
TitaniumPickup,-165848,514672,4806,f,68
ScrapMetalWreckage,-193287,536447,6793,f,63
ScrapMetalWreckage,-174689,515795,1496,f,68
ScrapMetalPart,-193383,536643,6822,f,63
ScrapMetalPart,-172249,509501,1776,f,68
FuelCellPart,-175307,514309,1515,f,68
ScrapMetalWreckage,-172040,509436,1779,f,68
ScrapMetalWreckage,-191175,536593,6427,f,63
ScrapMetalPart,-190974,536522,6393,f,63
BauxiteOre,-173461,510207,1821,f,68
StravidiumPickup,-169442,512926,4357,f,68
ScrapMetalPart,-191244,538405,6719,f,63
ScrapMetalPart,-172526,509438,1721,f,68
StravidiumOre,-169607,513153,4330,f,68
ScrapMetalPart,-193581,535089,6586,f,63
AzuritePickup,-160256,518170,2679,f,68
ScrapMetalPart,-192675,535470,6520,f,63
ScrapMetalPart,-171435,509572,1890,f,68
BrittleBush,-174690,513191,1785,f,68
ScrapMetalPart,-173337,515965,1757,f,68
RhyolitePickup,-195281,537638,7053,f,63
ScrapMetalPart,-168288,516624,1808,f,68
ScrapMetalPart,-193097,538731,7036,f,63
RhyolitePickup,-195596,537387,6997,f,63
ScrapMetalWreckage,-192871,535289,6518,f,63
FuelCellPart,-170540,508958,1704,f,68
FuelCellPart,-191999,535451,6418,f,63
AzuritePickup,-195173,539542,7330,f,63
ScrapMetalPart,-174801,515674,1501,f,68
BauxitePickup,-165193,519269,1540,f,68
BauxiteOre,-165888,518316,1730,f,68
RhyolitePickup,-198489,536085,6816,f,63
ScrapMetalPart,-191726,536291,6490,f,63
FuelCellPart,-172872,509269,1626,f,68
BrittleBush,-171943,511028,2325,f,68
BrittleBush,-173034,514165,2106,f,68
FuelCellPart,-197885,536305,6693,f,63
BrittleBush,-172554,511005,2319,f,68
FuelCellPart,-171826,509928,1964,f,68
FuelCellPart,-192811,538767,7038,f,63
ScrapMetalWreckage,-175228,512821,1741,f,68
ScrapMetalPart,-170302,511135,2586,f,68
ScrapMetalPart,-173150,509694,1668,f,68
BauxitePickup,-165663,518006,1775,f,68
ScrapMetalPart,-172368,508141,1350,f,68
FuelCellPart,-171360,509118,1765,f,68
ScrapMetalPart,-194352,536823,6908,f,63
ScrapMetalPart,-174999,512699,1823,f,68
RhyolitePickup,-168395,516011,1880,f,68
AzuritePickup,-175188,513153,1689,f,68
FuelCellWreckage,-171136,508972,1705,f,68
BauxitePickup,-171586,512807,3453,f,68
ScrapMetalWreckage,-173253,515711,1835,f,68
BrittleBush,-193966,544426,6645,f,63
BrittleBush,-189671,542364,6446,f,63
BrittleBush,-192056,542970,6851,f,63
BrittleBush,-191944,543516,6628,f,63
Cave,-195660,707170,5582,t,62
Cave,-171165,942220,20558,t,65
Ecolab,-205623,982215,17526,t,64
BauxitePickup,849987,996945,37441,f,2
BauxiteOre,850361,996968,37468,f,2
BauxiteOre,954145,972513,29966,f,4
AzuritePickup,925688,958066,23790,f,4
BauxiteOre,942077,949069,24786,f,4
FuelCellPart,924169,961275,23682,f,4
RhyolitePickup,930276,964751,21988,f,4
FuelCellPart,926261,957271,23779,f,4
ScrapMetalPart,937465,968851,21949,f,4
ScrapMetalPart,927993,970119,22123,f,4
FuelCellPart,929413,968751,22523,f,4
ScrapMetalPart,936981,968260,21773,f,4
BauxitePickup,927960,951396,24015,f,4
ScrapMetalPart,927146,961160,23732,f,4
ScrapMetalPart,935004,970991,22418,f,4
StravidiumPickup,941733,960139,24373,f,4
RhyoliteOre,919978,958398,23781,f,4
ScrapMetalWreckage,935689,967611,21694,f,4
TitaniumPickup,933096,964864,21328,f,4
RhyolitePickup,926495,958281,23767,f,4
FuelCellPart,926594,959917,23757,f,4
FuelCellPart,926625,960274,23753,f,4
ScrapMetalPart,931311,963524,21904,f,4
TitaniumOre,933111,964454,21348,f,4
ScrapMetalPart,927316,969447,22021,f,4
BauxitePickup,934649,962731,23151,f,4
ScrapMetalPart,935377,970641,22357,f,4
ScrapMetalPart,937260,968188,21738,f,4
ScrapMetalPart,921009,964783,21652,f,4
RhyolitePickup,920177,958237,23790,f,4
RhyolitePickup,936622,961484,23073,f,4
ScrapMetalPart,930883,964698,21824,f,4
StravidiumOre,937863,967183,21620,f,4
BauxiteOre,928036,955850,23903,f,4
ScrapMetalWreckage,928810,967845,22574,f,4
TitaniumOre,958796,968058,30689,f,4
ScrapMetalWreckage,936194,968657,21937,f,4
ScrapMetalPart,932822,972767,21951,f,4
ScrapMetalWreckage,919998,963914,22019,f,4
BauxitePickup,928256,955541,23930,f,4
BasaltPickup,934453,961451,23360,f,4
ScrapMetalWreckage,921035,958735,23781,f,4
ScrapMetalPart,936366,967925,21773,f,4
BauxiteOre,922716,961266,23599,f,4
BauxitePickup,932751,944246,28984,f,4
FuelCellPart,922215,964534,21538,f,4
FuelCellWreckage,930520,968622,22824,f,4
ScrapMetalWreckage,921075,964561,21669,f,4
RhyolitePickup,926746,955925,23777,f,4
ScrapMetalPart,929304,965100,22120,f,4
AzuritePickup,920694,964698,21704,f,4
TitaniumPickup,928668,961197,23474,f,4
FuelCellPart,926785,959238,23751,f,4
ScrapMetalPart,936904,963642,22618,f,4
BrittleBush,932335,972096,21874,f,4
BauxiteOre,934594,962496,23221,f,4
ScrapMetalPart,928880,968123,22516,f,4
ScrapMetalPart,924937,965371,21876,f,4
ScrapMetalPart,923012,959282,23792,f,4
ScrapMetalWreckage,929154,964147,22421,f,4
AzuritePickup,921493,963214,21941,f,4
FuelCellPart,919840,963452,22181,f,4
ScrapMetalPart,930067,965642,21976,f,4
BasaltPickup,932095,966196,21428,f,4
FuelCellWreckage,919807,963194,22266,f,4
ScrapMetalPart,921301,958810,23784,f,4
ScrapMetalPart,938475,968325,22023,f,4
ScrapMetalWreckage,935147,970998,22419,f,4
TitaniumOre,940350,963574,23177,f,4
StravidiumOre,941409,959838,24389,f,4
TitaniumOre,929075,961154,23401,f,4
ScrapMetalPart,929644,965983,22142,f,4
BauxitePickup,942299,948851,24795,f,4
ScrapMetalWreckage,936999,963386,22674,f,4
StravidiumOre,939442,954917,26506,f,4
BrittleBush,923797,964389,21472,f,4
ScrapMetalPart,936085,968790,21987,f,4
ScrapMetalWreckage,936441,967749,21737,f,4
ScrapMetalPart,924441,957802,23800,f,4
BauxiteOre,935842,966371,21459,f,4
ScrapMetalPart,922290,958370,23800,f,4
AzuritePickup,922257,960751,23654,f,4
StravidiumPickup,939666,955059,26485,f,4
ScrapMetalWreckage,929799,970840,22119,f,4
AzuritePickup,926783,964646,22472,f,4
AzuritePickup,923468,965570,21563,f,4
RhyolitePickup,928167,960401,23593,f,4
FuelCellPart,926337,957652,23773,f,4
ScrapMetalPart,924424,961531,23696,f,4
RhyolitePickup,926139,960397,23774,f,4
BauxitePickup,922524,960997,23627,f,4
StravidiumPickup,927261,963444,22646,f,4
ScrapMetalWreckage,922319,958510,23798,f,4
ScrapMetalPart,921371,956452,23847,f,4
ScrapMetalPart,932030,964235,21599,f,4
BauxitePickup,935872,965974,21558,f,4
FuelCellPart,928265,968924,22203,f,4
FuelCellPart,923133,958368,23802,f,4
ScrapMetalPart,935415,967615,21640,f,4
FuelCellWreckage,929182,968596,22497,f,4
ScrapMetalWreckage,924951,965354,21885,f,4
ScrapMetalWreckage,924484,958066,23799,f,4
BauxiteOre,932455,944163,28990,f,4
ScrapMetalWreckage,931062,964847,21763,f,4
AzuritePickup,937616,963037,22710,f,4
ScrapMetalWreckage,931926,964489,21592,f,4
ScrapMetalWreckage,938230,968437,22010,f,4
ScrapMetalPart,932658,964846,21365,f,4
FuelCellPart,930348,962870,22354,f,4
AzuritePickup,928661,964880,22306,f,4
BauxitePickup,954191,972098,30014,f,4
FuelCellPart,921129,964058,21787,f,4
ScrapMetalWreckage,927966,970137,22126,f,4
ScrapMetalPart,919830,963725,22096,f,4
StravidiumOre,947197,964324,29557,f,0
ScrapMetalPart,929407,964246,22357,f,4
RhyolitePickup,929597,969712,22364,f,4
RhyolitePickup,928435,969898,22151,f,4
ScrapMetalWreckage,929611,965718,22104,f,4
ScrapMetalPart,926537,968835,21922,f,4
ScrapMetalPart,928011,968129,22319,f,4
ScrapMetalWreckage,932977,972770,21957,f,4
FuelCellPart,936238,960994,23151,f,4
BasaltOre,934043,961442,23415,f,4
RhyolitePickup,933421,972473,21988,f,4
ScrapMetalWreckage,926292,964547,22441,f,4
ScrapMetalWreckage,936901,968375,21802,f,4
FuelCellPart,935165,966677,21349,f,4
RhyolitePickup,933361,965387,21290,f,4
RhyolitePickup,934046,966696,21302,f,4
FuelCellWreckage,923160,958232,23802,f,4
BasaltOre,931808,966270,21462,f,4
ScrapMetalPart,926945,960074,23729,f,4
FuelCellPart,934318,966259,21260,f,4
ScrapMetalWreckage,926984,960340,23724,f,4
StravidiumPickup,937914,967108,21661,f,4
ScrapMetalPart,924447,958763,23798,f,4
ScrapMetalWreckage,926267,968782,21898,f,4
AzuritePickup,933877,971981,22102,f,4
ScrapMetalWreckage,924451,958748,23799,f,4
RhyolitePickup,920432,958257,23792,f,4
ScrapMetalPart,939886,976604,21964,f,4
RhyolitePickup,921976,964799,21554,f,4
BasaltPickup,956130,973670,29612,f,4
ScrapMetalPart,926283,964528,22418,f,4
StravidiumPickup,946788,964263,29610,f,0
FuelCellPart,935658,970244,22263,f,4
BauxiteOre,928389,951238,24075,f,4
ScrapMetalPart,930075,970863,22141,f,4
StravidiumOre,927485,963792,22619,f,4
FuelCellWreckage,935383,970240,22283,f,4
ScrapMetalWreckage,927316,969178,22008,f,4
BasaltOre,956493,973597,29610,f,4
BrittleBush,924122,964933,21547,f,4
ScrapMetalWreckage,928300,969556,22133,f,4
ScrapMetalPart,928403,969310,22170,f,4
FuelCellPart,933159,972198,21946,f,4
ScrapMetalPart,933805,972417,22081,f,4
ScrapMetalWreckage,933833,972436,22079,f,4
FuelCellPart,933175,966395,21321,f,4
FuelCellPart,927252,968392,22083,f,4
RhyolitePickup,921612,964204,21646,f,4
AzuritePickup,930342,967902,22700,f,4
ScrapMetalWreckage,937659,968927,22028,f,4
ScrapMetalWreckage,923000,959007,23796,f,4
ScrapMetalPart,974741,972102,17793,f,4
RhyolitePickup,962976,962858,20346,f,4
ScrapMetalPart,970334,967763,19855,f,4
AzuritePickup,958227,955541,20212,f,4
BrittleBush,967877,971560,19954,f,4
ScrapMetalPart,965558,959092,20222,f,4
AzuritePickup,977962,973221,17306,f,4
ScrapMetalPart,974921,969503,18783,f,4
ScrapMetalWreckage,972699,969170,19073,f,4
ScrapMetalPart,974713,970305,18530,f,4
ScrapMetalPart,975425,970848,18291,f,4
AzuritePickup,972368,974760,16771,f,4
ScrapMetalWreckage,966379,968520,20521,f,4
ScrapMetalWreckage,965462,968147,20478,f,4
ScrapMetalPart,966356,966496,20253,f,4
FuelCellPart,967316,962667,20373,f,4
FuelCellPart,969882,965172,20616,f,4
ScrapMetalWreckage,974703,969654,18747,f,4
ScrapMetalPart,967227,965123,20495,f,4
RhyolitePickup,964604,969276,20372,f,4
RhyolitePickup,960072,955462,20215,f,4
FuelCellPart,975955,969882,18577,f,4
BauxitePickup,967267,960284,20276,f,4
ScrapMetalPart,970790,968228,19643,f,4
AzuritePickup,975119,972466,17614,f,4
ScrapMetalWreckage,965600,958817,20221,f,4
FuelCellWreckage,975786,970327,18449,f,4
BauxiteOre,966950,960432,20224,f,4
ScrapMetalPart,975461,971730,17960,f,4
ScrapMetalPart,972541,969252,19053,f,4
ScrapMetalWreckage,968871,966246,20491,f,4
FuelCellPart,967577,962373,20339,f,4
ScrapMetalWreckage,972063,970942,18537,f,4
ScrapMetalWreckage,963801,970597,20194,f,4
ScrapMetalPart,958588,955737,20214,f,4
ScrapMetalWreckage,966180,966395,20271,f,4
ScrapMetalPart,973632,967247,19539,f,4
ScrapMetalPart,974864,972634,17567,f,4
FuelCellPart,970973,967006,19920,f,4
ScrapMetalPart,967104,966147,20287,f,4
ScrapMetalPart,961955,972143,20049,f,4
BrittleBush,968780,962984,20390,f,4
StravidiumPickup,978776,969048,21173,f,4
ScrapMetalPart,963930,970673,20168,f,4
ScrapMetalPart,966500,968667,20565,f,4
ScrapMetalPart,968605,966218,20497,f,4
AzuritePickup,963569,955616,20219,f,4
ScrapMetalPart,960263,956030,20210,f,4
BasaltPickup,978216,973195,17339,f,4
ScrapMetalPart,963096,955759,20218,f,4
BrittleBush,970238,975894,16119,f,4
RhyolitePickup,975045,972934,17429,f,4
ScrapMetalPart,959394,955970,20217,f,4
ScrapMetalPart,962749,963114,20374,f,4
ScrapMetalWreckage,960128,956103,20217,f,4
ScrapMetalWreckage,974625,972757,17557,f,4
FuelCellPart,965108,970601,20446,f,4
RhyolitePickup,960989,958596,20205,f,4
ScrapMetalWreckage,975283,971078,18215,f,4
FuelCellWreckage,969724,965150,20656,f,4
ScrapMetalWreckage,963144,955609,20218,f,4
RhyolitePickup,965336,958440,20223,f,4
StravidiumOre,978628,969431,21195,f,4
FuelCellPart,967244,967696,20399,f,4
AzuritePickup,971339,969634,19125,f,4
AzuritePickup,963799,974793,17087,f,4
FuelCellPart,963393,955899,20219,f,4
ScrapMetalPart,964192,968823,20363,f,4
ScrapMetalWreckage,958586,955541,20213,f,4
ScrapMetalWreckage,971064,969086,19358,f,4
AzuritePickup,963894,969139,20318,f,4
FuelCellPart,965464,968645,20504,f,4
BasaltOre,956573,955345,20208,f,4
ScrapMetalPart,969224,968022,20089,f,4
FuelCellPart,975675,970093,18535,f,4
ScrapMetalWreckage,970902,967983,19678,f,4
RhyolitePickup,963011,954455,20212,f,4
ScrapMetalWreckage,974887,970502,18445,f,4
ScrapMetalWreckage,970265,967646,19890,f,4
ScrapMetalPart,964796,959233,20232,f,4
ScrapMetalPart,972049,970954,18536,f,4
RhyolitePickup,969999,970532,19248,f,4
ScrapMetalPart,976870,972298,17674,f,4
RhyolitePickup,969275,964083,20576,f,4
BasaltPickup,956836,955658,20208,f,4
RhyolitePickup,963800,969782,20290,f,4
RhyolitePickup,968572,966553,20442,f,4
ScrapMetalPart,965661,968325,20493,f,4
ScrapMetalWreckage,967275,966355,20282,f,4
ScrapMetalPart,971334,969088,19295,f,4
BrittleBush,982082,815065,3701,f,1
ScrapMetalWreckage,991420,816063,2938,f,1
ScrapMetalWreckage,998128,846528,2805,f,1
ScrapMetalWreckage,1001185,851825,2215,f,1
RhyolitePickup,989144,806772,3053,f,1
BrittleBush,985680,818609,3954,f,1
TitaniumOre,984947,815559,6053,f,1
ScrapMetalPart,988035,820406,3172,f,1
BrittleBush,1000942,851316,2274,f,1
ScrapMetalWreckage,987753,819371,3232,f,1
ScrapMetalWreckage,997541,847262,2571,f,1
ScrapMetalPart,984463,815622,6055,f,1
BrittleBush,1006976,843440,2534,f,1
RhyolitePickup,981694,815221,3660,f,1
ScrapMetalPart,989935,815798,2755,f,1
ScrapMetalPart,989316,808962,3638,f,1
RhyolitePickup,999980,845801,3783,f,1
ScrapMetalWreckage,998344,849865,2309,f,1
AzuritePickup,1006721,843180,2489,f,1
ScrapMetalWreckage,997522,844069,2724,f,1
FuelCellPart,1002201,840173,2574,f,1
AzuritePickup,991952,813002,3991,f,1
AzuritePickup,989557,814808,4434,f,1
BauxitePickup,1005948,842236,2467,f,1
ScrapMetalPart,998098,846263,2803,f,1
FuelCellPart,997380,846432,2570,f,1
ScrapMetalPart,1005375,849110,2829,f,1
FuelCellPart,991237,817325,2674,f,1
ScrapMetalPart,997348,847161,2524,f,1
ScrapMetalWreckage,989475,817368,2744,f,1
FuelCellPart,982673,817425,4434,f,1
FuelCellPart,987332,812406,3294,f,1
AzuritePickup,993613,812633,3674,f,1
BrittleBush,981220,820881,3803,f,1
BrittleBush,980874,818852,4247,f,1
ScrapMetalWreckage,1004596,851301,2841,f,1
FuelCellPart,990422,806797,3290,f,1
AzuritePickup,997965,850227,2410,f,1
RhyolitePickup,985049,821435,3436,f,1
FuelCellPart,989720,808851,3585,f,1
RhyolitePickup,986796,812089,3285,f,1
ScrapMetalPart,991517,815826,3028,f,1
RhyolitePickup,984060,813106,3194,f,1
BauxitePickup,982798,819853,5109,f,1
BrittleBush,1007365,844814,2690,f,1
BauxitePickup,1003966,841341,2623,f,1
RhyolitePickup,984348,813385,3234,f,1
FuelCellPart,997932,844171,2590,f,1
BasaltOre,988441,817283,2867,f,1
BasaltPickup,1005223,843732,3927,f,1
FuelCellPart,988207,809344,3577,f,1
FuelCellPart,984866,812421,3153,f,1
AzuritePickup,985729,812936,3265,f,1
AzuritePickup,1004794,840644,2285,f,1
RhyolitePickup,983185,811777,2786,f,1
BauxiteOre,983039,821596,3547,f,1
BasaltOre,1005387,843356,3891,f,1
RhyolitePickup,999721,841515,2688,f,1
ScrapMetalPart,989564,817591,2749,f,1
ScrapMetalPart,998707,842959,2514,f,1
ScrapMetalPart,1001412,851874,2236,f,1
BauxiteOre,1006332,842080,2429,f,1
RhyolitePickup,1005976,841842,2404,f,1
RhyolitePickup,986893,818854,3457,f,1
RhyolitePickup,1005937,846166,2811,f,1
ScrapMetalPart,998211,849736,2344,f,1
ScrapMetalPart,988012,819386,3125,f,1
ScrapMetalWreckage,998680,842951,2448,f,1
FuelCellPart,980809,821747,3689,f,1
FuelCellWreckage,991136,817576,2641,f,1
RhyolitePickup,982949,813559,3145,f,1
ScrapMetalPart,1005952,848522,2792,f,1
ScrapMetalPart,1002721,841560,2711,f,1
ScrapMetalPart,1002825,840752,2388,f,1
RhyoliteOre,982783,814969,3793,f,1
RhyolitePickup,998395,850675,2356,f,1
ScrapMetalPart,997609,844248,2622,f,1
BasaltPickup,988679,817482,2866,f,1
BauxiteOre,982831,819874,5121,f,1
BauxiteOre,1004310,841232,2540,f,1
ScrapMetalWreckage,998991,841941,2694,f,1
ScrapMetalPart,998281,849144,2396,f,1
RhyolitePickup,997812,846299,2714,f,1
ScrapMetalPart,990060,816997,2691,f,1
FuelCellPart,998930,843957,2752,f,1
BrittleBush,1000537,846007,3806,f,1
RhyolitePickup,981041,817728,4120,f,1
BauxitePickup,982594,821425,3670,f,1
ScrapMetalPart,1003463,851418,2503,f,1
ScrapMetalPart,984131,820297,3769,f,1
AzuritePickup,988319,815398,2947,f,1
ScrapMetalPart,998943,851405,2355,f,1
BasaltPickup,999512,845624,3789,f,1
RhyolitePickup,1004491,840895,2381,f,1
StravidiumOre,1005610,849399,2833,f,1
ScrapMetalPart,989411,807895,3162,f,1
AzuritePickup,999724,843348,2785,f,1
AzuritePickup,987863,812336,3459,f,1
FuelCellPart,1002584,840370,2469,f,1
ScrapMetalPart,986192,809957,3421,f,1
ScrapMetalPart,989138,817944,2830,f,1
ScrapMetalPart,998683,843705,2644,f,1
FuelCellPart,991169,810628,4671,f,1
BrittleBush,982740,816884,4334,f,1
AzuritePickup,990628,816111,2840,f,1
BrittleBush,999669,848977,2761,f,1
BrittleBush,998893,844221,2795,f,1
ScrapMetalPart,986188,811397,3184,f,1
RhyolitePickup,983062,815263,3856,f,1
BasaltOre,999519,846047,3774,f,1
ScrapMetalWreckage,1002575,841783,2793,f,1
BrittleBush,992483,808186,3938,f,1
FuelCellPart,989707,817006,2700,f,1
ScrapMetalWreckage,989584,808099,3240,f,1
AzuriteOre,989900,814851,4493,f,1
ScrapMetalWreckage,988302,820353,3033,f,1
StravidiumOre,984529,820464,3598,f,1
BrittleBush,999906,848143,3034,f,1
AzuritePickup,987925,811932,3548,f,1
FuelCellWreckage,990260,806829,3259,f,1
ScrapMetalPart,998877,842149,2648,f,1
FuelCellPart,998555,846817,2931,f,1
RhyolitePickup,1027954,770126,1917,f,1
TitaniumPickup,1027007,769994,2115,f,1
BauxiteOre,1024836,772647,2052,f,1
BrittleBush,1023326,774379,2632,f,1
BauxitePickup,1025148,772929,2206,f,1
FuelCellPart,1025546,770946,2098,f,1
TitaniumOre,1026957,770366,2024,f,1
RhyolitePickup,955302,533009,2008,f,8
RhyolitePickup,950975,538226,3441,f,8
ScrapMetalPart,938416,528277,2216,f,8
ScrapMetalPart,953830,538337,2678,f,8
RhyolitePickup,945628,534383,4058,f,8
FuelCellPart,952573,537662,3121,f,8
AzuritePickup,946947,537526,3976,f,8
AzuritePickup,952197,531487,2734,f,8
FuelCellPart,943834,522946,2034,f,8
BrittleBush,953064,531935,2539,f,8
AzuritePickup,938837,531299,2979,f,8
ScrapMetalWreckage,948098,545718,2673,f,8
ScrapMetalPart,945180,535162,4078,f,8
RhyolitePickup,948267,545321,2539,f,8
BrittleBush,944199,534716,4002,f,8
FuelCellPart,950281,525604,2289,f,8
AzuritePickup,950596,529706,2761,f,8
ScrapMetalPart,956328,534910,1942,f,8
ScrapMetalWreckage,948829,542187,3082,f,8
FuelCellWreckage,950785,527631,2207,f,8
BasaltOre,948207,543855,2770,f,8
AzuritePickup,954544,542562,2243,f,8
ScrapMetalWreckage,956232,534444,1906,f,8
FuelCellPart,952032,527572,2281,f,8
TitaniumOre,953023,535169,3199,f,8
FuelCellPart,941344,533184,3802,f,8
ScrapMetalWreckage,939689,530599,2996,f,8
AzuritePickup,948460,542553,3043,f,8
FuelCellPart,938872,526635,1880,f,8
ScrapMetalWreckage,945622,528599,3140,f,8
FuelCellPart,951078,526940,2182,f,8
AzuritePickup,944477,535272,4113,f,8
AzuritePickup,947617,528988,3223,f,8
ScrapMetalPart,951284,539445,3179,f,8
TitaniumPickup,953298,534915,3050,f,8
ScrapMetalPart,938652,532868,3256,f,8
ScrapMetalPart,944003,533213,3906,f,8
ScrapMetalWreckage,954639,537817,2526,f,8
ScrapMetalPart,950196,529246,2736,f,8
ScrapMetalPart,938777,533287,3356,f,8
RhyolitePickup,943188,531382,3460,f,8
StravidiumOre,946489,537570,4109,f,8
ScrapMetalPart,956058,534823,2008,f,8
BauxiteOre,949077,530064,3230,f,8
BauxitePickup,948672,530193,3344,f,8
ScrapMetalPart,948131,523804,2452,f,8
ScrapMetalPart,939265,528541,2395,f,8
FuelCellPart,951056,527713,2180,f,8
FuelCellPart,938377,534025,3408,f,8
FuelCellPart,947859,524470,2124,f,8
BauxitePickup,954200,534489,2625,f,8
BrittleBush,951535,530966,2824,f,8
TitaniumOre,953172,530924,2268,f,8
RhyolitePickup,939037,527953,2194,f,8
AzuritePickup,952074,528189,2130,f,8
BrittleBush,946438,545630,3201,f,8
RhyolitePickup,938376,527754,2110,f,8
ScrapMetalPart,948507,539964,3587,f,8
ScrapMetalWreckage,944644,523450,1955,f,8
BasaltOre,947710,536046,4064,f,8
AzuritePickup,943626,528687,2828,f,8
BrittleBush,956632,536526,2058,f,8
FuelCellPart,950423,527136,2207,f,8
AzuritePickup,940778,530650,3184,f,8
FuelCellPart,947404,540923,3790,f,8
BrittleBush,946905,544378,3073,f,8
BasaltOre,941726,533024,3789,f,8
ScrapMetalPart,953471,538879,2704,f,8
BrittleBush,953959,532595,2370,f,8
ScrapMetalPart,949174,540710,3374,f,8
ScrapMetalPart,948964,542087,3102,f,8
RhyolitePickup,946409,529442,3404,f,8
BasaltPickup,942005,533174,3843,f,8
ScrapMetalWreckage,951434,539519,3124,f,8
FuelCellWreckage,950937,526795,2175,f,8
ScrapMetalPart,944455,523263,1994,f,8
FuelCellPart,938343,533451,3303,f,8
ScrapMetalPart,956359,534679,1917,f,8
FuelCellPart,939713,532739,3430,f,8
BasaltPickup,947894,544066,2806,f,8
ScrapMetalPart,938348,532943,3213,f,8
ScrapMetalWreckage,945116,534984,4063,f,8
BauxiteOre,953810,534361,2750,f,8
BrittleBush,951027,531487,3172,f,8
ScrapMetalWreckage,938162,532837,3158,f,8
ScrapMetalWreckage,938479,528119,2130,f,8
AzuritePickup,953689,532433,2429,f,8
ScrapMetalPart,954900,537788,2464,f,8
ScrapMetalPart,945603,528776,3173,f,8
RhyolitePickup,948629,529685,3206,f,8
ScrapMetalWreckage,953584,538638,2704,f,8
BasaltPickup,947612,536439,3998,f,8
ScrapMetalWreckage,939227,528490,2373,f,8
ScrapMetalPart,940786,532146,3491,f,8
ScrapMetalPart,939958,530643,3050,f,8
RhyolitePickup,947740,523973,2266,f,8
ScrapMetalWreckage,956241,535166,2004,f,8
ScrapMetalPart,947842,545646,2735,f,8
BrittleBush,947584,546357,2976,f,8
RhyolitePickup,953084,530012,2077,f,8
TitaniumPickup,953306,531319,2317,f,8
FuelCellPart,947892,536678,3981,f,8
FuelCellPart,948271,484539,1096,f,8
ScrapMetalPart,948067,484774,1075,f,8
ScrapMetalWreckage,950609,483516,1241,f,8
AzuritePickup,951602,486049,1445,f,8
ScrapMetalWreckage,948610,484275,1143,f,8
ScrapMetalPart,948867,484203,1154,f,8
ScrapMetalPart,950654,483306,1281,f,8
ScrapMetalWreckage,948044,484754,1064,f,8
ScrapMetalPart,950025,486344,1367,f,8
ScrapMetalWreckage,951330,487905,1674,f,8
FuelCellPart,948687,485723,1217,f,8
ScrapMetalPart,952118,484925,1261,f,8
ScrapMetalPart,952116,484525,1129,f,8
FuelCellPart,948761,484843,1068,f,8
ScrapMetalWreckage,951362,486500,1461,f,8
ScrapMetalWreckage,949989,486426,1373,f,8
FuelCellPart,949205,483618,1288,f,8
FuelCellPart,948167,489045,1300,f,8
FuelCellPart,950063,483826,1217,f,8
BrittleBush,952481,486588,1762,f,8
ScrapMetalPart,951421,486273,1443,f,8
BrittleBush,952784,486156,1784,f,8
ScrapMetalPart,949138,486341,1315,f,8
RhyolitePickup,947927,489290,1265,f,8
ScrapMetalPart,951086,488030,1681,f,8
ScrapMetalPart,932881,326730,2422,f,77
ScrapMetalPart,933561,325808,2434,f,77
RhyolitePickup,927145,320388,1852,f,77
AzuritePickup,931808,320307,1954,f,77
FuelCellWreckage,924572,321660,2015,f,77
ScrapMetalPart,932442,327885,2522,f,77
BrittleBush,933609,324672,2303,f,77
ScrapMetalWreckage,933595,326035,2477,f,77
ScrapMetalWreckage,933107,326743,2479,f,77
BasaltPickup,929680,322703,2482,f,77
BasaltOre,929658,322277,2399,f,77
ScrapMetalWreckage,929603,320701,2093,f,77
ScrapMetalPart,929364,321600,2216,f,77
ScrapMetalWreckage,932622,328080,2628,f,77
FuelCellPart,932771,321165,2016,f,77
ScrapMetalPart,926070,322131,2115,f,77
ScrapMetalPart,931803,321645,2012,f,77
ScrapMetalPart,927550,320244,1908,f,77
FuelCellPart,928483,326175,5801,f,77
RhyolitePickup,929830,323080,2560,f,77
ScrapMetalWreckage,929257,321361,2130,f,77
ScrapMetalPart,933602,322640,2197,f,77
ScrapMetalWreckage,928082,321316,2075,f,77
ScrapMetalPart,927958,321428,2114,f,77
ScrapMetalPart,929372,320761,2065,f,77
ScrapMetalWreckage,931318,320318,1918,f,77
ScrapMetalPart,932967,327625,2610,f,77
RhyolitePickup,930035,328839,2512,f,77
ScrapMetalPart,931419,320563,1914,f,77
FuelCellPart,924387,321865,2077,f,77
FuelCellPart,930380,319963,2025,f,77
ScrapMetalPart,930368,320803,2011,f,77
ScrapMetalWreckage,930407,320545,2026,f,77
FuelCellPart,930268,321041,2007,f,77
ScrapMetalPart,930679,319832,1964,f,77
ScrapMetalWreckage,930848,319834,1934,f,77
ScrapMetalPart,930053,320113,2150,f,77
BrittleBush,928312,329748,2919,f,77
TitaniumPickup,944235,229684,6197,f,77
FuelCellPart,940905,234541,5548,f,77
ScrapMetalWreckage,933047,227167,5453,f,77
StravidiumPickup,938061,222709,5846,f,77
FuelCellPart,947216,235593,7719,f,77
ScrapMetalPart,933792,224921,5170,f,77
ScrapMetalPart,946570,230282,6152,f,77
ScrapMetalPart,943801,233660,6544,f,77
ScrapMetalWreckage,943964,234717,6813,f,77
RhyolitePickup,947118,230258,6059,f,77
FuelCellPart,936567,222558,5553,f,77
BrittleBush,946314,230824,6277,f,77
ScrapMetalPart,940873,233656,5888,f,77
AzuritePickup,944162,233682,6498,f,77
ScrapMetalPart,939307,229118,9135,f,77
ScrapMetalWreckage,920891,218748,3535,f,77
FuelCellPart,919582,218609,3031,f,77
FuelCellWreckage,940705,234706,5435,f,77
BrittleBush,942512,232420,6201,f,77
BauxitePickup,946122,231606,8116,f,77
ScrapMetalWreckage,941969,233826,6031,f,77
ScrapMetalWreckage,933917,226055,5383,f,77
ScrapMetalPart,941773,233894,5970,f,77
RhyolitePickup,948423,232610,7649,f,77
StravidiumOre,938037,222739,5765,f,77
FuelCellPart,945841,226803,5831,f,77
ScrapMetalPart,933262,225400,5124,f,77
ScrapMetalPart,932857,227353,5494,f,77
AzuriteOre,942576,230522,6395,f,77
ScrapMetalPart,947503,230259,5972,f,77
BrittleBush,945649,227582,5665,f,77
RhyolitePickup,932707,227526,5539,f,77
AzuritePickup,938936,233721,5378,f,77
ScrapMetalWreckage,946587,230277,6163,f,77
ScrapMetalWreckage,933117,226409,5297,f,77
ScrapMetalPart,932483,226523,5274,f,77
BrittleBush,948933,235948,7133,f,77
RhyoliteOre,945142,234778,7022,f,77
ScrapMetalPart,941728,234213,5883,f,77
ScrapMetalWreckage,932503,226683,5308,f,77
RhyolitePickup,933043,227561,5561,f,77
BrittleBush,938583,222979,5927,f,77
ScrapMetalPart,942555,233192,6239,f,77
ScrapMetalPart,932882,226527,5294,f,77
ScrapMetalWreckage,933636,225022,5132,f,77
ScrapMetalPart,921283,218968,3685,f,77
FuelCellPart,941554,223131,5777,f,77
AzuritePickup,942979,230443,6337,f,77
ScrapMetalWreckage,942564,233460,6242,f,77
FuelCellPart,923514,218596,3647,f,77
ScrapMetalWreckage,940783,233792,5825,f,77
ScrapMetalPart,951147,234405,6520,f,77
ScrapMetalPart,933876,226313,5453,f,77
BrittleBush,949535,235501,7104,f,77
BauxiteOre,945774,231362,8168,f,77
TitaniumOre,944637,229766,6127,f,77
ScrapMetalPart,921132,218654,3553,f,77
ScrapMetalPart,932484,228067,5705,f,77
RhyolitePickup,942825,232225,6130,f,77
ScrapMetalPart,939031,221985,5728,f,77
ScrapMetalPart,944188,234863,6852,f,77
RhyolitePickup,942232,234069,6077,f,77
RhyolitePickup,945159,235188,7067,f,77
BrittleBush,946075,238213,6473,f,77
ScrapMetalWreckage,922330,205382,5144,f,77
RhyolitePickup,927260,203346,2962,f,77
BasaltPickup,896548,165516,2923,f,77
RhyolitePickup,913083,194138,2928,f,77
FuelCellPart,894916,163656,2634,f,77
ScrapMetalWreckage,906381,214568,2928,f,77
RhyolitePickup,916536,195997,2903,f,77
ScrapMetalPart,914429,205562,4034,f,77
ScrapMetalWreckage,927695,167224,2794,f,77
RhyolitePickup,928868,167767,2752,f,77
ScrapMetalPart,912549,193737,3002,f,77
RhyolitePickup,908769,200778,2991,f,77
RhyolitePickup,910363,198144,4118,f,77
ScrapMetalPart,919799,217756,3214,f,77
ScrapMetalPart,905325,207506,3236,f,77
RhyolitePickup,913894,200732,3333,f,77
ScrapMetalPart,919768,214444,4071,f,77
ScrapMetalPart,914615,200706,3434,f,77
FuelCellPart,919439,207710,4158,f,77
FuelCellPart,926315,213268,3118,f,77
ScrapMetalPart,913650,195570,2970,f,77
FuelCellPart,928228,166811,2642,f,77
BasaltOre,896161,165653,2934,f,77
FuelCellPart,913467,217917,2921,f,77
BasaltOre,910508,196676,4005,f,77
BasaltPickup,914855,216693,4487,f,77
ScrapMetalPart,926442,209205,4507,f,77
AzuritePickup,911884,196612,3772,f,77
ScrapMetalPart,896173,163838,2720,f,77
ScrapMetalPart,889765,214906,2348,f,77
FuelCellWreckage,928243,166815,2623,f,77
FuelCellPart,919174,204824,6151,f,77
AzuritePickup,911957,194253,3031,f,77
ScrapMetalWreckage,926641,166340,2585,f,77
ScrapMetalPart,909820,210973,4375,f,77
ScrapMetalPart,911271,201634,3043,f,77
ScrapMetalWreckage,922521,206944,4281,f,77
FuelCellPart,910483,201005,3204,f,77
ScrapMetalPart,894336,163433,2662,f,77
ScrapMetalPart,914293,210712,5460,f,77
ScrapMetalPart,906590,214585,2947,f,77
FuelCellPart,924635,167727,2660,f,77
ScrapMetalPart,919722,195309,3264,f,77
AzuritePickup,896891,167834,3066,f,77
RhyolitePickup,923548,213022,7120,f,77
ScrapMetalWreckage,913622,195588,2968,f,77
RhyolitePickup,922317,199693,7607,f,77
ScrapMetalPart,922329,205113,5136,f,77
ScrapMetalWreckage,926326,176267,2556,f,77
ScrapMetalPart,917984,208051,4354,f,77
RhyolitePickup,922207,216596,6779,f,77
RhyolitePickup,893714,164084,2730,f,77
BrittleBush,894630,164067,2692,f,77
ScrapMetalPart,901938,167076,2356,f,77
ScrapMetalPart,923007,211693,7124,f,77
ScrapMetalWreckage,898468,170926,2496,f,77
ScrapMetalWreckage,919786,214649,4054,f,77
BasaltOre,913771,212879,6474,f,77
FuelCellPart,927949,165077,2574,f,77
ScrapMetalPart,926567,167188,2800,f,77
BrittleBush,896455,171898,2865,f,77
ScrapMetalWreckage,916875,217722,3016,f,77
AzuritePickup,914902,200042,3412,f,77
BauxitePickup,922822,213139,7184,f,77
BasaltPickup,910876,196857,3988,f,77
FuelCellPart,894474,162281,2731,f,77
FuelCellWreckage,923814,167414,2744,f,77
FuelCellPart,912881,205692,3699,f,77
FuelCellWreckage,910452,204229,3010,f,77
ScrapMetalPart,905377,213525,2958,f,77
RhyolitePickup,899273,169782,2519,f,77
ScrapMetalWreckage,894092,163331,2716,f,77
ScrapMetalWreckage,916227,217975,3038,f,77
ScrapMetalPart,899325,164161,2486,f,77
BrittleBush,895177,172363,3252,f,77
FuelCellPart,910485,204226,3012,f,77
AzuritePickup,922720,198215,7581,f,77
ScrapMetalWreckage,914350,200662,3403,f,77
BasaltOre,915238,216824,4309,f,77
ScrapMetalPart,926919,205373,3177,f,77
FuelCellPart,928942,165744,2382,f,77
ScrapMetalWreckage,914310,205800,4001,f,77
ScrapMetalPart,911903,202244,3047,f,77
ScrapMetalPart,909819,216575,2808,f,77
ScrapMetalWreckage,929086,167304,2618,f,77
FuelCellPart,924646,211837,7159,f,77
BrittleBush,893242,168533,2998,f,77
ScrapMetalPart,927951,210666,2870,f,77
RhyolitePickup,925147,205970,3845,f,77
ScrapMetalPart,930986,167954,2302,f,77
BasaltPickup,922195,200932,7757,f,77
FuelCellWreckage,894848,163183,2581,f,77
AzuritePickup,924751,174288,2712,f,77
TitaniumPickup,908798,207281,6597,f,77
FuelCellWreckage,914164,209380,4498,f,77
ScrapMetalPart,923613,215670,5804,f,77
FuelCellPart,910020,216697,2804,f,77
ScrapMetalWreckage,927823,174349,2990,f,77
TitaniumOre,908821,207683,6722,f,77
ScrapMetalPart,916727,217882,2995,f,77
FuelCellWreckage,912982,217677,2883,f,77
FuelCellWreckage,927850,205473,2930,f,77
ScrapMetalPart,913490,196485,3223,f,77
FuelCellPart,916797,217403,3119,f,77
BrittleBush,892915,168696,3084,f,77
ScrapMetalWreckage,928349,208537,2882,f,77
RhyolitePickup,933061,169325,2187,f,77
AzuriteOre,922517,198334,7605,f,77
ScrapMetalPart,916235,218012,3031,f,77
AzuritePickup,926568,202410,2979,f,77
BrittleBush,916873,206587,4329,f,77
ScrapMetalWreckage,923475,215663,5798,f,77
BrittleBush,887768,211238,2749,f,77
StravidiumOre,917741,195964,2971,f,77
ScrapMetalWreckage,923001,211966,7127,f,77
ScrapMetalWreckage,913741,211486,5475,f,77
FuelCellPart,925152,175231,2697,f,77
FuelCellPart,911295,194025,3176,f,77
RhyolitePickup,915068,217718,3287,f,77
ScrapMetalPart,928576,167003,2655,f,77
ScrapMetalPart,922667,206963,4265,f,77
ScrapMetalWreckage,927100,205182,3092,f,77
ScrapMetalPart,912838,210516,5254,f,77
FuelCellPart,926762,204161,3058,f,77
BasaltOre,932380,168414,2016,f,77
FuelCellPart,931645,167015,1874,f,77
BrittleBush,897641,169738,2935,f,77
ScrapMetalPart,913908,211270,5460,f,77
ScrapMetalPart,925696,167582,2851,f,77
ScrapMetalPart,914620,201401,3477,f,77
BauxiteOre,922581,212927,7185,f,77
FuelCellPart,894699,163156,2612,f,77
ScrapMetalWreckage,925794,166662,2553,f,77
BrittleBush,921496,172718,3162,f,77
RhyolitePickup,918459,216360,3432,f,77
ScrapMetalPart,916116,196130,2922,f,77
ScrapMetalPart,927693,167220,2799,f,77
RhyoliteOre,922051,216976,6720,f,77
FuelCellPart,901662,166497,2415,f,77
ScrapMetalPart,918166,217120,3123,f,77
RhyolitePickup,914903,199538,3380,f,77
ScrapMetalPart,898842,168617,2727,f,77
RhyolitePickup,888399,216195,2355,f,77
RhyolitePickup,913701,209145,4541,f,77
AzuritePickup,926708,208711,4383,f,77
RhyolitePickup,926067,175679,2567,f,77
RhyolitePickup,923719,168710,2924,f,77
FuelCellPart,924983,174039,2739,f,77
ScrapMetalWreckage,915993,195893,2897,f,77
ScrapMetalPart,927813,174367,2981,f,77
ScrapMetalWreckage,919742,195577,3195,f,77
FuelCellPart,923509,169033,2989,f,77
TitaniumOre,916810,211284,5474,f,77
FuelCellPart,901761,167427,2367,f,77
ScrapMetalPart,919149,214446,3959,f,77
BrittleBush,919223,204478,6154,f,77
ScrapMetalPart,888484,215864,2320,f,77
FuelCellWreckage,910286,216664,2817,f,77
RhyolitePickup,922058,204990,5129,f,77
FuelCellPart,921048,206279,4408,f,77
AzuritePickup,918505,217226,3140,f,77
RhyolitePickup,913045,195267,2980,f,77
ScrapMetalPart,929271,167459,2620,f,77
FuelCellPart,913895,209441,4553,f,77
FuelCellPart,910601,212414,4744,f,77
ScrapMetalPart,926528,166758,2653,f,77
ScrapMetalPart,928356,168060,2943,f,77
BrittleBush,922334,169105,3162,f,77
ScrapMetalWreckage,911042,201501,3101,f,77
FuelCellPart,915746,198929,3518,f,77
StravidiumPickup,917460,195658,2887,f,77
ScrapMetalPart,928677,167462,2698,f,77
ScrapMetalWreckage,905374,207771,3194,f,77
ScrapMetalWreckage,911862,201975,3040,f,77
ScrapMetalWreckage,920068,217818,3251,f,77
ScrapMetalPart,928664,208269,2914,f,77
ScrapMetalPart,904531,213695,2848,f,77
FuelCellPart,912730,217769,2823,f,77
TitaniumPickup,925853,169901,4414,f,77
ScrapMetalPart,928187,208561,2928,f,77
BrittleBush,900735,164214,2657,f,77
ScrapMetalPart,912601,217988,2781,f,77
BrittleBush,925673,217629,3794,f,77
RhyolitePickup,924754,174729,2711,f,77
RhyolitePickup,893556,163736,2798,f,77
ScrapMetalWreckage,926385,209102,4491,f,77
FuelCellPart,927946,205294,2907,f,77
ScrapMetalPart,927882,207662,3047,f,77
ScrapMetalWreckage,904678,213472,2870,f,77
RhyolitePickup,914531,196855,3150,f,77
BasaltPickup,913464,213176,6478,f,77
ScrapMetalPart,925741,166919,2615,f,77
AzuritePickup,918397,210015,4477,f,77
ScrapMetalWreckage,913426,196709,3280,f,77
ScrapMetalWreckage,909968,211198,4377,f,77
FuelCellPart,897194,165083,2880,f,77
BrittleBush,893320,170856,3351,f,77
RhyoliteOre,909999,197921,4110,f,77
BasaltPickup,932632,168603,2130,f,77
RhyolitePickup,926042,202755,3055,f,77
RhyolitePickup,927868,211155,2934,f,77
ScrapMetalPart,902682,212281,3289,f,77
RhyolitePickup,895705,164139,2740,f,77
ScrapMetalPart,926223,176008,2560,f,77
ScrapMetalPart,910355,205538,3061,f,77
TitaniumPickup,916884,210880,5310,f,77
ScrapMetalWreckage,914036,210788,5461,f,77
BasaltOre,922237,200510,7774,f,77
ScrapMetalWreckage,916974,216153,3508,f,77
TitaniumOre,925359,170323,4901,f,77
ScrapMetalPart,898244,171075,2501,f,77
ScrapMetalPart,917178,216316,3428,f,77
BasaltOre,931229,-235532,4260,f,78
BasaltPickup,930908,-235687,4221,f,78
AzuritePickup,990754,-327839,2019,f,78
FuelCellWreckage,992087,-330834,1257,f,78
ScrapMetalPart,989645,-326627,2403,f,78
ScrapMetalPart,990362,-328689,1738,f,78
ScrapMetalPart,988244,-326134,2146,f,78
FuelCellPart,991452,-330628,1395,f,78
FuelCellWreckage,991391,-330823,1350,f,78
ScrapMetalWreckage,990235,-328073,1787,f,78
BrittleBush,984125,-322653,1951,f,78
BrittleBush,983999,-323164,1905,f,78
BasaltOre,986717,-322521,3268,f,78
RhyolitePickup,987861,-326799,2192,f,78
ScrapMetalPart,989667,-326907,2221,f,78
BrittleBush,984472,-322796,1866,f,78
BasaltPickup,986309,-322691,3459,f,78
RhyolitePickup,991501,-331321,1278,f,78
RhyolitePickup,990347,-333847,1250,f,78
ScrapMetalPart,990406,-327918,1841,f,78
FuelCellPart,991886,-331022,1246,f,78
BrittleBush,983278,-326888,1878,f,78
ScrapMetalWreckage,992274,-329780,1479,f,78
FuelCellPart,992142,-331415,1209,f,78
ScrapMetalPart,987373,-326193,2189,f,78
FuelCellPart,992224,-330559,1329,f,78
ScrapMetalPart,992411,-329552,1543,f,78
ScrapMetalPart,989718,-328793,1860,f,78
ScrapMetalWreckage,989755,-327161,2077,f,78
ScrapMetalPart,1002721,-377639,2711,f,78
StravidiumOre,1002734,-371052,5675,f,78
FuelCellPart,1006734,-375506,2514,f,78
AzuritePickup,997087,-369662,2488,f,78
RhyoliteOre,1006235,-375371,2619,f,78
ScrapMetalPart,1003887,-378838,2274,f,78
RhyolitePickup,998984,-368165,2292,f,78
BasaltPickup,1006464,-371814,2720,f,78
BrittleBush,1007399,-372330,2889,f,78
ScrapMetalPart,998877,-377050,2648,f,78
RhyolitePickup,1006179,-375709,2592,f,78
BrittleBush,1003585,-377269,2895,f,78
ScrapMetalPart,996233,-369234,2671,f,78
FuelCellPart,998211,-369463,2344,f,78
RhyolitePickup,997932,-375028,2590,f,78
BrittleBush,999443,-376249,2649,f,78
BrittleBush,999661,-371299,3044,f,78
ScrapMetalWreckage,1001185,-367374,2215,f,78
ScrapMetalPart,998423,-376898,2694,f,78
FuelCellPart,997866,-372067,2684,f,78
AzuritePickup,1005600,-373330,2916,f,78
AzuritePickup,997536,-369218,2443,f,78
ScrapMetalPart,998707,-376240,2514,f,78
FuelCellPart,1005884,-376354,2595,f,78
ScrapMetalPart,998530,-375207,2684,f,78
StravidiumPickup,1002847,-370648,5626,f,78
ScrapMetalWreckage,1004596,-367898,2841,f,78
BasaltOre,1006101,-372033,2780,f,78
ScrapMetalWreckage,998297,-375074,2666,f,78
ScrapMetalWreckage,998680,-376248,2448,f,78
ScrapMetalWreckage,1002575,-377416,2793,f,78
FuelCellPart,1005633,-376584,2651,f,78
BrittleBush,1000475,-373472,3803,f,78
BasaltPickup,1003353,-373692,4658,f,78
ScrapMetalWreckage,1005329,-377640,2453,f,78
FuelCellPart,998683,-375494,2644,f,78
BrittleBush,1005485,-372713,3002,f,78
FuelCellPart,997100,-369227,2507,f,78
BrittleBush,999375,-375724,2738,f,78
RhyolitePickup,1006721,-376019,2489,f,78
FuelCellPart,1004491,-378304,2381,f,78
FuelCellWreckage,998344,-369334,2309,f,78
BrittleBush,1000942,-367883,2274,f,78
BrittleBush,1006976,-375759,2534,f,78
ScrapMetalWreckage,998991,-377258,2694,f,78
RhyolitePickup,998944,-375916,2598,f,78
BasaltOre,1003293,-373623,4661,f,78
ScrapMetalPart,999721,-377684,2688,f,78
RhyolitePickup,997380,-372767,2570,f,78
ScrapMetalPart,998298,-375574,2534,f,78
RhyolitePickup,1005937,-373033,2811,f,78
ScrapMetalPart,1001412,-367325,2236,f,78
ScrapMetalPart,1002825,-378447,2388,f,78
ScrapMetalPart,998281,-370055,2396,f,78
ScrapMetalWreckage,996353,-369483,2627,f,78
FuelCellPart,999980,-373398,3783,f,78
FuelCellPart,986324,-400267,3706,f,78
FuelCellPart,981694,-403978,3660,f,78
AzuritePickup,991216,-402387,2732,f,78
ScrapMetalPart,988035,-398793,3172,f,78
ScrapMetalWreckage,1029669,-440407,2131,f,78
ScrapMetalPart,987925,-407267,3548,f,78
ScrapMetalWreckage,1026917,-441184,2298,f,78
BasaltPickup,989967,-408306,4442,f,78
ScrapMetalPart,989411,-411304,3162,f,78
ScrapMetalPart,1030251,-440449,2121,f,78
ScrapMetalWreckage,988302,-398846,3033,f,78
BrittleBush,985680,-400590,3954,f,78
BrittleBush,993600,-408565,4157,f,78
RhyolitePickup,984060,-406093,3194,f,78
ScrapMetalWreckage,1029414,-441676,2328,f,78
RhyolitePickup,1030431,-441024,2121,f,78
FuelCellPart,988422,-410185,3539,f,78
BrittleBush,1023013,-445917,2422,f,78
BauxiteOre,991346,-409265,4497,f,78
BrittleBush,1022961,-444867,2735,f,78
ScrapMetalPart,1027739,-440978,2246,f,78
BrittleBush,1026554,-443153,2672,f,78
BrittleBush,990558,-410594,3486,f,78
RhyolitePickup,1027954,-449073,1917,f,78
ScrapMetalPart,983185,-407422,2786,f,78
BrittleBush,992733,-407230,3745,f,78
FuelCellPart,989260,-402117,2750,f,78
ScrapMetalPart,1029147,-441657,2331,f,78
ScrapMetalWreckage,981263,-397315,3638,f,78
FuelCellPart,986188,-407802,3184,f,78
BasaltOre,987011,-404167,6211,f,78
FuelCellPart,1031342,-442056,2151,f,78
ScrapMetalPart,1032501,-441928,2218,f,78
ScrapMetalPart,1030901,-442351,2258,f,78
AzuritePickup,980809,-397452,3689,f,78
BauxitePickup,991377,-409144,4526,f,78
ScrapMetalWreckage,1027743,-440946,2225,f,78
BrittleBush,988753,-406828,3665,f,78
ScrapMetalPart,993776,-406869,3808,f,78
ScrapMetalWreckage,1032396,-442059,2134,f,78
BrittleBush,1033262,-446256,2014,f,78
BrittleBush,987623,-401538,3106,f,78
ScrapMetalPart,988816,-409079,4012,f,78
ScrapMetalPart,989707,-402193,2700,f,78
FuelCellPart,980662,-402593,3662,f,78
FuelCellPart,1028115,-440012,2361,f,78
BasaltOre,1027531,-448535,1862,f,78
ScrapMetalPart,1029269,-442515,2524,f,78
BasaltOre,990371,-408441,4408,f,78
ScrapMetalWreckage,989584,-411100,3240,f,78
ScrapMetalPart,1027080,-441400,2230,f,78
AzuritePickup,1027152,-441874,2306,f,78
AzuritePickup,1033133,-442990,2175,f,78
ScrapMetalWreckage,987245,-407519,3429,f,78
ScrapMetalPart,989564,-401608,2749,f,78
ScrapMetalPart,988319,-403801,2947,f,78
ScrapMetalPart,1029783,-440582,2144,f,78
ScrapMetalPart,987487,-407242,3416,f,78
ScrapMetalWreckage,1029203,-442354,2479,f,78
RhyolitePickup,986796,-407110,3285,f,78
ScrapMetalWreckage,989475,-401831,2744,f,78
RhyolitePickup,1028503,-440968,2252,f,78
FuelCellPart,1027865,-441465,2302,f,78
FuelCellPart,988653,-409856,3674,f,78
ScrapMetalPart,988012,-399813,3125,f,78
RhyolitePickup,1027561,-441665,2305,f,78
RhyolitePickup,981499,-405461,2903,f,78
AzuritePickup,1027588,-443486,2588,f,78
ScrapMetalPart,981017,-397424,3652,f,78
RhyoliteOre,984664,-405562,3286,f,78
FuelCellPart,1025546,-448253,2098,f,78
AzuritePickup,981551,-406499,2719,f,78
BrittleBush,983266,-404683,3548,f,78
ScrapMetalPart,989415,-412814,3098,f,78
ScrapMetalPart,993585,-405539,3471,f,78
ScrapMetalWreckage,979352,-401459,3486,f,78
RhyolitePickup,982673,-401774,4434,f,78
RhyolitePickup,987863,-406863,3459,f,78
ScrapMetalPart,982400,-399583,5104,f,78
ScrapMetalWreckage,989038,-409086,4071,f,78
FuelCellPart,1028558,-441888,2404,f,78
ScrapMetalPart,979353,-401485,3495,f,78
ScrapMetalPart,979969,-397639,3853,f,78
BrittleBush,990636,-411014,3446,f,78
RhyolitePickup,981041,-401471,4120,f,78
ScrapMetalPart,1029197,-441361,2281,f,78
BasaltPickup,1027512,-448564,1902,f,78
ScrapMetalWreckage,987753,-399828,3232,f,78
BasaltPickup,986611,-404239,6211,f,78
RhyolitePickup,981705,-402867,4030,f,78
ScrapMetalPart,986975,-407547,3386,f,78
StravidiumOre,1012791,-603855,2106,f,22
TitaniumOre,1052058,-574880,4720,f,22
StravidiumPickup,1013191,-604007,2261,f,22
TitaniumPickup,1054665,-576593,4038,f,22
TitaniumOre,1017446,-607585,3248,f,22
TitaniumPickup,1052204,-574483,4703,f,22
StravidiumPickup,1016977,-603440,4455,f,22
TitaniumOre,1054834,-576353,3927,f,22
StravidiumOre,1016954,-602987,4484,f,22
TitaniumPickup,1017183,-607359,3189,f,22
TitaniumOre,1014772,-611957,3252,f,22
TitaniumPickup,1014882,-611899,3281,f,22
StravidiumOre,535120,-993458,9076,f,49
TitaniumOre,538516,-988786,6067,f,50
ScrapMetalPart,540320,-989715,5875,f,50
StravidiumPickup,535475,-993207,9089,f,49
StravidiumOre,539935,-989573,5967,f,50
TitaniumPickup,543295,-985035,7704,f,50
TitaniumOre,543585,-984984,7736,f,50
TitaniumOre,514333,-1009072,6993,f,49
TitaniumPickup,519848,-1018725,3148,f,49
TitaniumOre,519589,-1018878,3136,f,49
StravidiumOre,512839,-1019960,10409,f,49
StravidiumPickup,515807,-1002603,6779,f,49
StravidiumOre,515651,-1002223,6720,f,49
StravidiumPickup,513201,-1019723,10515,f,49
StravidiumOre,517448,-1009204,7310,f,49
ScrapMetalPart,513923,-1009042,6933,f,49
StravidiumPickup,517180,-1008863,7381,f,49
TitaniumOre,503967,-1008805,4499,f,49
TitaniumPickup,503958,-1009215,4500,f,49
ScrapMetalPart,171744,-1036274,3418,f,54
TitaniumOre,201993,-1016329,3284,f,54
StravidiumPickup,179374,-1042048,3875,f,54
StravidiumOre,179585,-1041861,3938,f,54
StravidiumOre,202834,-1006298,4020,f,54
StravidiumPickup,203407,-1006613,3980,f,54
StravidiumOre,202961,-1007013,4077,f,54
TitaniumOre,202792,-1004038,3582,f,54
StravidiumPickup,203352,-1006151,3958,f,54
TitaniumPickup,202203,-1015959,3341,f,54
StravidiumOre,171614,-1036663,3397,f,54
TitaniumPickup,172829,-1045262,2861,f,54
TitaniumOre,173037,-1045723,2770,f,54
StravidiumOre,-207847,-1009418,1772,f,36
StravidiumPickup,-208104,-1009545,1701,f,36
StravidiumPickup,-205472,-1007032,2957,f,36
TitaniumPickup,-204526,-1012465,4810,f,36
TitaniumOre,-206408,-1010255,2106,f,36
StravidiumOre,-205567,-1006629,2913,f,36
TitaniumPickup,-206008,-1010407,2261,f,36
TitaniumOre,-204742,-1012731,4844,f,36
TitaniumPickup,-477053,-1026978,6561,f,24
TitaniumOre,-477122,-1026730,6574,f,24
StravidiumOre,-469672,-1036835,5202,f,24
StravidiumPickup,-470084,-1036883,5214,f,24
TitaniumOre,-517797,-1047034,2452,f,24
TitaniumPickup,-517642,-1047373,2371,f,24
TitaniumOre,-543974,-1029476,3062,f,24
TitaniumPickup,-543999,-1029960,3027,f,24
TitaniumPickup,-999979,-1017999,6132,f,44
TitaniumPickup,-1017029,-1010053,3073,f,44
TitaniumOre,-1004245,-1050017,1385,f,44
ScrapMetalPart,-1025244,-1028742,4202,f,44
TitaniumOre,-1018543,-1026736,3332,f,44
TitaniumPickup,-1003783,-1044452,1532,f,44
TitaniumOre,-996343,-1020403,2385,f,29
ScrapMetalPart,-1020239,-1025734,3888,f,44
TitaniumOre,-998424,-1052818,3549,f,44
TitaniumOre,-1028589,-1028297,3325,f,44
TitaniumOre,-1015764,-1019324,8967,f,44
TitaniumPickup,-1033116,-1022850,2531,f,44
TitaniumPickup,-1021084,-1030325,2284,f,44
TitaniumOre,-998017,-1057236,2990,f,29
TitaniumPickup,-1025908,-1034294,2264,f,44
TitaniumOre,-994499,-1018862,1798,f,29
TitaniumOre,-1003694,-1051487,1536,f,44
TitaniumPickup,-1024530,-1018558,5979,f,44
TitaniumOre,-1026601,-1016848,3838,f,44
TitaniumOre,-1012016,-1023241,6911,f,44
TitaniumOre,-1003539,-1044626,1541,f,44
TitaniumPickup,-1003335,-1048540,3098,f,44
TitaniumOre,-1012635,-1016180,9538,f,44
TitaniumPickup,-1012582,-1016587,9516,f,44
TitaniumOre,-1002965,-1052635,1793,f,44
TitaniumOre,-1022166,-1017160,6016,f,44
TitaniumPickup,-1004000,-1042743,1404,f,44
TitaniumPickup,-1024083,-1024618,4656,f,44
TitaniumOre,-993439,-1057367,1737,f,29
TitaniumPickup,-1010249,-1015762,9542,f,44
TitaniumOre,-1007052,-1051355,1415,f,44
TitaniumPickup,-997068,-1052385,2378,f,29
ScrapMetalPart,-1029791,-1023719,6026,f,44
TitaniumPickup,-1018371,-1027017,3355,f,44
TitaniumOre,-1002353,-1052500,2012,f,44
TitaniumOre,-1025931,-1030474,3673,f,44
TitaniumPickup,-1023501,-1021598,6111,f,44
ScrapMetalPart,-1015751,-1025193,5284,f,44
TitaniumOre,-1028518,-1026260,6074,f,44
TitaniumPickup,-1022627,-1018504,6129,f,44
TitaniumPickup,-998632,-1052515,3484,f,44
Cave,-1007578,-1018460,5456,t,44
ScrapMetalPart,-1034090,-1029850,1093,f,44
TitaniumOre,-1022255,-1018448,6108,f,44
TitaniumOre,-994938,-1056445,1982,f,29
TitaniumOre,-1033843,-1030021,1068,f,44
TitaniumOre,-1024467,-1024763,4598,f,44
TitaniumOre,-1010393,-1016183,9543,f,44
TitaniumOre,-1016097,-1024971,5297,f,44
TitaniumOre,-1030143,-1023559,6031,f,44
TitaniumPickup,-996772,-1060399,1906,f,29
TitaniumPickup,-1015707,-1019275,8906,f,44
TitaniumPickup,-1023482,-1018119,6009,f,44
TitaniumPickup,-1007082,-1050907,1520,f,44
TitaniumOre,-1002525,-1053901,1923,f,44
TitaniumPickup,-1000151,-1054380,3621,f,44
TitaniumPickup,-992537,-1017947,4450,f,29
TitaniumOre,-1034103,-1027245,1593,f,44
TitaniumOre,-1020459,-1025387,3896,f,44
TitaniumPickup,-1028575,-1028235,3363,f,44
TitaniumOre,-995513,-1014620,4362,f,29
TitaniumOre,-1020863,-1030666,2210,f,44
TitaniumPickup,-994119,-1058026,1722,f,29
TitaniumPickup,-1030701,-1026053,5976,f,44
TitaniumOre,-1003938,-1052921,1724,f,44
TitaniumOre,-1017638,-1014971,4002,f,44
TitaniumOre,-996702,-1052474,2353,f,29
TitaniumPickup,-996423,-1019096,2273,f,29
TitaniumOre,-996025,-1019176,2158,f,29
TitaniumOre,-1023220,-1021897,6040,f,44
TitaniumOre,-1024383,-1018430,5980,f,44
ScrapMetalPart,-1006496,-1028721,3129,f,44
TitaniumPickup,-1004134,-1050347,1430,f,44
TitaniumOre,-1016819,-1009900,3079,f,44
TitaniumPickup,-1002137,-1053785,2063,f,44
TitaniumPickup,-998388,-1057102,2985,f,44
TitaniumPickup,-1006253,-1033245,2991,f,44
ScrapMetalPart,-1018015,-1015135,4058,f,44
TitaniumPickup,-1026493,-1024473,6031,f,44
TitaniumOre,-1033182,-1022524,2572,f,44
TitaniumOre,-1019912,-1035454,1481,f,44
TitaniumOre,-1003709,-1048631,3118,f,44
TitaniumOre,-989768,-1014065,4092,f,29
TitaniumPickup,-999332,-1050269,1924,f,44
TitaniumOre,-1026702,-1024719,6006,f,44
ScrapMetalPart,-1028079,-1026197,6026,f,44
TitaniumOre,-1006092,-1028803,3041,f,44
TitaniumPickup,-994384,-1057615,1816,f,29
TitaniumOre,-992924,-1017765,4396,f,29
TitaniumPickup,-994356,-1019153,1765,f,29
ScrapMetalPart,-1021803,-1017349,6010,f,44
TitaniumPickup,-1034099,-1026834,1634,f,44
TitaniumPickup,-1026571,-1016439,3784,f,44
TitaniumOre,-1023467,-1017803,5974,f,44
TitaniumPickup,-994779,-1056692,1903,f,29
TitaniumPickup,-1013257,-1010949,5285,f,44
TitaniumPickup,-1002346,-1052924,1995,f,44
TitaniumOre,-994686,-1057869,1936,f,29
ScrapMetalPart,-995922,-1014585,4333,f,29
TitaniumOre,-1000146,-1053730,4108,f,44
TitaniumPickup,-996243,-1020781,2543,f,29
TitaniumOre,-1030455,-1026197,6030,f,44
TitaniumOre,-999723,-1050434,1981,f,44
TitaniumOre,-1013638,-1045514,1360,f,44
TitaniumPickup,-1002846,-1053043,1785,f,44
TitaniumOre,-1024976,-1028432,4211,f,44
TitaniumOre,-1000051,-1018197,5668,f,44
TitaniumOre,-1025860,-1034017,2221,f,44
TitaniumPickup,-1020193,-1035154,1467,f,44
TitaniumOre,-1006085,-1033579,2968,f,44
ScrapMetalPart,-1025668,-1030158,3766,f,44
TitaniumPickup,-1011960,-1023686,7000,f,44
TitaniumOre,-993754,-1058243,1603,f,29
TitaniumPickup,-1052328,-1015548,1548,f,44
TitaniumPickup,-1044543,-1008706,3627,f,44
TitaniumPickup,-1045004,-1021961,1087,f,44
ScrapMetalPart,-1040416,-1025584,1448,f,44
TitaniumOre,-1046928,-1014733,1621,f,44
ScrapMetalPart,-1035510,-1020250,3673,f,44
TitaniumPickup,-1046236,-1007276,453,f,44
TitaniumOre,-1050660,-1019882,1158,f,44
TitaniumPickup,-1042965,-1031122,1137,f,44
TitaniumOre,-1045082,-1005787,1455,f,44
TitaniumOre,-1044665,-1026203,1415,f,44
TitaniumOre,-1051541,-1021396,1015,f,44
TitaniumPickup,-1044112,-1010803,444,f,44
TitaniumPickup,-1038198,-1025239,1182,f,44
TitaniumOre,-1051024,-1018417,2831,f,44
TitaniumOre,-1047858,-1011261,714,f,44
TitaniumOre,-1042672,-1006075,3938,f,44
TitaniumOre,-1046437,-1027822,1366,f,44
TitaniumOre,-1046079,-1006898,438,f,44
TitaniumPickup,-1042272,-1028112,7466,f,44
ScrapMetalPart,-1043377,-1007786,3748,f,44
TitaniumOre,-1042016,-1027792,7454,f,44
TitaniumOre,-1050387,-1020715,1155,f,44
ScrapMetalPart,-1047144,-1015096,1603,f,44
TitaniumPickup,-1047634,-1017931,1308,f,44
TitaniumOre,-1051610,-1015771,1570,f,44
TitaniumPickup,-1050577,-1020358,1148,f,44
TitaniumPickup,-1047999,-1011661,743,f,44
TitaniumOre,-1052210,-1015156,1520,f,44
TitaniumOre,-1047795,-1013484,2190,f,44
TitaniumPickup,-1046728,-1025669,1283,f,44
TitaniumOre,-1043821,-1022785,1091,f,44
TitaniumPickup,-1051913,-1015924,1516,f,44
TitaniumOre,-1047893,-1017755,1344,f,44
TitaniumOre,-1044534,-1008805,3672,f,44
TitaniumPickup,-1050850,-1020261,1133,f,44
TitaniumPickup,-1044873,-1005497,1424,f,44
TitaniumOre,-1047859,-1024540,1246,f,44
TitaniumPickup,-1047478,-1024693,1261,f,44
TitaniumOre,-1046964,-1025333,1276,f,44
ScrapMetalPart,-1044122,-1022544,1147,f,44
TitaniumOre,-1042906,-1031666,1048,f,44
TitaniumPickup,-1045858,-1026665,1280,f,44
TitaniumOre,-1046506,-1007977,489,f,44
TitaniumOre,-1045811,-1026659,1257,f,44
TitaniumOre,-1044140,-1010464,427,f,44
TitaniumPickup,-1044346,-1026015,1425,f,44
TitaniumOre,-1045519,-1027442,1387,f,44
TitaniumOre,-1040437,-1025583,1407,f,44
ScrapMetalPart,-1047874,-1013832,2150,f,44
TitaniumOre,-1043723,-1007934,3705,f,44
TitaniumOre,-1044636,-1022178,1077,f,44
TitaniumPickup,-1045227,-1027205,1409,f,44
TitaniumPickup,-1046318,-1008342,490,f,44
TitaniumOre,-1035464,-1020382,3710,f,44
TitaniumPickup,-1050386,-1018293,2343,f,44
TitaniumPickup,-1046847,-1027801,1404,f,44
TitaniumOre,-1038016,-1025545,1182,f,44
Cave,-1040601,-1006613,2571,t,44
MagnetiteOre,-831752,-24170,3505,f,81
BrittleBush,-830562,-26940,2861,f,81
ScrapMetalWreckage,-833853,-22993,1873,f,81
BrittleBush,-833565,-23515,1825,f,81
MagnetitePickup,-833760,-25312,2092,f,81
MagnetitePickup,-832356,-24408,3018,f,81
ScrapMetalPart,-834126,-23036,1922,f,81
ScrapMetalPart,-832407,-21965,1639,f,81
RhyolitePickup,-832455,-23201,1769,f,81
ScrapMetalPart,-621925,67017,1372,f,18
ScrapMetalWreckage,-625712,64122,1154,f,18
BasaltOre,-623308,73029,1348,f,18
FuelCellPart,-629706,69814,1352,f,18
FuelCellPart,-628904,70166,1236,f,18
FuelCellPart,-627345,73442,1322,f,18
ScrapMetalPart,-626219,65481,1356,f,18
FuelCellWreckage,-627525,73439,1343,f,18
TitaniumPickup,-629843,65525,1062,f,18
FuelCellPart,-623825,67015,1820,f,18
RhyolitePickup,-628176,71254,1343,f,18
ScrapMetalPart,-622460,65884,1226,f,18
ScrapMetalPart,-625844,65389,1320,f,18
AzuritePickup,-621372,67867,1271,f,18
TitaniumOre,-630115,65192,1077,f,18
ScrapMetalPart,-626818,73733,1315,f,18
BrittleBush,-626945,64004,1045,f,18
FuelCellPart,-629202,70490,1312,f,18
ScrapMetalPart,-621511,68544,1392,f,18
ScrapMetalWreckage,-622092,65656,1313,f,18
ScrapMetalWreckage,-626316,72930,1350,f,18
StravidiumOre,-629063,67938,1347,f,18
ScrapMetalPart,-629004,72427,1452,f,18
ScrapMetalWreckage,-621926,67022,1367,f,18
FuelCellPart,-629157,68275,1322,f,18
RhyolitePickup,-629313,69765,1276,f,18
ScrapMetalWreckage,-626969,73811,1342,f,18
BasaltPickup,-623070,73200,1270,f,18
ScrapMetalPart,-626579,72877,1369,f,18
StravidiumPickup,-629247,68320,1290,f,18
ScrapMetalPart,-622725,66224,1373,f,18
ScrapMetalPart,-625507,64013,1191,f,18
ScrapMetalPart,-621665,65055,1577,f,18
ScrapMetalPart,-595348,88724,741,f,16
ScrapMetalPart,-308462,119910,723,f,31
ScrapMetalWreckage,-308773,108537,3810,f,31
BasaltOre,-308557,117433,2167,f,31
RhyolitePickup,-308680,113640,3265,f,31
ScrapMetalPart,-317606,113615,891,f,31
ScrapMetalPart,-315706,117153,651,f,31
BasaltPickup,-308210,117479,2176,f,31
RhyolitePickup,-313081,118309,598,f,31
FuelCellPart,-310737,119805,457,f,31
FuelCellWreckage,-316424,117355,453,f,31
ScrapMetalWreckage,-317611,112853,848,f,31
ScrapMetalPart,-306420,113129,5419,f,31
FuelCellPart,-317585,113334,886,f,31
RhyoliteOre,-307063,114620,5488,f,31
ScrapMetalPart,-316100,117818,424,f,31
BrittleBush,-314025,113686,1983,f,31
FuelCellPart,-317075,112198,941,f,31
AzuriteOre,-305343,118537,2411,f,31
FuelCellPart,-310252,119185,589,f,31
StravidiumPickup,-305404,119979,1048,f,31
ScrapMetalWreckage,-319365,112484,546,f,31
FuelCellPart,-316176,117261,513,f,31
ScrapMetalPart,-315167,108738,1522,f,31
BrittleBush,-316951,111532,951,f,31
ScrapMetalWreckage,-318601,113386,655,f,31
ScrapMetalPart,-308989,108710,3833,f,31
ScrapMetalPart,-317706,112750,816,f,31
RhyolitePickup,-309938,117449,1068,f,31
ScrapMetalPart,-310253,115908,1545,f,31
RhyolitePickup,-307177,114192,5440,f,31
BasaltPickup,-314512,108097,1748,f,31
ScrapMetalWreckage,-317599,113792,897,f,31
ScrapMetalPart,-315588,114506,1618,f,31
FuelCellWreckage,-316818,112234,1026,f,31
StravidiumOre,-305780,120144,1006,f,31
ScrapMetalWreckage,-310261,116170,1448,f,31
AzuritePickup,-316368,116795,556,f,31
RhyolitePickup,-311060,116976,1088,f,31
ScrapMetalPart,-318554,113121,653,f,31
ScrapMetalPart,-308254,113674,3309,f,31
ScrapMetalWreckage,-315463,117042,735,f,31
ScrapMetalPart,-319467,112731,531,f,31
ScrapMetalPart,-274222,121012,1603,f,31
RhyolitePickup,-273047,119542,1504,f,31
ScrapMetalPart,-275056,122594,1841,f,31
ScrapMetalPart,-276583,121636,1619,f,31
FuelCellPart,-275243,122993,1897,f,31
ScrapMetalWreckage,-275637,120740,1533,f,31
AzuritePickup,-273162,119925,1423,f,31
ScrapMetalWreckage,-274785,122546,1834,f,31
RhyolitePickup,-270064,123218,1369,f,31
ScrapMetalPart,-275579,120673,1528,f,31
ScrapMetalWreckage,-270957,127322,927,f,31
BrittleBush,-269762,123285,1421,f,31
ScrapMetalPart,-278143,122714,1460,f,31
ScrapMetalPart,-271071,127187,958,f,31
ScrapMetalWreckage,-274345,121211,1621,f,31
ScrapMetalPart,-273984,120850,1605,f,31
BrittleBush,-273300,121622,1922,f,31
BrittleBush,-273219,120922,1740,f,31
BrittleBush,-278468,124971,1831,f,31
ScrapMetalPart,-241739,173200,2828,f,31
ScrapMetalPart,-230912,176696,2833,f,31
TitaniumPickup,-237589,175296,4792,f,31
BrittleBush,-226561,166830,3382,f,31
BasaltPickup,-232214,165062,9386,f,31
TitaniumPickup,-243022,166795,3014,f,31
FuelCellPart,-242498,166120,3207,f,31
AzuritePickup,-231309,178840,2856,f,31
ScrapMetalWreckage,-236988,177891,5385,f,31
ScrapMetalWreckage,-227652,174692,4088,f,31
FuelCellPart,-233167,175116,3021,f,31
ScrapMetalWreckage,-239020,180718,4175,f,31
RhyolitePickup,-236148,176336,4752,f,31
StravidiumOre,-232542,159596,3417,f,31
ScrapMetalWreckage,-239333,174817,3736,f,31
RhyolitePickup,-235236,176253,4581,f,31
BauxiteOre,-226814,177338,3938,f,31
BrittleBush,-232585,170128,2600,f,31
FuelCellPart,-237159,177276,5158,f,31
ScrapMetalPart,-230768,179024,2887,f,31
ScrapMetalPart,-236788,176850,5019,f,31
ScrapMetalPart,-237463,177288,5116,f,31
AzuriteOre,-234622,165413,9329,f,31
StravidiumPickup,-232669,159986,3342,f,31
BasaltOre,-236895,175649,4860,f,31
BasaltOre,-231877,165095,9357,f,31
RhyolitePickup,-231160,178096,2865,f,31
ScrapMetalPart,-232127,177580,3019,f,31
ScrapMetalPart,-239037,180989,4129,f,31
TitaniumOre,-243336,167081,2909,f,31
ScrapMetalWreckage,-241691,173326,2828,f,31
ScrapMetalWreckage,-230570,178847,2895,f,31
ScrapMetalWreckage,-237021,174490,4620,f,31
ScrapMetalWreckage,-236673,176614,4933,f,31
AzuritePickup,-235060,165268,9236,f,31
FuelCellPart,-237930,183730,2800,f,31
ScrapMetalPart,-227564,174439,4066,f,31
FuelCellPart,-238563,176879,4876,f,31
BrittleBush,-231971,171126,2509,f,31
TitaniumOre,-237524,174892,4671,f,31
ScrapMetalPart,-236821,177677,5351,f,31
ScrapMetalWreckage,-237608,177513,5142,f,31
RhyolitePickup,-232048,170575,2513,f,31
ScrapMetalPart,-242471,172986,2739,f,31
ScrapMetalPart,-244373,167197,2654,f,31
RhyolitePickup,-230583,176965,2728,f,31
RhyolitePickup,-229401,177768,2802,f,31
BauxitePickup,-227025,177151,3875,f,31
ScrapMetalPart,-235220,170672,2802,f,31
BasaltPickup,-237218,175397,4824,f,31
RhyolitePickup,-114854,194497,2371,f,32
ScrapMetalPart,-105752,209046,4598,f,32
ScrapMetalPart,-105347,193138,7258,f,32
FuelCellPart,-106340,230376,935,f,32
ScrapMetalWreckage,-92596,214734,4992,f,32
FuelCellPart,-118572,194211,991,f,32
ScrapMetalPart,-101342,223653,902,f,32
FuelCellPart,-116230,194143,2200,f,32
AzuritePickup,-117899,210945,1716,f,32
FuelCellPart,-113021,174916,1413,f,32
TitaniumOre,-99812,196902,8368,f,32
RhyolitePickup,-103647,213335,5421,f,32
FuelCellPart,-137617,196765,1747,f,32
BrittleBush,-110571,215186,2497,f,32
FuelCellPart,-92842,187443,1249,f,32
RhyolitePickup,-101010,189096,3838,f,32
ScrapMetalPart,-113465,219618,863,f,32
ScrapMetalPart,-97719,184393,632,f,32
FuelCellPart,-90097,206307,5688,f,32
ScrapMetalPart,-118020,201564,1137,f,32
ScrapMetalPart,-115619,204326,1573,f,32
BasaltOre,-109051,214244,5135,f,32
AzuritePickup,-116692,218140,2032,f,32
FuelCellPart,-107733,182316,581,f,32
FuelCellPart,-115025,173268,1298,f,32
FuelCellPart,-89258,200889,4374,f,32
FuelCellPart,-110621,219312,814,f,32
ScrapMetalWreckage,-96543,217685,6304,f,32
AzuritePickup,-105633,193168,7270,f,32
AzuritePickup,-114301,189953,3408,f,32
AzuritePickup,-112457,204866,2327,f,32
ScrapMetalPart,-106294,197860,5736,f,32
FuelCellWreckage,-110388,219320,813,f,32
BasaltPickup,-104839,211173,5539,f,32
ScrapMetalPart,-107650,198191,5336,f,32
ScrapMetalPart,-92548,214507,5000,f,32
ScrapMetalPart,-105155,219859,1003,f,32
AzuritePickup,-120048,198794,770,f,32
ScrapMetalPart,-114275,212193,1687,f,32
RhyolitePickup,-95778,194466,3779,f,32
ScrapMetalWreckage,-113363,175869,1248,f,32
FuelCellPart,-110363,200483,4008,f,32
ScrapMetalPart,-91216,190141,3098,f,32
RhyolitePickup,-100425,214420,5756,f,32
ScrapMetalPart,-97167,190127,3193,f,32
ScrapMetalPart,-115216,212326,1549,f,32
FuelCellPart,-113491,184819,1037,f,32
ScrapMetalWreckage,-103963,219346,1444,f,32
RhyolitePickup,-102992,198959,8138,f,32
FuelCellPart,-115830,170450,1366,f,32
ScrapMetalWreckage,-113173,174356,1608,f,32
BrittleBush,-117240,169942,784,f,32
ScrapMetalWreckage,-89616,200307,4426,f,32
AzuriteOre,-105972,201758,6149,f,32
ScrapMetalPart,-94233,204448,7622,f,32
ScrapMetalPart,-113758,175519,1222,f,32
ScrapMetalPart,-96528,217952,6282,f,32
RhyolitePickup,-111167,215173,2559,f,32
FuelCellPart,-117837,192743,1083,f,32
ScrapMetalWreckage,-111839,212884,2828,f,32
ScrapMetalPart,-90554,197554,5147,f,32
ScrapMetalPart,-97850,210573,6562,f,32
AzuriteOre,-116283,218166,2045,f,32
ScrapMetalPart,-101864,185408,1409,f,32
ScrapMetalWreckage,-88487,188661,1219,f,32
ScrapMetalPart,-115373,174238,1165,f,32
ScrapMetalPart,-111507,198151,4223,f,32
ScrapMetalPart,-98021,197686,7359,f,32
TitaniumOre,-112036,196054,3919,f,32
AzuritePickup,-104792,221038,785,f,32
AzuritePickup,-105075,220695,815,f,32
FuelCellPart,-100264,192946,5993,f,32
RhyolitePickup,-88972,197106,5364,f,32
ScrapMetalWreckage,-119588,209333,735,f,32
BrittleBush,-94182,199894,6121,f,32
ScrapMetalWreckage,-91432,190222,3075,f,32
ScrapMetalPart,-136013,195139,1763,f,32
ScrapMetalWreckage,-114550,199792,3349,f,32
ScrapMetalWreckage,-105394,219879,953,f,32
ScrapMetalPart,-106821,233001,1291,f,32
AzuritePickup,-105623,201851,6249,f,32
ScrapMetalPart,-107086,220710,789,f,32
ScrapMetalWreckage,-103332,229926,1219,f,32
ScrapMetalPart,-118831,201808,1021,f,32
ScrapMetalWreckage,-101335,223390,973,f,32
RhyolitePickup,-104255,189454,4382,f,32
RhyolitePickup,-93882,207895,6923,f,32
RhyolitePickup,-91229,196035,5414,f,32
RhyolitePickup,-137004,194402,1696,f,32
ScrapMetalWreckage,-93700,212647,5077,f,32
ScrapMetalPart,-112107,212918,2819,f,32
ScrapMetalPart,-94631,192532,3490,f,32
ScrapMetalPart,-98951,186486,4880,f,32
ScrapMetalWreckage,-115554,174855,1277,f,32
BrittleBush,-98539,191596,3670,f,32
AzuritePickup,-101838,206877,5960,f,32
ScrapMetalPart,-118420,202650,1151,f,32
BrittleBush,-140999,200111,1436,f,32
ScrapMetalWreckage,-106613,198837,6025,f,32
BauxiteOre,-103822,195767,8111,f,32
RhyolitePickup,-137179,192513,1743,f,32
ScrapMetalPart,-113350,203920,2306,f,32
FuelCellPart,-108877,183365,728,f,32
AzuritePickup,-98353,203776,7020,f,32
ScrapMetalPart,-113968,209872,2103,f,32
FuelCellWreckage,-103857,221509,840,f,32
ScrapMetalPart,-96891,209028,6879,f,32
BasaltOre,-105215,211214,5431,f,32
FuelCellPart,-116021,204323,1464,f,32
ScrapMetalPart,-97962,212581,6031,f,32
ScrapMetalWreckage,-95826,213687,5484,f,32
FuelCellPart,-95678,209913,6422,f,32
AzuriteOre,-114245,190392,3385,f,32
FuelCellPart,-95387,185777,1596,f,32
FuelCellPart,-115203,200634,2696,f,32
FuelCellPart,-115909,171947,1123,f,32
FuelCellWreckage,-113499,209949,2240,f,32
FuelCellWreckage,-93879,200502,6014,f,32
ScrapMetalWreckage,-114125,209657,2076,f,32
ScrapMetalPart,-114692,199791,3355,f,32
ScrapMetalPart,-110696,219574,729,f,32
FuelCellPart,-93580,215875,5219,f,32
BasaltPickup,-112784,213613,2736,f,32
ScrapMetalWreckage,-116470,204479,1374,f,32
ScrapMetalPart,-105939,229768,845,f,32
ScrapMetalWreckage,-98087,210687,6487,f,32
ScrapMetalWreckage,-106844,220596,800,f,32
BasaltOre,-98805,216650,7077,f,32
ScrapMetalPart,-110137,220132,672,f,32
ScrapMetalWreckage,-113330,203918,2310,f,32
ScrapMetalPart,-101762,206136,6239,f,32
ScrapMetalPart,-97177,196757,7025,f,32
BrittleBush,-99472,193980,6165,f,32
ScrapMetalWreckage,-97561,184607,692,f,32
ScrapMetalWreckage,-111528,197066,4069,f,32
ScrapMetalPart,-97799,216334,7128,f,32
ScrapMetalPart,-115465,174590,1227,f,32
ScrapMetalPart,-97461,207479,6754,f,32
ScrapMetalWreckage,-138678,195523,1910,f,32
ScrapMetalPart,-110245,183985,858,f,32
ScrapMetalPart,-136824,194041,1640,f,32
ScrapMetalWreckage,-105393,228599,685,f,32
ScrapMetalWreckage,-102750,207913,5476,f,32
ScrapMetalWreckage,-99418,214031,5836,f,32
RhyolitePickup,-93256,212215,4896,f,32
AzuritePickup,-94544,208081,6935,f,32
RhyolitePickup,-92779,215696,4999,f,32
BauxitePickup,-106957,191636,8290,f,32
ScrapMetalPart,-108092,182897,660,f,32
FuelCellWreckage,-137731,196561,1697,f,32
RhyolitePickup,-110896,185078,1029,f,32
ScrapMetalWreckage,-97876,212497,6065,f,32
ScrapMetalPart,-119347,202300,994,f,32
BrittleBush,-117226,199543,1191,f,32
BasaltPickup,-108903,213862,5105,f,32
BrittleBush,-93704,210180,5772,f,32
FuelCellPart,-104765,230872,1249,f,32
ScrapMetalWreckage,-105917,229531,797,f,32
BauxitePickup,-103533,196058,8175,f,32
ScrapMetalPart,-88600,188400,1192,f,32
ScrapMetalPart,-99694,214041,5860,f,32
ScrapMetalWreckage,-90370,197629,5089,f,32
ScrapMetalWreckage,-105405,229945,1005,f,32
BrittleBush,-103091,218926,1781,f,32
ScrapMetalPart,-99483,196794,8337,f,32
ScrapMetalPart,-97435,206320,6884,f,32
FuelCellPart,-115857,203990,1571,f,32
AzuritePickup,-109534,199481,4421,f,32
FuelCellPart,-92359,215118,4918,f,32
ScrapMetalPart,-113192,174363,1599,f,32
FuelCellPart,-112888,201858,3021,f,32
ScrapMetalWreckage,-112481,217882,1697,f,32
ScrapMetalWreckage,-114351,210309,1991,f,32
BasaltPickup,-97935,200700,8216,f,32
ScrapMetalWreckage,-111667,198115,4168,f,32
ScrapMetalPart,-111736,219929,623,f,32
FuelCellPart,-112153,205003,2444,f,32
FuelCellPart,-98542,202899,7044,f,32
FuelCellPart,-92703,212599,4913,f,32
FuelCellWreckage,-112755,174955,1395,f,32
ScrapMetalWreckage,-111540,219937,558,f,32
ScrapMetalPart,-138588,195264,1917,f,32
RhyolitePickup,-97772,210034,6627,f,32
BrittleBush,-100542,219089,2744,f,32
ScrapMetalPart,-96228,215363,5540,f,32
FuelCellPart,-120287,209365,548,f,32
ScrapMetalWreckage,-101896,206360,6135,f,32
ScrapMetalPart,-113804,172767,1789,f,32
BrittleBush,-108571,201344,4861,f,32
FuelCellPart,-116396,171686,1014,f,32
BrittleBush,-110541,206776,3118,f,32
ScrapMetalPart,-112318,217844,1714,f,32
AzuritePickup,-103060,220855,1142,f,32
BasaltOre,-97777,200321,8226,f,32
RhyolitePickup,-103601,221790,831,f,32
ScrapMetalWreckage,-118184,201700,1113,f,32
FuelCellPart,-97876,209354,6610,f,32
ScrapMetalPart,-119435,209553,762,f,32
ScrapMetalWreckage,-119135,202465,1038,f,32
AzuritePickup,-95964,210115,6482,f,32
ScrapMetalPart,-102541,203519,6729,f,32
BrittleBush,-110647,200321,3932,f,32
ScrapMetalPart,-93886,212451,5111,f,32
TitaniumOre,-111282,191540,5270,f,32
BrittleBush,-89587,203744,4398,f,32
ScrapMetalPart,-112354,196030,3885,f,32
BasaltPickup,-108274,186744,4357,f,32
FuelCellPart,-97261,205914,7023,f,32
ScrapMetalPart,-116391,204229,1460,f,32
ScrapMetalWreckage,-107397,198098,5413,f,32
FuelCellPart,-113593,200949,3023,f,32
ScrapMetalPart,-114715,212794,1552,f,32
BrittleBush,-102586,218314,1984,f,32
RhyolitePickup,-116181,196576,2045,f,32
ScrapMetalPart,-106691,229226,780,f,32
ScrapMetalPart,-100845,200503,6786,f,32
ScrapMetalPart,-111270,191601,5247,f,32
RhyolitePickup,-98292,222163,2611,f,32
FuelCellPart,-106753,215616,5101,f,32
ScrapMetalPart,-94471,210752,5840,f,32
BrittleBush,-100725,193086,6027,f,32
ScrapMetalPart,-115762,172665,1094,f,32
ScrapMetalPart,-104577,228678,873,f,32
ScrapMetalPart,-106603,198700,6009,f,32
ScrapMetalWreckage,-108295,183008,675,f,32
FuelCellPart,-113283,210112,2298,f,32
ScrapMetalPart,-111933,213249,2788,f,32
ScrapMetalWreckage,-105172,193338,7254,f,32
StravidiumOre,-113716,173133,1764,f,32
BrittleBush,-92472,210989,4889,f,32
AzuritePickup,-90021,203525,4485,f,32
ScrapMetalPart,-138843,194905,1973,f,32
ScrapMetalPart,-94944,184649,1149,f,32
ScrapMetalWreckage,-106338,198129,5813,f,32
RhyolitePickup,-98085,194970,5887,f,32
BrittleBush,-102640,215800,4280,f,32
FuelCellWreckage,-97847,209082,6619,f,32
ScrapMetalWreckage,-101653,185245,1353,f,32
BrittleBush,-105525,196201,5692,f,32
BrittleBush,-139154,193938,2198,f,32
RhyoliteOre,-88561,197107,5243,f,32
ScrapMetalPart,-89362,200247,4331,f,32
TitaniumPickup,-105200,187188,4650,f,32
RhyolitePickup,-120040,212545,730,f,32
ScrapMetalPart,-102495,207911,5555,f,32
ScrapMetalWreckage,-96680,209064,6881,f,32
ScrapMetalPart,-115885,213051,1348,f,32
ScrapMetalWreckage,-103371,220719,1122,f,32
ScrapMetalPart,-90558,199086,4709,f,32
BauxiteOre,-107282,191391,8264,f,32
RhyolitePickup,-92375,187327,1189,f,32
ScrapMetalWreckage,-115180,212324,1544,f,32
FuelCellPart,-103842,221513,847,f,32
RhyoliteOre,-102561,199021,8079,f,32
ScrapMetalWreckage,-115148,213082,1425,f,32
ScrapMetalWreckage,-113937,175525,1237,f,32
ScrapMetalWreckage,-110287,220226,620,f,32
ScrapMetalWreckage,-118836,201804,1017,f,32
ScrapMetalWreckage,-106454,229105,749,f,32
FuelCellPart,-111413,194589,3988,f,32
ScrapMetalPart,-105057,220098,964,f,32
RhyolitePickup,-120477,209074,517,f,32
ScrapMetalPart,-105417,229927,1004,f,32
ScrapMetalWreckage,-115609,204311,1582,f,32
BasaltOre,-107899,186769,4398,f,32
AzuritePickup,-97751,203128,7144,f,32
FuelCellWreckage,-113473,200699,3108,f,32
ScrapMetalWreckage,-105633,208815,4676,f,32
FuelCellWreckage,-111130,194191,4096,f,32
ScrapMetalPart,-113216,175783,1233,f,32
ScrapMetalPart,-105243,228377,656,f,32
FuelCellPart,-97400,183714,478,f,32
ScrapMetalPart,-112334,183357,915,f,32
RhyoliteOre,-114485,194317,2409,f,32
FuelCellPart,-117160,209722,1774,f,32
StravidiumOre,-97948,216120,7089,f,32
ScrapMetalWreckage,-97030,196896,6982,f,32
BasaltOre,-112864,214015,2748,f,32
ScrapMetalWreckage,-112124,183523,848,f,32
AzuritePickup,-103058,184092,1032,f,32
ScrapMetalPart,-103347,229932,1226,f,32
RhyolitePickup,-108471,183410,731,f,32
RhyolitePickup,-113496,194248,2464,f,32
FuelCellPart,-111352,194324,4015,f,32
BasaltPickup,-98600,216463,7086,f,32
ScrapMetalPart,-95592,213521,5458,f,32
ScrapMetalPart,-114977,212876,1488,f,32
BrittleBush,-91085,203124,4672,f,32
ScrapMetalPart,-112933,184935,875,f,32
ScrapMetalPart,-103235,220491,1214,f,32
ScrapMetalPart,-114238,210398,2009,f,32
AzuritePickup,-141577,199310,1433,f,32
ScrapMetalWreckage,-94702,192336,3441,f,32
FuelCellPart,-93885,200234,6041,f,32
FuelCellPart,-90873,205404,5798,f,32
ScrapMetalPart,-89796,197177,5151,f,32
FuelCellPart,-106327,200768,5994,f,32
ScrapMetalWreckage,-110099,183994,885,f,32
TitaniumOre,-105582,186969,4674,f,32
BrittleBush,-97772,186077,1257,f,32
BrittleBush,-116011,165889,819,f,32
ScrapMetalWreckage,-96941,190293,3219,f,32
StravidiumOre,-98732,186138,4961,f,32
FuelCellWreckage,-106082,230300,920,f,32
FuelCellPart,-112639,185137,777,f,32
FuelCellPart,-112811,199145,3936,f,32
RhyolitePickup,-109241,184068,930,f,32
FuelCellPart,-98037,206540,6806,f,32
ScrapMetalPart,-105477,219565,1021,f,32
TitaniumPickup,91663,185923,1699,f,33
ScrapMetalPart,95145,230438,1017,f,33
ScrapMetalWreckage,83498,194431,1816,f,33
BrittleBush,84510,228806,2154,f,33
BrittleBush,87342,225481,1731,f,33
ScrapMetalPart,105606,183601,1229,f,33
ScrapMetalWreckage,98868,228275,951,f,33
AzuritePickup,83315,219114,960,f,33
RhyolitePickup,99439,185197,1687,f,33
ScrapMetalPart,75974,216089,1419,f,32
ScrapMetalPart,85427,210418,1528,f,33
ScrapMetalPart,85034,184679,1670,f,33
ScrapMetalPart,75907,221901,1246,f,32
BrittleBush,104380,212596,3285,f,33
ScrapMetalPart,101123,202914,5472,f,33
ScrapMetalPart,88609,225182,1341,f,33
AzuritePickup,112349,194676,1366,f,33
FuelCellPart,85125,210203,1572,f,33
ScrapMetalPart,101638,205249,5515,f,33
FuelCellWreckage,74253,220814,1165,f,32
BrittleBush,79986,225750,1548,f,32
BasaltOre,101165,191986,5154,f,33
BrittleBush,100458,201806,5489,f,33
FuelCellPart,108879,205788,5707,f,33
AzuritePickup,111082,206394,5677,f,33
AzuriteOre,86359,207853,1624,f,33
AzuritePickup,89152,226038,1241,f,33
ScrapMetalWreckage,102124,196630,5066,f,33
StravidiumPickup,91696,208428,7309,f,33
RhyolitePickup,90052,204176,7254,f,33
ScrapMetalWreckage,90495,204452,7224,f,33
ScrapMetalPart,110839,213633,-1245,f,0
BrittleBush,108728,195028,1476,f,33
FuelCellWreckage,106315,208989,5840,f,0
BrittleBush,85629,224010,1464,f,33
FuelCellPart,73653,219227,1107,f,32
ScrapMetalPart,74536,216215,1283,f,32
ScrapMetalPart,87410,223613,1157,f,33
BrittleBush,108805,214657,5051,f,33
FuelCellPart,98472,227029,771,f,33
RhyolitePickup,85039,199980,1672,f,33
ScrapMetalPart,94432,187056,1643,f,33
FuelCellPart,75415,217380,1291,f,32
FuelCellPart,99561,193746,5037,f,33
FuelCellPart,83427,191336,1806,f,33
ScrapMetalPart,89513,201743,6660,f,33
RhyolitePickup,82686,217609,1009,f,33
ScrapMetalWreckage,94367,208665,7313,f,33
FuelCellPart,74441,220740,1152,f,32
ScrapMetalPart,90206,218862,1390,f,33
ScrapMetalPart,93715,207764,7309,f,33
BauxitePickup,94243,210059,7308,f,33
ScrapMetalPart,100363,201015,5650,f,33
ScrapMetalWreckage,98191,215763,1488,f,33
FuelCellPart,108564,209632,7415,f,0
ScrapMetalWreckage,87855,220781,1113,f,33
ScrapMetalPart,90389,204699,7282,f,33
BrittleBush,89294,213748,1547,f,33
ScrapMetalWreckage,104016,199319,5068,f,33
BrittleBush,97822,204449,6002,f,0
FuelCellWreckage,91792,197746,6075,f,33
FuelCellPart,85703,208827,1699,f,33
FuelCellPart,90979,186866,1554,f,33
RhyolitePickup,85441,188792,1562,f,33
BasaltOre,102329,200586,5817,f,33
ScrapMetalWreckage,99832,198753,5745,f,33
ScrapMetalPart,110235,217999,1555,f,33
ScrapMetalPart,72909,218771,1205,f,32
ScrapMetalPart,87819,224379,1342,f,33
RhyolitePickup,98560,220260,1587,f,33
RhyolitePickup,87303,224207,1380,f,33
ScrapMetalWreckage,95189,209580,7320,f,33
BasaltPickup,84227,228392,2081,f,33
RhyolitePickup,113627,208884,5491,f,33
BrittleBush,90276,193656,4600,f,33
ScrapMetalPart,88952,222681,1177,f,33
AzuritePickup,95083,200853,6408,f,33
BrittleBush,97340,204047,6020,f,33
StravidiumOre,109366,212975,9232,f,33
AzuritePickup,85170,211387,1510,f,33
FuelCellWreckage,98160,227047,750,f,33
ScrapMetalPart,74089,218793,1099,f,32
ScrapMetalPart,82408,218347,991,f,33
TitaniumOre,91852,185538,1686,f,33
ScrapMetalPart,97973,228965,1067,f,33
ScrapMetalWreckage,73873,217361,1131,f,32
RhyolitePickup,85921,208567,1682,f,33
AzuritePickup,94072,213347,1426,f,33
Ecolab,95583,193344,2790,t,33
RhyolitePickup,99430,214423,1736,f,33
ScrapMetalPart,101660,200833,5725,f,33
ScrapMetalWreckage,95745,203807,6327,f,33
RhyolitePickup,91022,230419,879,f,33
RhyolitePickup,85781,203224,1589,f,33
FuelCellPart,106570,209120,5848,f,0
ScrapMetalPart,110541,211224,9271,f,0
ScrapMetalPart,101145,216901,1424,f,33
RhyolitePickup,81884,216071,1068,f,32
ScrapMetalPart,74317,217538,1124,f,32
ScrapMetalWreckage,100151,200845,5686,f,33
ScrapMetalWreckage,88460,223818,1127,f,33
ScrapMetalPart,104220,199509,5066,f,33
TitaniumOre,101591,199931,5670,f,33
FuelCellPart,100151,191972,5056,f,33
FuelCellPart,93857,200407,6250,f,33
RhyolitePickup,112850,196087,1604,f,33
AzuriteOre,93172,195142,7988,f,33
RhyoliteOre,107809,214734,5156,f,33
RhyolitePickup,103756,198948,5070,f,33
BrittleBush,112415,195940,1582,f,33
RhyolitePickup,86178,184878,1353,f,33
AzuritePickup,88505,226247,1486,f,33
TitaniumPickup,87040,226263,2030,f,33
ScrapMetalPart,111599,195740,1635,f,33
TitaniumOre,73033,219761,1190,f,32
FuelCellPart,100035,219976,1640,f,33
ScrapMetalWreckage,87671,214350,1543,f,33
ScrapMetalPart,91588,187630,1619,f,33
BasaltPickup,84928,190391,1653,f,33
FuelCellPart,90214,192882,4576,f,33
RhyolitePickup,101941,215171,1383,f,33
RhyolitePickup,77340,216346,1467,f,32
ScrapMetalWreckage,75524,216204,1361,f,32
ScrapMetalPart,95683,185031,1678,f,33
RhyolitePickup,95163,208608,7313,f,33
BasaltPickup,94936,193430,8068,f,33
ScrapMetalPart,101089,227624,914,f,33
ScrapMetalWreckage,87626,223463,1096,f,33
FuelCellPart,90900,226888,687,f,33
ScrapMetalWreckage,89188,222658,1193,f,33
AzuritePickup,93378,208108,7307,f,33
AzuritePickup,105123,215124,3201,f,33
ScrapMetalWreckage,93510,207620,7308,f,33
ScrapMetalPart,114067,221635,1140,f,33
ScrapMetalWreckage,101634,205034,5509,f,33
ScrapMetalPart,75528,216221,1360,f,32
ScrapMetalWreckage,105244,203537,5057,f,33
BrittleBush,90164,188499,1660,f,33
FuelCellPart,88825,226131,1358,f,33
ScrapMetalPart,106361,214263,3251,f,33
ScrapMetalWreckage,74487,216477,1241,f,32
BasaltOre,85250,190186,1650,f,33
ScrapMetalPart,93264,201534,6454,f,33
ScrapMetalWreckage,89556,226207,1160,f,33
ScrapMetalPart,91243,207478,7289,f,33
BrittleBush,100395,214608,1572,f,33
BasaltOre,94680,193606,8023,f,33
FuelCellPart,110383,212317,9274,f,33
FuelCellPart,98165,227077,768,f,33
ScrapMetalWreckage,98687,219869,1658,f,33
ScrapMetalPart,88466,217657,1493,f,33
ScrapMetalPart,73775,217477,1132,f,32
AzuritePickup,113380,209921,5520,f,33
RhyolitePickup,84654,212852,1456,f,33
BasaltPickup,100913,191699,5161,f,33
ScrapMetalPart,82089,216623,1038,f,33
ScrapMetalWreckage,100137,192260,5054,f,33
RhyolitePickup,94455,229576,851,f,33
ScrapMetalPart,94159,208485,7312,f,33
ScrapMetalPart,105494,203450,4995,f,33
BrittleBush,84836,209304,1710,f,33
ScrapMetalWreckage,101659,200862,5719,f,33
BrittleBush,112888,196397,1636,f,33
FuelCellPart,94731,187262,1639,f,33
FuelCellPart,85117,201659,1613,f,33
ScrapMetalPart,86521,182927,1538,f,33
BrittleBush,80470,225347,1418,f,32
ScrapMetalPart,89397,225637,1156,f,33
RhyolitePickup,88432,200478,6252,f,33
RhyolitePickup,89022,193143,4813,f,33
ScrapMetalWreckage,88403,222641,1179,f,33
RhyolitePickup,88223,226592,1618,f,33
RhyolitePickup,83830,189299,1587,f,33
RhyolitePickup,90397,224485,913,f,33
ScrapMetalWreckage,100999,228570,956,f,33
StravidiumOre,91557,208040,7294,f,33
ScrapMetalPart,83420,194158,1851,f,33
FuelCellWreckage,90862,187109,1584,f,33
RhyolitePickup,92931,199214,6126,f,33
BauxiteOre,94319,210222,7301,f,33
BrittleBush,110872,199599,3152,f,33
ScrapMetalWreckage,88729,217734,1503,f,33
FuelCellPart,92936,197030,5802,f,33
ScrapMetalPart,99844,198750,5737,f,33
FuelCellPart,91601,227772,654,f,33
FuelCellPart,112419,220070,1546,f,33
FuelCellPart,100022,216646,1473,f,33
ScrapMetalWreckage,88759,201387,6440,f,33
ScrapMetalWreckage,77102,222459,1276,f,32
ScrapMetalPart,87708,217953,1352,f,33
FuelCellPart,113169,219863,1445,f,33
AzuritePickup,86353,208278,1655,f,33
FuelCellPart,76689,216273,1464,f,32
ScrapMetalPart,95791,203976,6316,f,33
BrittleBush,79836,223759,1231,f,32
ScrapMetalPart,105848,204765,-1763,f,33
BasaltOre,84548,228503,2183,f,33
ScrapMetalPart,97146,186264,1683,f,33
FuelCellWreckage,90015,192997,4612,f,33
ScrapMetalPart,100044,230331,1197,f,33
ScrapMetalWreckage,98902,227046,758,f,33
RhyolitePickup,89837,219100,1417,f,33
ScrapMetalWreckage,97063,216954,1460,f,33
BrittleBush,94308,231992,1298,f,33
ScrapMetalPart,91205,228790,695,f,33
ScrapMetalPart,99144,227156,737,f,33
ScrapMetalWreckage,73008,218520,1190,f,32
ScrapMetalPart,90868,193959,4587,f,33
ScrapMetalPart,85667,203561,1591,f,33
ScrapMetalPart,109147,212631,9242,f,33
ScrapMetalWreckage,89364,201900,6685,f,33
ScrapMetalWreckage,101145,202650,5392,f,33
ScrapMetalPart,77080,222478,1280,f,32
AzuritePickup,112190,195085,1389,f,33
RhyoliteOre,84643,200089,1718,f,33
BrittleBush,101582,234276,2066,f,33
RhyolitePickup,89653,193554,4688,f,33
ScrapMetalPart,107688,203195,4589,f,33
RhyolitePickup,87667,219944,1162,f,33
RhyolitePickup,88706,192940,4887,f,33
ScrapMetalPart,100117,219023,1666,f,33
TitaniumPickup,101251,200162,5706,f,33
ScrapMetalPart,106139,215525,3255,f,33
AzuritePickup,93107,195548,7985,f,33
ScrapMetalWreckage,100919,227755,898,f,33
ScrapMetalWreckage,91388,187824,1611,f,33
FuelCellPart,85207,186851,1678,f,33
ScrapMetalPart,100792,228532,933,f,33
RhyolitePickup,94646,200819,6326,f,33
ScrapMetalPart,76006,222752,1373,f,32
ScrapMetalPart,100356,192354,5056,f,33
FuelCellPart,94783,203465,6523,f,33
RhyolitePickup,90329,206418,7273,f,33
ScrapMetalPart,89581,226447,1163,f,33
ScrapMetalPart,100072,227184,777,f,33
RhyolitePickup,81888,218119,1115,f,32
AzuritePickup,97510,215382,1476,f,33
FuelCellPart,96873,216358,1435,f,33
RhyolitePickup,105842,182381,1138,f,33
ScrapMetalPart,89266,193514,4745,f,33
ScrapMetalPart,98940,219979,1625,f,33
BrittleBush,77712,221418,1315,f,32
BrittleBush,80624,209833,1627,f,32
RhyolitePickup,93812,229555,845,f,33
ScrapMetalWreckage,105790,183660,1180,f,33
ScrapMetalPart,73418,216991,1194,f,32
ScrapMetalWreckage,87483,217899,1347,f,33
FuelCellPart,82986,221159,841,f,33
ScrapMetalPart,101856,196669,5065,f,33
FuelCellPart,96706,185807,1685,f,33
BrittleBush,108462,202430,4466,f,33
ScrapMetalWreckage,82390,218079,986,f,33
ScrapMetalWreckage,85059,184947,1592,f,33
FuelCellPart,96185,186372,1667,f,33
ScrapMetalPart,88028,220694,1143,f,33
ScrapMetalPart,88280,222401,1172,f,33
BasaltPickup,102559,200245,5897,f,33
RhyoliteOre,102267,215445,1340,f,33
ScrapMetalWreckage,88608,225186,1336,f,33
ScrapMetalPart,98838,228492,981,f,33
TitaniumPickup,73050,219405,1190,f,32
AzuritePickup,73709,218756,1093,f,32
BrittleBush,106310,204308,4575,f,33
ScrapMetalPart,101420,229498,1061,f,33
ScrapMetalPart,98051,215997,1461,f,33
BrittleBush,82749,219991,846,f,33
AzuritePickup,94173,213668,1442,f,33
ScrapMetalPart,84702,221537,879,f,33
ScrapMetalPart,84335,223591,1325,f,33
FuelCellPart,88105,185596,1671,f,33
ScrapMetalPart,98875,203707,5684,f,33
TitaniumOre,110293,211146,9274,f,0
ScrapMetalWreckage,98774,203596,5718,f,33
FuelCellPart,79933,223783,1232,f,32
FuelCellPart,75101,216538,1275,f,32
ScrapMetalPart,96963,217162,1482,f,33
ScrapMetalPart,87942,214386,1547,f,33
BrittleBush,83587,197096,1776,f,33
ScrapMetalWreckage,91445,206822,7305,f,33
FuelCellPart,89004,226713,1361,f,33
FuelCellPart,96967,229890,1155,f,33
RhyolitePickup,107848,214247,5336,f,33
ScrapMetalPart,102551,206433,-1762,f,33
FuelCellPart,86710,225155,1789,f,33
ScrapMetalPart,87442,230943,1573,f,33
ScrapMetalPart,91183,206868,7305,f,33
ScrapMetalPart,87822,194070,4923,f,33
ScrapMetalPart,120541,171463,2075,f,33
FuelCellPart,118143,207331,1571,f,33
ScrapMetalPart,112880,185965,862,f,33
FuelCellPart,113492,174815,2208,f,33
ScrapMetalWreckage,118496,205154,1554,f,33
ScrapMetalWreckage,116221,195972,1621,f,33
RhyolitePickup,117695,204133,1612,f,33
ScrapMetalPart,116602,200636,1660,f,33
ScrapMetalWreckage,115589,188273,752,f,33
ScrapMetalPart,116689,206284,2038,f,33
ScrapMetalPart,117890,198860,1715,f,33
ScrapMetalPart,115862,188260,737,f,33
ScrapMetalPart,118476,204935,1550,f,33
ScrapMetalWreckage,112835,173689,2314,f,33
RhyolitePickup,117052,201127,1628,f,33
ScrapMetalPart,113937,185110,782,f,33
AzuritePickup,113319,172105,2457,f,33
ScrapMetalPart,112335,174382,2310,f,33
RhyolitePickup,114150,185737,673,f,33
ScrapMetalWreckage,117734,200024,1748,f,33
ScrapMetalWreckage,116882,196318,1593,f,33
ScrapMetalPart,116188,195702,1632,f,33
FuelCellPart,118298,206559,1578,f,33
ScrapMetalPart,118530,206621,1563,f,33
BrittleBush,114174,197067,1614,f,33
FuelCellPart,113639,178376,1745,f,33
ScrapMetalWreckage,114788,173272,2422,f,33
ScrapMetalWreckage,117904,204571,1552,f,33
ScrapMetalWreckage,113779,187908,1057,f,33
FuelCellPart,114125,187828,961,f,33
ScrapMetalWreckage,118016,198926,1719,f,33
AzuritePickup,115214,187969,764,f,33
ScrapMetalWreckage,116441,200710,1653,f,33
ScrapMetalPart,113877,188155,1089,f,33
BasaltOre,117549,169675,1974,f,33
BrittleBush,112556,185487,819,f,33
ScrapMetalPart,116603,196364,1615,f,33
FuelCellWreckage,118154,206371,1617,f,33
ScrapMetalPart,114495,188504,958,f,33
ScrapMetalPart,118166,204643,1538,f,33
ScrapMetalPart,118042,208043,1561,f,33
ScrapMetalPart,117468,199961,1751,f,33
BrittleBush,117167,168422,2059,f,33
ScrapMetalWreckage,114087,185339,732,f,33
ScrapMetalPart,114773,173546,2429,f,33
FuelCellPart,118823,210439,1504,f,33
BasaltPickup,117717,169923,2000,f,33
ScrapMetalPart,112783,173617,2328,f,33
RhyolitePickup,118404,194317,1162,f,33
RhyolitePickup,113548,177740,1848,f,33
BrittleBush,116666,169453,2271,f,33
FuelCellPart,118392,204115,1506,f,33
FuelCellWreckage,118011,207511,1582,f,33
BrittleBush,116623,168205,2399,f,33
ScrapMetalPart,183433,37165,2671,f,43
StravidiumOre,190493,32776,4661,f,43
ScrapMetalPart,186144,30483,2598,f,43
ScrapMetalWreckage,185328,33728,2805,f,43
ScrapMetalWreckage,185880,30151,2448,f,43
ScrapMetalPart,185411,36936,2344,f,43
RhyolitePickup,186130,31157,2752,f,43
AzuritePickup,186924,30548,2785,f,43
ScrapMetalWreckage,185544,37065,2309,f,43
StravidiumPickup,190553,32707,4658,f,43
ScrapMetalPart,185907,30159,2514,f,43
ScrapMetalWreckage,184741,34462,2571,f,43
FuelCellPart,184809,31448,2622,f,43
AzuritePickup,190663,38618,2503,f,43
BrittleBush,186683,38215,2197,f,43
ScrapMetalWreckage,185497,31325,2666,f,43
ScrapMetalPart,185595,37875,2356,f,43
BasaltOre,186059,33563,3043,f,43
ScrapMetalPart,185755,34017,2931,f,43
ScrapMetalPart,184548,34361,2524,f,43
ScrapMetalWreckage,191796,38501,2841,f,43
FuelCellPart,186949,38571,2229,f,43
ScrapMetalWreckage,183553,36916,2627,f,43
ScrapMetalPart,185883,30905,2644,f,43
ScrapMetalWreckage,186191,29141,2694,f,43
RhyolitePickup,187180,33001,3783,f,43
BrittleBush,187737,33207,3806,f,43
ScrapMetalPart,185298,33463,2803,f,43
BrittleBush,187675,32927,3803,f,43
BasaltOre,193301,34366,2780,f,43
FuelCellPart,185132,31371,2590,f,43
ScrapMetalPart,186921,28715,2688,f,43
RhyolitePickup,186143,38605,2355,f,43
ScrapMetalPart,184736,37181,2443,f,43
RhyolitePickup,193152,35722,2792,f,43
ScrapMetalPart,186077,29349,2648,f,43
BasaltPickup,186086,33191,3039,f,43
FuelCellWreckage,184722,31269,2724,f,43
BrittleBush,192796,35882,2844,f,43
FuelCellPart,186184,38234,2292,f,43
BasaltPickup,193664,34585,2720,f,43
ScrapMetalPart,185730,31192,2684,f,43
FuelCellPart,185481,36344,2396,f,43
FuelCellPart,193137,33366,2811,f,43
AzuritePickup,482517,-187377,2370,f,74
ScrapMetalWreckage,482663,-184195,1889,f,73
FuelCellPart,484230,-186560,2048,f,74
ScrapMetalWreckage,482865,-186302,2255,f,74
ScrapMetalPart,482671,-186403,2284,f,74
FuelCellPart,484172,-186254,2016,f,74
FuelCellPart,483826,-184989,1880,f,73
ScrapMetalPart,479985,-187860,2736,f,74
ScrapMetalPart,482729,-183991,1855,f,73
AzuritePickup,483486,-184800,1896,f,73
BrittleBush,475731,-184139,2554,f,73
ScrapMetalPart,483825,-185664,1982,f,74
AzuritePickup,482084,-190535,2320,f,74
ScrapMetalWreckage,479836,-187629,2729,f,74
ScrapMetalWreckage,481869,-184395,2024,f,73
FuelCellPart,482979,-184738,1952,f,73
ScrapMetalPart,483218,-187069,2272,f,74
FuelCellWreckage,484260,-186554,2043,f,74
RhyolitePickup,480853,-184311,2181,f,73
ScrapMetalWreckage,480514,-186398,2516,f,74
ScrapMetalPart,481986,-188635,2459,f,74
BrittleBush,480903,-191848,2601,f,74
ScrapMetalPart,481975,-184576,2049,f,73
BrittleBush,475763,-185146,2434,f,73
BrittleBush,476312,-185244,2398,f,73
ScrapMetalWreckage,484011,-185855,1980,f,74
ScrapMetalPart,480576,-186172,2498,f,74
RhyolitePickup,479821,-188269,2792,f,74
BrittleBush,479746,-189282,3017,f,74
BrittleBush,479456,-185387,2839,f,74
ScrapMetalPart,503845,-205194,3190,f,74
ScrapMetalWreckage,507026,-209690,3280,f,74
ScrapMetalWreckage,521595,-230664,2479,f,74
ScrapMetalPart,516607,-194706,7124,f,74
ScrapMetalWreckage,521450,-200926,2930,f,74
StravidiumPickup,516694,-237697,3048,f,74
BrittleBush,502983,-200670,3147,f,74
StravidiumOre,509926,-198177,4147,f,74
ScrapMetalPart,521251,-199964,3082,f,74
RhyoliteOre,512586,-199021,4337,f,74
FuelCellPart,519915,-193131,3118,f,74
RhyolitePickup,522106,-238643,2816,f,74
RhyolitePickup,487156,-242663,2798,f,74
ScrapMetalPart,507258,-205326,3270,f,74
FuelCellPart,519676,-238977,2838,f,74
ScrapMetalWreckage,516601,-194433,7127,f,74
ScrapMetalPart,508534,-207759,3403,f,74
BrittleBush,517775,-233675,3128,f,74
RhyolitePickup,518747,-200429,3845,f,74
RhyolitePickup,493896,-236436,2390,f,74
BrittleBush,495106,-240576,2486,f,74
RhyolitePickup,508220,-204998,3477,f,74
BasaltOre,507748,-191630,6473,f,74
ScrapMetalPart,507893,-195687,5460,f,74
RhyolitePickup,512880,-196300,4332,f,74
ScrapMetalWreckage,519985,-197297,4491,f,74
BrittleBush,504651,-200703,3176,f,74
BrittleBush,493320,-243292,2672,f,74
ScrapMetalPart,507090,-209914,3223,f,74
BasaltPickup,507491,-191950,6468,f,74
ScrapMetalWreckage,519394,-239737,2553,f,74
ScrapMetalPart,519296,-238817,2851,f,74
ScrapMetalPart,506637,-198896,4099,f,74
BrittleBush,519176,-201280,3575,f,74
FuelCellPart,524127,-239536,2145,f,74
FuelCellPart,489773,-242561,2720,f,74
BauxiteOre,508594,-192099,6466,f,74
BasaltOre,492334,-242011,2638,f,74
AzuritePickup,493557,-236912,2486,f,74
ScrapMetalPart,491844,-235324,2501,f,74
ScrapMetalPart,504085,-202173,3012,f,74
RhyolitePickup,522542,-240655,2382,f,74
TitaniumPickup,501927,-193939,3768,f,74
ScrapMetalPart,519341,-239480,2615,f,74
ScrapMetalWreckage,519962,-241400,2497,f,74
RhyoliteOre,512427,-191608,3953,f,74
BrittleBush,487061,-237658,2982,f,74
RhyolitePickup,487314,-242315,2730,f,74
ScrapMetalPart,521293,-239179,2799,f,74
ScrapMetalPart,513399,-188643,3214,f,74
RhyolitePickup,512589,-199431,4368,f,74
AzuritePickup,525665,-238375,1983,f,74
ScrapMetalPart,514732,-187745,3553,f,74
FuelCellPart,508503,-206861,3380,f,74
ScrapMetalWreckage,508336,-207578,3387,f,74
FuelCellPart,507440,-205320,3304,f,74
ScrapMetalPart,495538,-239323,2356,f,74
ScrapMetalWreckage,503745,-205451,3207,f,74
RhyolitePickup,497596,-193451,2885,f,74
BasaltOre,502421,-198716,6722,f,74
BrittleBush,519232,-237984,3114,f,74
ScrapMetalWreckage,522129,-231862,2777,f,74
ScrapMetalPart,507250,-210829,2970,f,74
ScrapMetalWreckage,506649,-198862,4109,f,74
ScrapMetalPart,510831,-202950,6040,f,74
AzuritePickup,505817,-207688,3219,f,74
ScrapMetalWreckage,507636,-195611,5461,f,74
RhyolitePickup,524443,-234216,2863,f,74
BrittleBush,505112,-211949,3102,f,74
ScrapMetalPart,517250,-189990,5611,f,74
RhyolitePickup,510397,-188996,3119,f,74
RhyolitePickup,518351,-232111,2712,f,74
StravidiumOre,510595,-203253,6008,f,74
ScrapMetalPart,521727,-230784,2497,f,74
RhyolitePickup,512363,-192013,4005,f,74
FuelCellPart,517148,-193377,7120,f,74
ScrapMetalPart,520519,-201026,3177,f,74
ScrapMetalWreckage,487527,-243583,2790,f,74
ScrapMetalPart,510111,-196203,5187,f,74
ScrapMetalPart,518433,-237151,3164,f,74
BrittleBush,505199,-206660,3224,f,74
FuelCellPart,517319,-237689,2924,f,74
BrittleBush,501116,-193365,3501,f,74
ScrapMetalWreckage,516121,-199455,4281,f,74
FuelCellPart,520168,-203989,2979,f,74
ScrapMetalWreckage,510574,-190246,3508,f,74
ScrapMetalWreckage,507222,-210811,2968,f,74
ScrapMetalPart,510778,-190083,3428,f,74
FuelCellPart,520660,-241615,2577,f,74
ScrapMetalPart,509073,-202035,4167,f,74
FuelCellPart,522311,-230932,2438,f,74
RhyolitePickup,522468,-238632,2752,f,74
ScrapMetalPart,512511,-201188,6162,f,74
ScrapMetalPart,520142,-240789,2448,f,74
AzuritePickup,505484,-209787,3772,f,74
BasaltOre,520773,-194533,2912,f,74
ScrapMetalPart,526661,-237074,2187,f,74
ScrapMetalPart,521549,-241322,2574,f,74
FuelCellPart,510010,-192015,6286,f,74
ScrapMetalPart,504871,-204765,3043,f,74
ScrapMetalWreckage,513668,-188581,3251,f,74
BasaltOre,509930,-189411,3376,f,74
ScrapMetalWreckage,488448,-243216,2581,f,74
RhyolitePickup,512749,-191953,3959,f,74
FuelCellPart,497044,-193966,3079,f,74
ScrapMetalWreckage,513605,-187719,3149,f,74
ScrapMetalPart,509973,-197335,4162,f,74
AzuritePickup,503140,-208073,4111,f,74
ScrapMetalWreckage,511636,-190170,3422,f,74
TitaniumPickup,516422,-193260,7184,f,74
BasaltPickup,492717,-242056,2667,f,74
AzuritePickup,508131,-209544,3150,f,74
RhyolitePickup,511584,-198348,4354,f,74
FuelCellPart,502369,-205621,2991,f,74
ScrapMetalWreckage,487692,-243068,2716,f,74
RhyolitePickup,491055,-240715,2937,f,74
ScrapMetalWreckage,509281,-201861,4216,f,74
StravidiumPickup,510084,-197798,4140,f,74
FuelCellPart,507029,-196995,4667,f,74
ScrapMetalWreckage,521032,-229391,2521,f,74
ScrapMetalPart,512844,-201225,6174,f,74
BasaltPickup,519915,-232856,3171,f,74
FuelCellWreckage,522255,-230772,2367,f,74
RhyolitePickup,511572,-196870,4547,f,74
ScrapMetalWreckage,521423,-232050,2990,f,74
ScrapMetalPart,521828,-239588,2642,f,74
FuelCellPart,509316,-204447,3891,f,74
ScrapMetalWreckage,492068,-235473,2496,f,74
TitaniumOre,516181,-193472,7185,f,74
RhyolitePickup,512105,-189173,3140,f,74
FuelCellPart,511766,-189279,3123,f,74
ScrapMetalPart,505557,-212146,3031,f,74
StravidiumPickup,507064,-193223,6478,f,74
RhyolitePickup,517778,-232123,2764,f,74
FuelCellPart,517213,-190729,5804,f,74
ScrapMetalPart,517524,-231819,2780,f,74
FuelCellWreckage,507950,-205737,3403,f,74
ScrapMetalPart,520042,-197194,4507,f,74
ScrapMetalPart,520860,-203053,2962,f,74
ScrapMetalPart,520818,-229545,2510,f,74
ScrapMetalPart,519807,-241220,2472,f,74
ScrapMetalPart,489305,-242260,2740,f,74
ScrapMetalPart,509924,-201617,4299,f,74
FuelCellPart,519667,-230720,2567,f,74
StravidiumOre,507371,-193520,6474,f,74
BrittleBush,495185,-240349,2459,f,74
BasaltOre,520219,-232634,3146,f,74
ScrapMetalPart,512366,-194747,4591,f,74
ScrapMetalPart,521841,-229194,2517,f,74
AzuritePickup,489199,-241870,2801,f,74
TitaniumPickup,522670,-236907,3778,f,74
AzuritePickup,490794,-241316,2880,f,74
FuelCellPart,522176,-239396,2655,f,74
FuelCellWreckage,517075,-190736,5798,f,74
ScrapMetalPart,514883,-187431,3685,f,74
ScrapMetalPart,490261,-242348,2755,f,74
FuelCellWreckage,509593,-210506,2897,f,74
FuelCellPart,519642,-203644,3055,f,74
ScrapMetalWreckage,512495,-194521,4488,f,74
ScrapMetalPart,515807,-189803,6779,f,74
ScrapMetalPart,509319,-193721,6445,f,74
ScrapMetalWreckage,514491,-187651,3535,f,74
ScrapMetalPart,503420,-195426,4375,f,74
ScrapMetalPart,488299,-243243,2612,f,74
RhyolitePickup,518246,-194562,7159,f,74
AzuritePickup,521991,-237894,3075,f,74
ScrapMetalWreckage,506992,-205292,3217,f,74
ScrapMetalPart,487936,-242966,2662,f,74
AzuriteOre,502908,-208197,4081,f,74
BasaltPickup,502398,-199118,6597,f,74
ScrapMetalPart,511570,-190032,3388,f,74
RhyolitePickup,503955,-200861,3061,f,74
TitaniumOre,523012,-236709,3783,f,74
ScrapMetalPart,521546,-201105,2907,f,74
ScrapMetalWreckage,520141,-240767,2410,f,74
ScrapMetalWreckage,503568,-195201,4377,f,74
FuelCellPart,517114,-187803,3647,f,74
FuelCellPart,509716,-210269,2922,f,74
TitaniumOre,515651,-189423,6720,f,74
AzuritePickup,513764,-204344,6593,f,74
ScrapMetalWreckage,521295,-239175,2794,f,74
FuelCellWreckage,502330,-194445,3971,f,74
ScrapMetalPart,487474,-243783,2815,f,74
BauxitePickup,508509,-192500,6519,f,74
ScrapMetalWreckage,521843,-239584,2623,f,74
AzuritePickup,517744,-195350,7149,f,74
ScrapMetalPart,516267,-199436,4265,f,74
ScrapMetalPart,516585,-201160,5153,f,74
ScrapMetalPart,521471,-229681,2485,f,74
ScrapMetalPart,485801,-241041,3091,f,74
BrittleBush,494335,-242185,2657,f,74
ScrapMetalPart,521901,-231721,2796,f,74
ScrapMetalWreckage,512852,-201216,6146,f,74
ScrapMetalPart,513813,-187640,3232,f,74
ScrapMetalPart,512774,-201575,6151,f,74
ScrapMetalWreckage,490274,-242360,2755,f,74
ScrapMetalWreckage,504642,-204898,3101,f,74
ScrapMetalPart,516873,-233318,2900,f,74
RhyolitePickup,514045,-208254,7610,f,74
ScrapMetalWreckage,520700,-201217,3092,f,74
ScrapMetalPart,486720,-242477,2905,f,74
BrittleBush,515468,-232796,3090,f,74
RhyolitePickup,515917,-206706,7607,f,74
RhyolitePickup,504678,-202630,3010,f,74
ScrapMetalPart,504201,-193985,4744,f,74
FuelCellPart,508215,-205693,3434,f,74
FuelCellWreckage,498278,-192927,2870,f,74
FuelCellPart,513039,-198689,4158,f,74
TitaniumOre,501524,-194019,3783,f,74
ScrapMetalPart,521413,-232032,2981,f,74
AzuritePickup,519142,-200704,3675,f,74
ScrapMetalPart,515687,-187612,3629,f,74
ScrapMetalWreckage,504052,-202170,3010,f,74
FuelCellPart,501016,-206739,3206,f,74
FuelCellPart,502267,-194182,3899,f,74
ScrapMetalPart,584033,-243957,3603,f,74
BrittleBush,581323,-246366,3495,f,74
BrittleBush,579884,-246241,3287,f,74
TitaniumOre,592964,-336817,2974,f,74
ScrapMetalWreckage,613616,-319302,783,f,74
ScrapMetalPart,588154,-293295,816,f,74
TitaniumPickup,611084,-294590,6419,f,74
ScrapMetalWreckage,612672,-296293,6450,f,74
RhyolitePickup,607908,-318002,734,f,74
ScrapMetalPart,603789,-307792,4195,f,74
ScrapMetalWreckage,579948,-314998,1596,f,74
FuelCellPart,607097,-304602,4780,f,74
RhyolitePickup,596689,-298978,3716,f,74
ScrapMetalPart,592620,-333522,1369,f,74
RhyolitePickup,636087,-298600,1325,f,79
BrittleBush,596608,-298465,3752,f,74
FuelCellWreckage,591349,-302043,741,f,74
AzuritePickup,638741,-296852,1424,f,79
ScrapMetalWreckage,579477,-313674,1809,f,74
FuelCellPart,636395,-298409,1389,f,79
BrittleBush,603449,-299424,5263,f,74
ScrapMetalPart,618305,-319361,680,f,74
RhyolitePickup,619205,-298390,736,f,74
BrittleBush,627838,-311659,664,f,79
ScrapMetalPart,623683,-295298,755,f,74
FuelCellPart,597114,-299708,3605,f,74
ScrapMetalPart,608522,-293808,6435,f,74
ScrapMetalWreckage,613819,-287464,673,f,74
BauxitePickup,608257,-295466,6494,f,74
FuelCellWreckage,604823,-305077,4875,f,74
ScrapMetalPart,638369,-296301,1188,f,79
ScrapMetalPart,637790,-296948,1373,f,79
ScrapMetalWreckage,586067,-297523,493,f,74
ScrapMetalWreckage,588078,-300604,808,f,74
ScrapMetalWreckage,636831,-297543,1367,f,79
ScrapMetalPart,602088,-324040,132,f,74
ScrapMetalPart,618304,-304016,2552,f,74
ScrapMetalPart,610933,-308012,-2627,f,74
BrittleBush,591914,-301159,780,f,74
ScrapMetalWreckage,592496,-334089,1563,f,74
BrittleBush,617778,-299702,1970,f,74
StravidiumPickup,591955,-290937,1029,f,74
FuelCellPart,604341,-313362,668,f,74
BauxitePickup,595510,-294091,4041,f,74
ScrapMetalPart,633307,-299340,785,f,79
AzuriteOre,620323,-307515,8369,f,74
RhyolitePickup,608227,-306255,4941,f,74
FuelCellWreckage,609239,-285533,669,f,74
AzuritePickup,604503,-299503,5456,f,74
RhyolitePickup,633758,-310037,361,f,79
AzuritePickup,619835,-313297,4621,f,74
FuelCellPart,591861,-302386,764,f,74
StravidiumPickup,593237,-291513,775,f,74
FuelCellPart,607721,-316429,1063,f,74
BasaltOre,621063,-308710,8404,f,74
BasaltPickup,621050,-308327,8401,f,74
ScrapMetalPart,613065,-307440,-2628,f,74
ScrapMetalPart,608979,-320630,778,f,74
ScrapMetalPart,589713,-296243,692,f,74
ScrapMetalPart,597060,-300241,3527,f,74
RhyolitePickup,595503,-296171,4053,f,74
TitaniumPickup,593341,-336608,2979,f,74
AzuritePickup,585134,-296898,415,f,74
FuelCellPart,612168,-310320,3719,f,74
BrittleBush,583215,-312266,1523,f,74
RhyolitePickup,588293,-300032,807,f,74
ScrapMetalWreckage,630160,-308445,500,f,79
BasaltOre,599615,-290746,848,f,74
ScrapMetalPart,606964,-294708,6400,f,74
ScrapMetalPart,588201,-300362,811,f,74
RhyolitePickup,629591,-308243,575,f,79
FuelCellPart,638682,-297966,1820,f,79
ScrapMetalPart,617152,-286787,623,f,74
ScrapMetalPart,620295,-294697,612,f,74
ScrapMetalPart,602482,-317905,582,f,74
ScrapMetalWreckage,600650,-323199,195,f,74
ScrapMetalPart,613371,-320550,881,f,74
RhyolitePickup,625269,-315161,662,f,74
FuelCellPart,619856,-318697,693,f,74
ScrapMetalWreckage,592230,-332588,1342,f,74
RhyolitePickup,600346,-299555,4932,f,74
ScrapMetalPart,633238,-302048,761,f,79
ScrapMetalWreckage,595457,-298612,3742,f,74
BauxiteOre,595305,-294229,4077,f,74
BrittleBush,608150,-300256,5175,f,74
AzuritePickup,595609,-297715,3875,f,74
TitaniumOre,611180,-294191,6384,f,74
FuelCellPart,621896,-302954,2331,f,74
ScrapMetalPart,584870,-300183,310,f,74
ScrapMetalPart,592253,-305310,769,f,74
ScrapMetalWreckage,616839,-306627,4970,f,74
AzuritePickup,616835,-298199,1726,f,74
RhyolitePickup,599816,-321988,224,f,74
ScrapMetalPart,613965,-287694,677,f,74
ScrapMetalPart,618979,-287854,520,f,74
ScrapMetalWreckage,578667,-315499,1653,f,74
ScrapMetalPart,615615,-293689,556,f,74
ScrapMetalWreckage,608765,-302071,4848,f,74
ScrapMetalPart,593722,-292144,841,f,74
FuelCellPart,591257,-302306,749,f,74
BauxiteOre,608018,-295666,6522,f,74
BasaltPickup,599682,-291151,802,f,74
FuelCellPart,619701,-318514,708,f,74
FuelCellWreckage,637033,-295588,1134,f,79
FuelCellPart,612549,-321013,845,f,74
RhyolitePickup,603485,-308115,4197,f,74
ScrapMetalWreckage,600512,-298216,5205,f,74
ScrapMetalWreckage,603867,-308051,4196,f,74
ScrapMetalPart,609140,-304488,4602,f,74
ScrapMetalPart,636082,-298932,1392,f,79
BrittleBush,611802,-311344,3596,f,74
RhyolitePickup,595170,-297650,3943,f,74
StravidiumOre,605960,-289837,806,f,74
ScrapMetalPart,608908,-302116,4814,f,74
TitaniumPickup,620594,-300049,513,f,74
ScrapMetalWreckage,608591,-294065,6435,f,74
FuelCellPart,610574,-295274,6437,f,74
RhyolitePickup,596101,-294440,4069,f,74
ScrapMetalWreckage,617733,-318996,682,f,74
RhyoliteOre,617994,-301908,2647,f,74
TitaniumOre,620980,-300229,470,f,74
ScrapMetalPart,600639,-323148,195,f,74
ScrapMetalWreckage,619485,-287645,573,f,74
StravidiumOre,589961,-292667,832,f,74
ScrapMetalWreckage,612665,-321484,849,f,74
FuelCellPart,601153,-322285,219,f,74
StravidiumPickup,605662,-290119,836,f,74
ScrapMetalPart,578726,-315565,1664,f,74
ScrapMetalPart,584454,-297947,369,f,74
ScrapMetalPart,604158,-295805,5866,f,74
ScrapMetalPart,590308,-302076,684,f,74
ScrapMetalPart,586494,-294054,750,f,74
ScrapMetalPart,635584,-298536,1193,f,79
ScrapMetalPart,605605,-293921,6384,f,74
ScrapMetalWreckage,606816,-294483,6399,f,74
BasaltPickup,599269,-301777,7332,f,74
ScrapMetalPart,607480,-305855,4855,f,74
FuelCellPart,626481,-314835,668,f,79
FuelCellPart,637021,-295569,1157,f,79
ScrapMetalPart,592477,-334082,1555,f,74
ScrapMetalPart,622252,-305794,4466,f,74
BrittleBush,620304,-295459,587,f,74
FuelCellPart,604825,-305089,4867,f,74
BasaltOre,634840,-304558,970,f,79
ScrapMetalWreckage,590067,-310632,693,f,74
ScrapMetalWreckage,586241,-293972,766,f,74
ScrapMetalWreckage,638196,-296105,1126,f,79
AzuriteOre,604614,-311570,4106,f,74
RhyolitePickup,575812,-313425,1466,f,74
StravidiumOre,592937,-291697,760,f,74
BrittleBush,601480,-299262,5011,f,74
ScrapMetalPart,607362,-308734,4196,f,74
ScrapMetalWreckage,607104,-308629,4198,f,74
ScrapMetalPart,589863,-310445,686,f,74
RhyolitePickup,634199,-298649,910,f,79
AzuritePickup,592369,-307920,813,f,74
FuelCellPart,589886,-336634,1276,f,74
ScrapMetalPart,631577,-308307,270,f,79
FuelCellPart,601454,-323194,137,f,74
RhyolitePickup,636589,-303412,1436,f,79
FuelCellPart,622285,-299147,530,f,74
BrittleBush,609688,-302938,4531,f,74
ScrapMetalPart,613035,-320956,861,f,74
ScrapMetalPart,618372,-302402,2608,f,74
FuelCellWreckage,607676,-299237,5457,f,74
ScrapMetalPart,592370,-310450,817,f,74
FuelCellPart,605104,-314333,625,f,74
AzuritePickup,618373,-308393,6545,f,74
ScrapMetalPart,620665,-302985,2336,f,74
TitaniumOre,612047,-302475,4836,f,74
FuelCellPart,611664,-307739,4157,f,74
FuelCellPart,605707,-314864,606,f,74
RhyolitePickup,606417,-318144,496,f,74
BrittleBush,591444,-300648,790,f,74
ScrapMetalPart,590953,-293631,753,f,74
ScrapMetalWreckage,617333,-286992,633,f,74
RhyoliteOre,609742,-293653,6424,f,74
ScrapMetalPart,619512,-287373,623,f,74
ScrapMetalWreckage,620148,-294876,590,f,74
RhyolitePickup,610153,-293614,6439,f,74
ScrapMetalWreckage,592883,-333469,1350,f,74
TitaniumOre,626477,-305886,701,f,79
TitaniumOre,622678,-305552,4286,f,74
ScrapMetalPart,630191,-308436,503,f,79
FuelCellWreckage,607647,-316679,977,f,74
ScrapMetalPart,599244,-308256,4186,f,74
FuelCellPart,607838,-288321,812,f,74
ScrapMetalPart,636831,-297539,1372,f,79
ScrapMetalWreckage,599067,-308097,4184,f,74
ScrapMetalWreckage,585031,-300013,293,f,74
RhyolitePickup,631206,-308738,294,f,79
ScrapMetalPart,614330,-286032,580,f,74
FuelCellPart,631286,-313140,348,f,79
BrittleBush,584482,-312821,1459,f,74
ScrapMetalPart,615292,-314265,-2628,f,74
ScrapMetalPart,601730,-322369,188,f,74
BrittleBush,596538,-303040,967,f,74
ScrapMetalPart,592381,-332666,1315,f,74
BrittleBush,607445,-300141,5301,f,74
ScrapMetalWreckage,620906,-302853,2336,f,74
FuelCellPart,586477,-298566,483,f,74
ScrapMetalWreckage,594003,-292100,850,f,74
ScrapMetalPart,589916,-293184,818,f,74
RhyolitePickup,590703,-335270,1254,f,74
ScrapMetalPart,601419,-322860,128,f,74
BrittleBush,604131,-299961,5375,f,74
ScrapMetalPart,608117,-287713,811,f,74
FuelCellPart,607849,-299207,5446,f,74
ScrapMetalPart,590195,-333972,1452,f,74
FuelCellWreckage,600888,-322301,187,f,74
ScrapMetalWreckage,623476,-295116,788,f,74
ScrapMetalPart,591769,-307715,815,f,74
ScrapMetalPart,637095,-295028,1374,f,79
FuelCellPart,608964,-285538,737,f,74
ScrapMetalWreckage,603251,-294259,5815,f,74
ScrapMetalWreckage,607506,-305841,4849,f,74
BasaltOre,608460,-284710,833,f,74
RhyolitePickup,611781,-296680,6443,f,74
BrittleBush,613959,-289189,677,f,74
RhyolitePickup,611891,-321845,803,f,74
ScrapMetalWreckage,583196,-308813,1052,f,74
RhyolitePickup,589809,-311146,751,f,74
AzuritePickup,604344,-311879,4114,f,74
AzuritePickup,620349,-307924,8388,f,74
FuelCellWreckage,606853,-304482,4816,f,74
FuelCellPart,590939,-300388,798,f,74
BasaltPickup,608827,-284865,852,f,74
RhyolitePickup,591167,-293343,748,f,74
TitaniumPickup,626790,-305807,670,f,79
ScrapMetalPart,583085,-308950,1064,f,74
FuelCellPart,635536,-295812,1171,f,79
FuelCellPart,581159,-316257,1695,f,74
ScrapMetalPart,616887,-319655,738,f,74
ScrapMetalPart,612143,-302347,4932,f,74
FuelCellPart,614253,-286676,606,f,74
RhyolitePickup,606721,-317827,519,f,74
BrittleBush,618502,-314024,4292,f,74
BrittleBush,595194,-296338,4024,f,74
FuelCellPart,620148,-299695,547,f,74
ScrapMetalPart,612551,-321398,844,f,74
ScrapMetalPart,617248,-318993,742,f,74
ScrapMetalPart,585813,-297613,411,f,74
ScrapMetalWreckage,608909,-304620,4522,f,74
ScrapMetalWreckage,627287,-314922,718,f,79
RhyolitePickup,591023,-335145,1343,f,74
FuelCellWreckage,626598,-314754,675,f,79
BrittleBush,598177,-322215,481,f,74
FuelCellPart,603816,-302450,5209,f,74
RhyolitePickup,609100,-293605,6419,f,74
FuelCellPart,617470,-319282,669,f,74
AzuritePickup,605849,-294552,6283,f,74
BasaltPickup,608795,-299349,5413,f,74
BrittleBush,621017,-294382,644,f,74
RhyolitePickup,599754,-334176,965,f,74
RhyolitePickup,592928,-303263,747,f,74
RhyolitePickup,584854,-299702,310,f,74
ScrapMetalWreckage,631529,-308574,249,f,79
ScrapMetalPart,602802,-294114,5658,f,74
ScrapMetalWreckage,635667,-298309,1191,f,79
ScrapMetalPart,577298,-314613,1590,f,74
FuelCellPart,603040,-298994,5259,f,74
ScrapMetalPart,617066,-306802,4978,f,74
ScrapMetalWreckage,637301,-296250,1158,f,79
ScrapMetalPart,614252,-319680,758,f,74
RhyolitePickup,614093,-284648,504,f,74
Ecolab,598124,-303512,1920,t,74
BasaltPickup,635117,-304237,1088,f,79
RhyolitePickup,601731,-322698,88,f,74
FuelCellPart,585239,-297635,356,f,74
ScrapMetalWreckage,596934,-300000,3532,f,74
ScrapMetalPart,588277,-293660,746,f,74
ScrapMetalPart,617909,-319204,668,f,74
ScrapMetalPart,627527,-314786,705,f,79
ScrapMetalPart,608984,-286908,702,f,74
ScrapMetalWreckage,618512,-319287,684,f,74
AzuritePickup,606658,-308551,4200,f,74
ScrapMetalPart,613617,-319480,790,f,74
BasaltOre,608801,-298921,5408,f,74
BrittleBush,583919,-312660,1432,f,74
RhyolitePickup,623803,-315573,660,f,74
ScrapMetalWreckage,614319,-285811,570,f,74
ScrapMetalPart,603171,-294461,5790,f,74
ScrapMetalWreckage,601983,-323786,128,f,74
ScrapMetalPart,591611,-291037,1043,f,74
BrittleBush,582364,-309714,1305,f,74
ScrapMetalWreckage,590478,-301868,714,f,74
RhyolitePickup,617941,-302226,2696,f,74
ScrapMetalPart,580075,-315195,1584,f,74
FuelCellPart,619681,-309682,8384,f,74
ScrapMetalWreckage,601998,-322360,173,f,74
FuelCellWreckage,619470,-318462,747,f,74
BrittleBush,610445,-301648,4845,f,74
BrittleBush,605606,-299171,5550,f,74
FuelCellPart,584182,-312896,1469,f,74
ScrapMetalPart,598747,-322306,381,f,74
FuelCellPart,595404,-295692,4052,f,74
AzuritePickup,615022,-310303,4837,f,74
ScrapMetalWreckage,613540,-320764,878,f,74
ScrapMetalPart,579206,-313632,1816,f,74
ScrapMetalPart,595437,-298841,3706,f,74
BrittleBush,642826,-315136,826,f,79
ScrapMetalWreckage,640500,-306655,956,f,79
RhyolitePickup,637959,-319827,1242,f,79
RhyolitePickup,643040,-303201,989,f,79
ScrapMetalPart,639497,-321319,1011,f,79
ScrapMetalPart,640237,-306716,959,f,79
ScrapMetalPart,642209,-306665,1004,f,79
ScrapMetalPart,640304,-303786,1555,f,79
ScrapMetalPart,640321,-297862,1738,f,79
RhyolitePickup,634442,-320407,744,f,79
ScrapMetalPart,639337,-322239,875,f,79
FuelCellPart,635084,-320367,882,f,79
ScrapMetalPart,638941,-318314,1463,f,79
BrittleBush,641145,-313691,835,f,79
ScrapMetalWreckage,640832,-305061,1053,f,79
ScrapMetalPart,639843,-322645,1015,f,79
BrittleBush,640004,-297112,1495,f,79
ScrapMetalWreckage,641956,-305881,865,f,79
ScrapMetalWreckage,639533,-321535,982,f,79
ScrapMetalWreckage,639206,-318244,1456,f,79
RhyolitePickup,643205,-315646,842,f,79
BrittleBush,645069,-300149,626,f,79
ScrapMetalPart,642590,-302085,1312,f,79
ScrapMetalWreckage,640285,-295765,1149,f,79
BrittleBush,642414,-296488,1160,f,79
BrittleBush,643915,-300585,1141,f,79
ScrapMetalWreckage,640287,-303775,1563,f,79
StravidiumOre,643178,-316199,1038,f,79
ScrapMetalPart,640657,-305023,1070,f,79
ScrapMetalPart,642065,-305641,844,f,79
RhyolitePickup,643930,-301716,912,f,79
TitaniumOre,643235,-295957,1024,f,79
FuelCellPart,639732,-296446,1234,f,79
FuelCellPart,642301,-303031,1254,f,79
ScrapMetalWreckage,640168,-319269,1243,f,79
BrittleBush,633927,-315074,1052,f,79
StravidiumPickup,641554,-296519,1151,f,79
ScrapMetalWreckage,639796,-312230,584,f,79
BrittleBush,642067,-315456,1170,f,79
FuelCellPart,640648,-319445,1228,f,79
FuelCellPart,641354,-306457,943,f,79
FuelCellPart,640488,-305520,854,f,79
ScrapMetalWreckage,639604,-322762,981,f,79
ScrapMetalPart,639808,-312243,592,f,79
ScrapMetalPart,640486,-322854,1127,f,79
AzuritePickup,643405,-301887,1079,f,79
ScrapMetalPart,640401,-295575,1221,f,79
StravidiumOre,641976,-296473,1159,f,79
FuelCellWreckage,641339,-306431,938,f,79
RhyolitePickup,641961,-303080,1343,f,79
ScrapMetalPart,640363,-319398,1226,f,79
BrittleBush,644166,-316081,933,f,79
FuelCellPart,643134,-302568,1049,f,79
Shipwreck,606893,697307,258,t,3
RhyolitePickup,597052,709803,1526,f,3
FuelCellPart,619435,714814,1593,f,3
RhyolitePickup,619208,716736,2191,f,3
BrittleBush,601367,717309,3002,f,3
ScrapMetalPart,612597,704256,742,f,3
BrittleBush,624758,719024,2277,f,3
FuelCellPart,621471,711580,963,f,3
ScrapMetalWreckage,625668,719327,1853,f,6
BrittleBush,624332,718828,2549,f,3
ScrapMetalPart,621118,712300,1216,f,3
ScrapMetalPart,626570,717269,1816,f,6
ScrapMetalPart,620386,704888,809,f,3
BrittleBush,601581,717854,3037,f,3
Hazard_Radiation,605129,713697,2642,f,3
AzuriteOre,621277,716355,2117,f,3
AzuritePickup,622306,701224,588,f,3
FuelCellPart,619321,718328,2727,f,3
BrittleBush,597898,710228,1664,f,3
ScrapMetalWreckage,625809,714750,1272,f,6
RhyolitePickup,622426,700070,459,f,3
RhyoliteOre,617527,698969,1721,f,3
ScrapMetalPart,623783,719334,2738,f,3
RhyoliteOre,624250,701619,437,f,3
RhyolitePickup,620496,705902,707,f,3
RhyolitePickup,598607,708439,1389,f,3
ScrapMetalWreckage,621991,711596,957,f,3
AzuriteOre,595316,703903,1623,f,3
FuelCellWreckage,619250,718072,2658,f,3
ScrapMetalPart,597766,703508,1154,f,3
AzuritePickup,622222,703311,1058,f,3
AzuritePickup,597002,710134,1583,f,3
ScrapMetalPart,594395,705269,1377,f,3
FuelCellWreckage,626232,717543,1986,f,6
FuelCellPart,621143,711608,995,f,3
ScrapMetalPart,625698,719435,1812,f,6
ScrapMetalPart,621884,701455,739,f,3
ScrapMetalWreckage,626503,716993,1761,f,6
StravidiumOre,622046,704670,723,f,3
AzuritePickup,620151,705909,724,f,3
ScrapMetalWreckage,594265,705500,1345,f,3
BasaltPickup,594490,703794,1503,f,3
ScrapMetalWreckage,620326,704637,906,f,3
StravidiumPickup,622422,704832,731,f,3
FuelCellPart,625971,717468,2050,f,6
BauxitePickup,598111,711326,1994,f,3
AzuritePickup,622787,714043,1591,f,3
ScrapMetalPart,625880,714637,1239,f,6
Hazard_Radiation,612845,704567,1261,f,3
BasaltPickup,619693,705332,857,f,3
BrittleBush,620036,715611,1716,f,3
AzuritePickup,621976,702456,1038,f,3
ScrapMetalPart,621719,701038,672,f,3
ScrapMetalWreckage,621597,701275,745,f,3
BrittleBush,621335,716741,2268,f,3
ScrapMetalWreckage,621972,700346,523,f,3
Hazard_Radiation,604344,710760,2453,f,3
FuelCellPart,624621,715159,1543,f,3
BauxitePickup,624644,713746,1119,f,3
FuelCellPart,619656,705729,836,f,3
RhyolitePickup,619952,706497,791,f,3
RhyolitePickup,617186,698545,2266,f,3
BrittleBush,620252,716413,2063,f,3
FuelCellPart,597406,709838,1557,f,3
ScrapMetalPart,622254,711538,948,f,3
ScrapMetalPart,601684,714256,3093,f,3
ScrapMetalWreckage,622294,720767,2831,f,3
ScrapMetalPart,622354,713998,1545,f,3
ScrapMetalPart,621087,720620,3059,f,3
ScrapMetalPart,621836,700152,537,f,3
BauxiteOre,597726,711504,1984,f,3
AzuritePickup,594998,703645,1596,f,3
BrittleBush,619562,711616,1061,f,3
BasaltOre,620101,705376,750,f,3
RhyolitePickup,620883,711364,953,f,3
FuelCellPart,621275,720335,3083,f,3
BrittleBush,601348,713773,2962,f,3
ScrapMetalWreckage,593893,709105,1051,f,3
ScrapMetalPart,593889,709124,1064,f,3
Shipwreck,600550,707612,1372,t,3
BasaltPickup,626953,720524,1226,f,6
BauxiteOre,624846,713572,1030,f,3
AzuritePickup,620565,711518,1025,f,3
BasaltOre,627023,720199,1265,f,6
ScrapMetalPart,619596,717092,2341,f,3
RhyolitePickup,624300,701212,400,f,3
ScrapMetalWreckage,617624,697184,1725,f,3
ScrapMetalPart,622537,713633,1475,f,3
ScrapMetalPart,621902,701834,855,f,3
FuelCellPart,597649,703950,1190,f,3
ScrapMetalPart,606406,707042,2046,f,3
ScrapMetalPart,617802,697008,1720,f,3
ScrapMetalPart,610929,706275,1645,f,3
Shipwreck,616964,711463,1344,t,3
ScrapMetalWreckage,622550,713621,1474,f,3
AzuritePickup,622548,714241,1629,f,3
BrittleBush,598272,711117,1942,f,3
ScrapMetalPart,604476,713367,2245,f,3
ScrapMetalPart,621086,712626,1264,f,3
ScrapMetalPart,622036,720867,2891,f,3
Cave,635033,977873,21092,t,2
FuelCellPart,-407700,211171,3723,f,31
ScrapMetalPart,-408490,212010,3813,f,31
FuelCellPart,-403584,208832,3655,f,31
ScrapMetalPart,-409628,213029,3855,f,31
ScrapMetalWreckage,-405023,213379,4270,f,31
ScrapMetalPart,-409807,213374,3826,f,31
FuelCellPart,-408153,214775,3813,f,31
ScrapMetalWreckage,-406267,212725,4057,f,31
FuelCellWreckage,-409307,214920,3584,f,31
RhyolitePickup,-405297,217043,3861,f,31
ScrapMetalPart,-405970,217918,3696,f,31
ScrapMetalPart,-407001,213854,3964,f,31
FuelCellWreckage,-409484,214199,3699,f,31
BrittleBush,-406367,211567,4176,f,31
ScrapMetalPart,-405020,213653,4277,f,31
RhyolitePickup,-405838,218547,3557,f,31
ScrapMetalPart,-408064,213918,3825,f,31
FuelCellPart,-409279,214908,3613,f,31
ScrapMetalWreckage,-406944,213922,3969,f,31
ScrapMetalPart,-406443,212571,4040,f,31
FuelCellPart,-406564,212310,4041,f,31
ScrapMetalWreckage,-408502,211800,3833,f,31
ScrapMetalPart,-406216,215003,4056,f,31
AzuritePickup,-404657,213904,4333,f,31
FuelCellPart,-409434,213937,3730,f,31
BrittleBush,-404755,208574,3819,f,31
ScrapMetalWreckage,-408282,213940,3796,f,31
TitaniumPickup,-638200,-642379,2542,f,26
StravidiumOre,-643136,-632327,6445,f,26
StravidiumPickup,-643140,-632444,6456,f,26
TitaniumOre,-638384,-642761,2613,f,26
TitaniumOre,-642890,-717039,2525,f,26
TitaniumPickup,-635841,-717898,1375,f,26
TitaniumOre,-635633,-718113,1361,f,26
TitaniumOre,-635420,-717131,1196,f,26
TitaniumOre,-635264,-719792,1533,f,26
TitaniumOre,-637596,-710668,652,f,26
ScrapMetalPart,-642579,-717305,2518,f,26
TitaniumPickup,-635747,-716178,1108,f,26
TitaniumPickup,-626883,-746254,2903,f,46
TitaniumOre,-626696,-747984,1159,f,46
TitaniumOre,-626360,-748940,1107,f,46
TitaniumOre,-630115,-747607,1077,f,46
TitaniumPickup,-626295,-747843,1151,f,46
TitaniumOre,-622556,-744914,1672,f,46
TitaniumPickup,-625847,-746962,1478,f,46
TitaniumOre,-625603,-746614,1601,f,46
ScrapMetalPart,-623480,-744681,2061,f,46
TitaniumPickup,-629843,-747274,1062,f,46
TitaniumPickup,-622325,-745126,1568,f,46
StravidiumOre,-680553,-949772,4621,f,46
StravidiumOre,-638062,-950017,2298,f,46
StravidiumPickup,-673605,-945990,4156,f,46
StravidiumOre,-680927,-948421,8224,f,46
TitaniumPickup,-636943,-946285,1684,f,46
ScrapMetalPart,-677515,-943772,2540,f,46
TitaniumOre,-675942,-948360,3614,f,46
TitaniumOre,-636598,-946295,1683,f,46
StravidiumOre,-673368,-946325,4187,f,46
StravidiumPickup,-680837,-949978,4577,f,46
BrittleBush,-672882,-953201,2276,f,46
TitaniumPickup,-675632,-950153,5216,f,46
ScrapMetalPart,-681011,-948458,8256,f,46
StravidiumPickup,-638132,-950428,2332,f,46
TitaniumOre,-675510,-950400,5247,f,46
TitaniumOre,-677881,-943803,2610,f,46
TitaniumPickup,-675596,-948130,3603,f,46
StravidiumPickup,-706136,-944006,2576,f,46
TitaniumOre,-707681,-946666,2510,f,46
TitaniumPickup,-707536,-946264,2573,f,46
StravidiumOre,-706151,-944422,2558,f,46
StravidiumOre,-785218,-808778,1769,f,27
TitaniumOre,-797241,-826225,3907,f,27
StravidiumOre,-792052,-811922,3508,f,27
ScrapMetalPart,-792288,-812033,3469,f,27
ScrapMetalPart,-809117,-817747,5893,f,27
StravidiumPickup,-785600,-808926,1758,f,27
StravidiumPickup,-792659,-823043,1890,f,27
StravidiumOre,-792729,-822743,1898,f,27
StravidiumOre,-809241,-818105,5863,f,27
TitaniumOre,-781945,-807466,1565,f,27
StravidiumPickup,-821031,-830984,635,f,27
TitaniumPickup,-781700,-807386,1565,f,27
TitaniumPickup,-797263,-825818,3923,f,27
StravidiumOre,-820625,-830924,672,f,27
AzuritePickup,-182496,14619,170,f,42
ScrapMetalWreckage,-200508,14191,4690,f,41
ScrapMetalPart,-203307,22069,981,f,41
FuelCellPart,-206410,4624,6244,f,41
BasaltOre,-211930,20093,1587,f,41
ScrapMetalPart,-219778,22976,1549,f,41
BrittleBush,-213737,26618,1506,f,41
FuelCellPart,-219257,26052,1506,f,41
BrittleBush,-204882,14842,4531,f,41
RhyolitePickup,-211127,22901,1507,f,41
RhyolitePickup,-215521,19603,1929,f,41
ScrapMetalPart,-207672,3504,6239,f,41
RhyoliteOre,-190051,13730,646,f,41
ScrapMetalPart,-219774,26052,1506,f,41
BrittleBush,-211072,18213,1505,f,41
ScrapMetalWreckage,-217959,26962,1506,f,41
RhyolitePickup,-216467,18435,1744,f,41
TitaniumOre,-215264,17801,1629,f,41
AzuriteOre,-204592,10817,4451,f,41
ScrapMetalPart,-214060,28085,1506,f,41
FuelCellPart,-217474,19436,1774,f,41
ScrapMetalPart,-219479,20544,1601,f,41
FuelCellPart,-220532,35150,1673,f,41
AzuritePickup,-203973,13766,5137,f,41
BrittleBush,-207135,3542,6093,f,41
ScrapMetalPart,-196255,6115,1295,f,41
RhyolitePickup,-189725,13938,604,f,41
AzuritePickup,-204610,11067,4495,f,41
FuelCellPart,-220106,35216,1634,f,41
FuelCellPart,-212838,35734,1772,f,41
AzuritePickup,-211276,22252,1507,f,41
RhyolitePickup,-196611,942,2877,f,41
ScrapMetalPart,-211246,21170,1507,f,41
ScrapMetalPart,-193616,8872,931,f,41
ScrapMetalPart,-209157,2015,6729,f,41
ScrapMetalPart,-199657,24112,949,f,41
ScrapMetalWreckage,-194128,18748,2306,f,41
ScrapMetalPart,-193098,6923,945,f,41
ScrapMetalPart,-211023,18441,1507,f,41
FuelCellPart,-185383,10054,485,f,41
ScrapMetalWreckage,-217035,26810,1506,f,41
AzuritePickup,-201612,21384,1329,f,41
AzuritePickup,-182911,15247,170,f,42
StravidiumOre,-201805,10520,7052,f,41
ScrapMetalWreckage,-207774,3255,6267,f,41
FuelCellPart,-182093,14528,170,f,42
ScrapMetalPart,-206891,8664,5182,f,41
ScrapMetalPart,-207331,5584,6286,f,41
ScrapMetalWreckage,-220803,35840,1840,f,41
BrittleBush,-190794,11224,633,f,41
FuelCellPart,-192102,7658,825,f,41
ScrapMetalPart,-190208,14385,625,f,41
FuelCellPart,-208923,10518,4509,f,41
FuelCellPart,-208855,3065,6537,f,41
ScrapMetalPart,-218389,33762,1848,f,41
ScrapMetalPart,-211620,21815,1510,f,41
AzuritePickup,-215472,11717,3427,f,41
FuelCellWreckage,-212853,35720,1763,f,41
RhyolitePickup,-200314,23355,970,f,41
FuelCellPart,-194730,109,3467,f,41
ScrapMetalPart,-213135,27303,1506,f,41
BrittleBush,-218753,19985,1683,f,41
BrittleBush,-185993,9732,514,f,41
ScrapMetalWreckage,-199390,24145,977,f,41
AzuritePickup,-212274,26274,1506,f,41
ScrapMetalWreckage,-218186,25110,1519,f,41
BrittleBush,-218800,36181,2023,f,41
FuelCellPart,-204810,20201,1883,f,41
TitaniumOre,-212943,30917,1311,f,41
ScrapMetalPart,-217821,27061,1506,f,41
ScrapMetalWreckage,-213576,12613,4066,f,41
BrittleBush,-200003,7807,2539,f,41
ScrapMetalPart,-189128,3334,1917,f,41
RhyolitePickup,-216311,14927,1830,f,41
RhyolitePickup,-201586,10053,3512,f,41
ScrapMetalWreckage,-208009,18060,2321,f,41
FuelCellPart,-217846,19403,1731,f,41
ScrapMetalPart,-219366,19650,1537,f,41
BrittleBush,-191907,1550,2553,f,41
BasaltPickup,-212139,20447,1647,f,41
ScrapMetalWreckage,-219610,25832,1506,f,41
ScrapMetalWreckage,-201131,22255,1155,f,41
StravidiumPickup,-217267,33340,2551,f,41
ScrapMetalWreckage,-220138,22462,1497,f,41
ScrapMetalPart,-218214,25118,1529,f,41
RhyolitePickup,-205909,11764,4517,f,41
ScrapMetalWreckage,-209299,2026,6732,f,41
RhyolitePickup,-219802,33221,1387,f,41
FuelCellPart,-211280,21759,1507,f,41
FuelCellPart,-220048,37220,1921,f,41
ScrapMetalPart,-218299,31111,1258,f,41
ScrapMetalPart,-201808,16988,3905,f,41
ScrapMetalWreckage,-219623,19714,1507,f,41
AzuritePickup,-206456,13299,4387,f,41
FuelCellPart,-214514,9500,3745,f,41
FuelCellPart,-218914,26044,1506,f,41
ScrapMetalWreckage,-207068,5567,6370,f,41
BrittleBush,-216613,30064,1403,f,41
ScrapMetalWreckage,-195572,12359,4871,f,41
ScrapMetalPart,-200280,14239,4650,f,41
RhyolitePickup,-215827,15222,1768,f,41
ScrapMetalWreckage,-217127,18746,1746,f,41
BrittleBush,-215234,16185,1647,f,41
ScrapMetalPart,-213564,12449,4044,f,41
RhyolitePickup,-203999,21893,996,f,41
FuelCellPart,-218993,24806,1507,f,41
ScrapMetalPart,-197148,14133,4861,f,41
FuelCellPart,-213819,8507,4604,f,41
FuelCellPart,-189501,2874,2064,f,41
ScrapMetalPart,-197383,22955,1426,f,41
ScrapMetalPart,-207763,18181,2280,f,41
RhyolitePickup,-213529,27501,1506,f,41
ScrapMetalPart,-219878,36400,1808,f,41
FuelCellPart,-207054,3961,6093,f,41
ScrapMetalPart,-201292,22043,1189,f,41
ScrapMetalPart,-215431,27104,1506,f,41
BrittleBush,-217376,24726,1728,f,41
RhyolitePickup,-211415,24764,1507,f,41
ScrapMetalWreckage,-201948,17201,3830,f,41
ScrapMetalPart,-192235,2127,2439,f,41
FuelCellWreckage,-220911,34940,1690,f,41
BrittleBush,-196615,15282,4731,f,41
RhyolitePickup,-189780,5795,1107,f,41
ScrapMetalPart,-212969,9158,4422,f,41
ScrapMetalPart,-195514,12649,4885,f,41
ScrapMetalWreckage,-214574,8059,4970,f,41
ScrapMetalPart,-217053,27077,1506,f,41
ScrapMetalWreckage,-213833,28236,1506,f,41
AzuritePickup,-214154,11863,3816,f,41
TitaniumPickup,-214983,17537,1658,f,41
ScrapMetalWreckage,-193104,6938,941,f,41
ScrapMetalWreckage,-196885,14079,4857,f,41
AzuritePickup,-210107,8550,5073,f,41
ScrapMetalWreckage,-196291,6112,1297,f,41
ScrapMetalPart,-199883,22372,1234,f,41
ScrapMetalWreckage,-213008,9358,4339,f,41
ScrapMetalWreckage,-193980,9180,1002,f,41
RhyolitePickup,-196128,20762,1817,f,41
TitaniumPickup,-197346,8373,1843,f,41
FuelCellPart,-212746,4579,6836,f,41
ScrapMetalPart,-217321,25663,1573,f,41
ScrapMetalWreckage,-219704,36614,1819,f,41
ScrapMetalPart,-217699,19780,1793,f,41
TitaniumOre,-197591,8703,1848,f,41
ScrapMetalPart,-213111,28446,1497,f,41
ScrapMetalPart,-194203,9081,1042,f,41
ScrapMetalPart,-191302,18958,563,f,41
ScrapMetalPart,-221644,34860,1823,f,41
RhyolitePickup,-210552,13954,4703,f,41
ScrapMetalWreckage,-219103,19145,1538,f,41
ScrapMetalPart,-204433,14028,5029,f,41
RhyolitePickup,-193583,1922,2799,f,41
StravidiumPickup,-202033,10291,7209,f,41
RhyolitePickup,-194738,18593,2443,f,41
StravidiumOre,-216992,33057,2556,f,41
ScrapMetalWreckage,-220048,22991,1511,f,41
ScrapMetalWreckage,-203463,21845,1041,f,41
ScrapMetalPart,-220566,35952,1824,f,41
AzuritePickup,-220936,32563,1277,f,41
RhyolitePickup,-219468,31294,1187,f,41
ScrapMetalPart,-217131,18764,1746,f,41
RhyolitePickup,-206258,12784,4455,f,41
ScrapMetalPart,-194247,18588,2373,f,41
BrittleBush,-217100,25994,1500,f,41
ScrapMetalPart,-219240,19212,1526,f,41
ScrapMetalWreckage,-192340,1974,2485,f,41
AzuritePickup,-211113,24014,1507,f,41
BrittleBush,-216111,20284,1958,f,41
FuelCellPart,-211939,34342,1613,f,41
FuelCellPart,-210690,21351,1507,f,41
ScrapMetalPart,-219936,22469,1533,f,41
BrittleBush,-112531,172705,2230,f,32
BasaltPickup,-112398,167700,1474,f,32
BasaltOre,-112282,167312,1333,f,32
ScrapMetalWreckage,-107661,169791,1235,f,32
ScrapMetalPart,-107620,170028,1238,f,32
ScrapMetalPart,-112163,168530,1782,f,32
ScrapMetalWreckage,-109761,167175,1245,f,32
AzuritePickup,-108395,169761,1433,f,32
ScrapMetalPart,-109510,168076,1418,f,32
RhyolitePickup,-112342,175786,1221,f,32
BrittleBush,-110954,168819,1868,f,32
RhyolitePickup,-109262,167722,1271,f,32
ScrapMetalPart,-108487,166309,1359,f,32
ScrapMetalPart,-106629,171513,1302,f,32
ScrapMetalWreckage,-108906,167476,1344,f,32
BrittleBush,-113980,166808,1204,f,32
TitaniumPickup,-112839,172309,2156,f,32
ScrapMetalPart,-112538,165678,866,f,32
ScrapMetalPart,-108126,170003,1370,f,32
BrittleBush,-109915,169207,1807,f,32
RhyolitePickup,-113037,167511,1401,f,32
ScrapMetalPart,-109967,167338,1233,f,32
ScrapMetalPart,-107998,168861,1248,f,32
RhyolitePickup,-111333,167240,1278,f,32
RhyolitePickup,-110429,167814,1469,f,32
ScrapMetalWreckage,-107989,168873,1241,f,32
TitaniumOre,-112513,172400,2258,f,32
ScrapMetalWreckage,-66639,230831,2701,f,32
RhyolitePickup,-74346,235539,3162,f,32
ScrapMetalPart,-66512,234360,3054,f,32
ScrapMetalWreckage,-65546,231293,2852,f,32
TitaniumOre,-68586,241283,2820,f,32
AzuritePickup,-75039,239417,2712,f,32
BrittleBush,-65971,239163,2703,f,32
FuelCellWreckage,-69405,230973,2746,f,32
ScrapMetalWreckage,-66507,234375,3046,f,32
BrittleBush,-68447,234128,3612,f,32
ScrapMetalPart,-66231,231777,2717,f,32
ScrapMetalPart,-67947,232327,3038,f,32
ScrapMetalPart,-75369,234597,2762,f,32
RhyolitePickup,-67848,235412,3499,f,32
ScrapMetalWreckage,-75222,239976,2830,f,32
FuelCellPart,-74465,233582,3172,f,32
FuelCellPart,-69421,230751,2716,f,32
FuelCellPart,-65457,238243,2751,f,32
ScrapMetalPart,-67145,234131,3222,f,32
ScrapMetalPart,-75248,239992,2859,f,32
ScrapMetalWreckage,-66462,235348,3041,f,32
ScrapMetalPart,-73092,238097,3405,f,32
FuelCellPart,-70547,231594,3170,f,32
RhyolitePickup,-65204,233188,2840,f,32
BrittleBush,-75100,232403,2748,f,32
BrittleBush,-71075,231951,3346,f,32
BrittleBush,-74865,233126,2949,f,32
FuelCellPart,-66969,235415,3175,f,32
AzuritePickup,-67116,235712,3242,f,32
ScrapMetalPart,-73090,238675,3219,f,32
BasaltPickup,-69406,231732,3067,f,32
ScrapMetalPart,-74459,239654,2650,f,32
FuelCellPart,-65244,233868,2814,f,32
ScrapMetalPart,-66013,239785,2721,f,32
ScrapMetalPart,-68189,232880,3261,f,32
ScrapMetalWreckage,-73072,238095,3413,f,32
RhyolitePickup,-69225,231832,3084,f,32
ScrapMetalWreckage,-72848,238791,3200,f,32
ScrapMetalWreckage,-67703,232231,2977,f,32
ScrapMetalPart,-66550,231075,2702,f,32
ScrapMetalPart,-76241,237516,2915,f,32
ScrapMetalPart,-75506,238941,2741,f,32
ScrapMetalWreckage,-75519,239204,2787,f,32
ScrapMetalPart,-64835,237345,2811,f,32
TitaniumPickup,-68686,240871,2938,f,32
ScrapMetalWreckage,-67147,234135,3217,f,32
ScrapMetalWreckage,-65996,231810,2743,f,32
ScrapMetalWreckage,-76057,237584,2841,f,32
ScrapMetalPart,-66493,235587,3044,f,32
FuelCellPart,-75331,237647,2849,f,32
FuelCellPart,-65312,236322,2755,f,32
ScrapMetalWreckage,-66432,232303,2833,f,32
BrittleBush,-73301,229168,2624,f,32
FuelCellWreckage,-75494,237874,2780,f,32
ScrapMetalPart,-73971,239036,2920,f,32
FuelCellPart,-66485,234756,3037,f,32
ScrapMetalWreckage,-74144,238989,2903,f,32
BasaltOre,-69839,231784,3138,f,32
RhyolitePickup,-68529,232646,3274,f,32
AzuritePickup,-74682,235478,3029,f,32
BrittleBush,-75043,232860,2837,f,32
BrittleBush,-70496,230921,2868,f,32
ScrapMetalPart,-66413,232292,2831,f,32
ScrapMetalPart,-65656,231051,2853,f,32
ScrapMetalPart,-68986,233664,3670,f,32
BrittleBush,132828,546349,3732,f,67
ScrapMetalWreckage,143432,534444,1906,f,67
AzuritePickup,131318,529006,2994,f,67
FuelCellPart,136164,542087,3102,f,67
FuelCellPart,133312,522912,2265,f,67
TitaniumOre,120130,578700,2396,f,67
FuelCellWreckage,126889,530599,2996,f,67
TitaniumOre,126507,544605,9291,f,67
ScrapMetalPart,137796,529706,2761,f,67
ScrapMetalPart,116471,573859,2620,f,67
ScrapMetalPart,131655,523263,1994,f,67
BrittleBush,137583,526102,2194,f,67
ScrapMetalPart,143559,534679,1917,f,67
ScrapMetalWreckage,138634,539519,3124,f,67
ScrapMetalPart,133609,529442,3404,f,67
RhyolitePickup,140889,532433,2429,f,67
BrittleBush,131575,535930,4239,f,67
RhyolitePickup,118845,573415,1874,f,67
RhyolitePickup,139561,538485,3039,f,67
ScrapMetalPart,135331,523804,2452,f,67
RhyolitePickup,115149,571477,2574,f,67
StravidiumPickup,138634,532025,3304,f,67
RhyolitePickup,142022,532366,2048,f,67
RhyolitePickup,143577,536715,2125,f,67
ScrapMetalWreckage,131844,523450,1955,f,67
ScrapMetalWreckage,134105,523359,2259,f,67
RhyolitePickup,130388,531382,3460,f,67
AzuritePickup,134588,523885,2202,f,67
ScrapMetalWreckage,133179,529249,3314,f,67
BauxitePickup,139558,537432,3227,f,67
RhyolitePickup,119452,573916,1983,f,67
AzuritePickup,134776,524282,2125,f,67
TitaniumPickup,139546,534237,3568,f,67
FuelCellPart,115556,574460,2943,f,67
ScrapMetalPart,134817,528988,3223,f,67
ScrapMetalWreckage,140784,538638,2704,f,67
ScrapMetalPart,133126,522971,2215,f,67
BasaltPickup,127394,546664,14020,f,67
FuelCellPart,115428,573211,2642,f,67
ScrapMetalPart,131677,535272,4113,f,67
BauxitePickup,133374,544556,3304,f,67
FuelCellWreckage,115443,573215,2623,f,67
BauxitePickup,132946,539707,4372,f,67
FuelCellPart,127158,530643,3050,f,67
ScrapMetalPart,133262,528988,3263,f,67
FuelCellPart,117727,573263,2145,f,67
ScrapMetalWreckage,116286,573704,2618,f,67
FuelCellPart,136374,540710,3374,f,67
ScrapMetalPart,142849,538152,2286,f,67
AzuritePickup,135353,540876,3546,f,67
ScrapMetalPart,140284,530012,2077,f,67
ScrapMetalPart,126913,532739,3430,f,67
ScrapMetalPart,135059,524470,2124,f,67
ScrapMetalWreckage,144094,534890,1975,f,67
ScrapMetalPart,141745,533890,2390,f,67
ScrapMetalPart,142502,533009,2008,f,67
BauxiteOre,133346,539807,4330,f,67
RhyolitePickup,127859,527693,2420,f,67
FuelCellPart,119265,574424,1983,f,67
BrittleBush,114448,579074,3612,f,67
ScrapMetalPart,140671,538879,2704,f,67
TitaniumOre,140170,534349,3081,f,67
ScrapMetalWreckage,125362,532837,3158,f,67
FuelCellWreckage,138137,526795,2175,f,67
FuelCellPart,143856,534514,1981,f,67
ScrapMetalPart,115856,574725,2979,f,67
RhyolitePickup,135707,539964,3587,f,67
FuelCellPart,127121,530333,2986,f,67
BasaltOre,134087,538078,4048,f,67
ScrapMetalWreckage,125679,528119,2130,f,67
ScrapMetalPart,114893,573620,2799,f,67
BauxiteOre,139475,537117,3315,f,67
BasaltOre,127721,532654,3556,f,67
BauxiteOre,133167,544795,3307,f,67
RhyolitePickup,130995,527955,2696,f,67
BrittleBush,130077,534401,4010,f,67
ScrapMetalPart,141030,538337,2678,f,67
ScrapMetalPart,135092,536678,3981,f,67
ScrapMetalPart,144062,537653,2062,f,67
RhyolitePickup,125577,534025,3408,f,67
ScrapMetalWreckage,141969,534037,2334,f,67
FuelCellPart,138278,526940,2182,f,67
ScrapMetalPart,134119,523328,2279,f,67
BasaltPickup,127310,532647,3483,f,67
FuelCellPart,132684,524702,2312,f,67
FuelCellPart,135467,545321,2539,f,67
BasaltOre,127727,546855,14065,f,67
TitaniumPickup,119729,578561,2515,f,67
AzuritePickup,115706,574156,2816,f,67
ScrapMetalWreckage,114895,573624,2794,f,67
FuelCellPart,128544,533184,3802,f,67
ScrapMetalPart,125548,532943,3213,f,67
ScrapMetalWreckage,143866,537751,2097,f,67
RhyolitePickup,115776,573403,2655,f,67
FuelCellPart,131203,533213,3906,f,67
ScrapMetalWreckage,132899,522922,2196,f,67
ScrapMetalPart,138484,539445,3179,f,67
ScrapMetalPart,127986,532146,3491,f,67
FuelCellPart,125852,532868,3256,f,67
BrittleBush,133863,542260,3609,f,67
ScrapMetalPart,132393,530500,3490,f,67
FuelCellWreckage,128987,529158,2867,f,67
FuelCellPart,143342,537181,2199,f,67
ScrapMetalPart,125616,528277,2216,f,67
FuelCellPart,141744,542562,2243,f,67
FuelCellPart,128744,529280,2923,f,67
ScrapMetalPart,126494,544843,9238,f,67
AzuritePickup,125977,533287,3356,f,67
ScrapMetalPart,143896,534760,1952,f,67
FuelCellWreckage,136029,542187,3082,f,67
AzuritePickup,139773,537662,3121,f,67
AzuritePickup,120261,575725,2187,f,67
RhyolitePickup,134147,537526,3976,f,67
StravidiumOre,138361,532349,3278,f,67
BasaltPickup,134138,538565,4088,f,67
ScrapMetalPart,134940,523973,2266,f,67
AzuritePickup,140298,537244,3029,f,67
ScrapMetalPart,114851,612835,3082,f,67
FuelCellPart,105659,622760,3432,f,67
RhyolitePickup,82142,569004,2605,f,67
BasaltOre,105009,617035,5262,f,67
FuelCellPart,97801,618814,4744,f,67
BrittleBush,108126,604327,7504,f,67
RhyolitePickup,95969,607178,2991,f,67
FuelCellWreckage,101510,612200,4001,f,67
ScrapMetalPart,105966,618052,4591,f,67
FuelCellPart,106349,620846,3959,f,67
BauxiteOre,103530,623388,3376,f,67
ScrapMetalWreckage,97168,617598,4377,f,67
AzuritePickup,106374,611224,6151,f,67
BrittleBush,109981,579062,2979,f,67
RhyolitePickup,87157,575887,2486,f,67
ScrapMetalWreckage,106095,618278,4488,f,67
FuelCellPart,116050,615817,3053,f,67
ScrapMetalWreckage,105236,622629,3422,f,67
FuelCellPart,106782,625009,3031,f,67
RhyolitePickup,101040,607479,3304,f,67
AzuritePickup,100901,615545,4541,f,67
FuelCellPart,113423,582408,2560,f,67
ScrapMetalPart,81536,569833,2662,f,67
BasaltPickup,84667,573805,2971,f,67
ScrapMetalPart,100858,607473,3270,f,67
StravidiumOre,104195,609546,6008,f,67
ScrapMetalWreckage,97345,607348,3207,f,67
FuelCellPart,112896,573982,2851,f,67
ScrapMetalWreckage,100822,601988,2968,f,67
TitaniumPickup,86317,570743,2667,f,67
TitaniumOre,85934,570788,2638,f,67
ScrapMetalWreckage,99062,608375,3040,f,67
ScrapMetalPart,103435,624412,3031,f,67
RhyolitePickup,106480,616499,4332,f,67
RhyolitePickup,105705,623626,3140,f,67
BauxiteOre,106027,621191,3953,f,67
ScrapMetalPart,108483,625368,3685,f,67
ScrapMetalWreckage,81292,569731,2716,f,68
ScrapMetalPart,115722,582360,2383,f,67
FuelCellPart,113962,610561,3058,f,67
ScrapMetalPart,97020,617373,4375,f,67
ScrapMetalPart,97685,610626,3012,f,67
ScrapMetalPart,86222,577349,2414,f,67
FuelCellPart,97136,616746,4443,f,67
BasaltOre,95124,618780,3783,f,67
FuelCellPart,97555,611938,3061,f,67
ScrapMetalPart,97445,607605,3190,f,67
RhyolitePickup,90940,619001,2977,f,67
RhyolitePickup,103220,621166,6261,f,67
ScrapMetalPart,112729,571843,2541,f,67
ScrapMetalWreckage,107205,625080,3149,f,67
FuelCellPart,106999,624156,3214,f,67
ScrapMetalPart,81074,569016,2815,f,68
BasaltOre,112972,578627,4343,f,67
BrittleBush,107053,603877,7542,f,67
BauxitePickup,113918,578333,4406,f,67
ScrapMetalWreckage,106452,611583,6146,f,67
ScrapMetalWreckage,97652,610629,3010,f,67
AzuritePickup,105597,616415,4477,f,67
FuelCellPart,105366,623520,3123,f,67
ScrapMetalPart,108248,612679,4408,f,67
ScrapMetalPart,99417,605111,3219,f,67
ScrapMetalPart,91731,620095,2848,f,67
BrittleBush,98251,612096,3176,f,67
ScrapMetalPart,103053,624583,3010,f,67
FuelCellPart,87496,576363,2390,f,67
ScrapMetalPart,108332,625054,3553,f,67
ScrapMetalPart,79401,571758,3091,f,68
ScrapMetalPart,93790,620985,2947,f,67
ScrapMetalPart,83371,569587,2623,f,67
FuelCellPart,110813,622070,5804,f,67
ScrapMetalPart,112347,612370,3845,f,67
AzuritePickup,88862,572897,2415,f,67
BasaltOre,100971,619279,6474,f,67
BasaltPickup,107183,607808,10381,f,67
ScrapMetalPart,109867,613363,4265,f,67
ScrapMetalPart,115146,611694,2907,f,67
ScrapMetalWreckage,113841,572740,2585,f,67
AzuritePickup,105529,610118,5989,f,67
BasaltPickup,112606,578664,4277,f,67
BauxiteOre,113500,578438,4401,f,67
AzuritePickup,115082,614062,3047,f,67
ScrapMetalPart,105170,622767,3388,f,67
BrittleBush,109343,578989,3069,f,67
ScrapMetalPart,104378,622716,3428,f,67
ScrapMetalWreckage,102881,610938,4216,f,67
BasaltPickup,104773,617258,5269,f,67
ScrapMetalPart,103610,620784,6286,f,67
RhyolitePickup,104660,602058,2887,f,67
RhyolitePickup,100667,600688,2884,f,67
BrittleBush,100422,617276,5410,f,67
ScrapMetalPart,100283,600538,2928,f,67
ScrapMetalWreckage,115855,582027,2367,f,67
ScrapMetalWreckage,106986,621049,4054,f,67
BasaltPickup,100664,619576,6478,f,67
ScrapMetalWreckage,85668,577326,2496,f,67
RhyolitePickup,102268,624118,3287,f,67
AzuritePickup,80756,570136,2798,f,68
ScrapMetalPart,115911,581867,2438,f,67
BrittleBush,98133,618627,4778,f,67
ScrapMetalPart,101095,615841,4553,f,67
ScrapMetalWreckage,109721,613344,4281,f,67
AzuritePickup,100667,624317,2921,f,67
ScrapMetalWreckage,104174,622553,3508,f,67
BrittleBush,97893,612401,3138,f,67
RhyolitePickup,94330,621255,2932,f,67
ScrapMetalPart,102134,605040,3403,f,67
AzuritePickup,111344,617449,7149,f,67
ScrapMetalPart,106968,620844,4071,f,67
ScrapMetalPart,97220,623097,2804,f,67
AzuritePickup,84590,570582,2753,f,67
BauxitePickup,88428,573465,2410,f,67
RhyolitePickup,107645,604545,7610,f,67
BrittleBush,84221,578026,2724,f,67
ScrapMetalWreckage,106942,601977,3195,f,67
FuelCellPart,111124,580980,2780,f,67
RhyoliteOre,105503,610951,6183,f,67
ScrapMetalWreckage,108091,625148,3535,f,67
AzuritePickup,106111,611611,6162,f,67
ScrapMetalWreckage,91878,619872,2870,f,67
ScrapMetalPart,86738,575414,2593,f,67
ScrapMetalWreckage,103427,624375,3038,f,67
BrittleBush,111925,624070,3711,f,67
FuelCellPart,112787,606543,3124,f,67
BasaltPickup,95527,618860,3768,f,67
FuelCellWreckage,107268,624218,3251,f,67
FuelCellPart,109287,625187,3629,f,67
ScrapMetalPart,97683,607405,3204,f,67
ScrapMetalWreckage,83120,569675,2627,f,67
AzuritePickup,113768,608810,2979,f,67
ScrapMetalWreckage,101936,605221,3387,f,67
BrittleBush,80115,575096,3084,f,68
FuelCellPart,113267,582079,2567,f,67
TitaniumOre,107540,613833,4115,f,67
TitaniumPickup,107131,613798,4122,f,67
AzuritePickup,110748,619422,7120,f,67
FuelCellWreckage,110675,622063,5798,f,67
BrittleBush,97045,611752,3050,f,67
AzuritePickup,112907,581113,2681,f,67
BrittleBush,98964,620762,3686,f,67
BauxitePickup,111634,610826,5020,f,67
FuelCellWreckage,104075,624122,3016,f,67
ScrapMetalPart,111378,580676,2764,f,67
ScrapMetalPart,115441,583605,2517,f,67
RhyolitePickup,100629,615804,4667,f,67
BrittleBush,112873,624029,3794,f,67
BasaltOre,84838,574133,2961,f,67
FuelCellPart,88961,573827,2367,f,67
RhyolitePickup,106663,613673,4224,f,67
AzuritePickup,99749,600137,3002,f,67
ScrapMetalWreckage,110201,618366,7127,f,67
ScrapMetalPart,115327,582015,2497,f,67
ScrapMetalPart,101108,617670,5460,f,67
ScrapMetalPart,115584,582760,2415,f,67
ScrapMetalWreckage,101364,615780,4498,f,67
FuelCellPart,98495,600425,3176,f,67
BrittleBush,109138,579377,3087,f,67
ScrapMetalPart,85382,576911,2625,f,67
RhyolitePickup,113860,619740,3169,f,67
FuelCellWreckage,113526,582667,2556,f,67
AzuritePickup,86042,575017,2727,f,67
AzuritePickup,101731,603255,3150,f,67
BrittleBush,88706,572223,2486,f,67
AzuritePickup,112183,580439,2739,f,67
AzuritePickup,112033,575648,3164,f,67
FuelCellPart,103927,624282,2995,f,67
ScrapMetalPart,113767,573588,2800,f,67
ScrapMetalPart,113728,573158,2653,f,67
AzuritePickup,113026,607829,2996,f,67
RhyolitePickup,105399,611312,6209,f,67
AzuritePickup,115151,617066,2870,f,67
RhyolitePickup,113908,615111,4383,f,67
ScrapMetalPart,99103,608644,3047,f,67
ScrapMetalWreckage,93581,620968,2928,f,67
ScrapMetalPart,106639,614110,4158,f,67
ScrapMetalWreckage,111014,573814,2744,f,67
BrittleBush,97228,621619,3014,f,67
BasaltOre,107566,607633,10376,f,67
ScrapMetalPart,85444,577475,2501,f,67
RhyolitePickup,84655,572084,2937,f,67
ScrapMetalWreckage,92574,614171,3194,f,67
ScrapMetalPart,110207,618093,7124,f,67
ScrapMetalPart,89882,618681,3289,f,67
ScrapMetalPart,90334,618693,3178,f,67
ScrapMetalPart,110183,612975,4185,f,67
BauxiteOre,96468,619755,4279,f,67
AzuritePickup,83373,570238,2720,f,67
FuelCellPart,82799,570929,2801,f,67
FuelCellPart,104595,622715,3412,f,67
FuelCellPart,111846,618237,7159,f,67
BrittleBush,86920,569507,2672,f,67
ScrapMetalWreckage,97486,623064,2817,f,67
BauxitePickup,96240,619397,4290,f,67
TitaniumOre,103400,618777,6384,f,67
ScrapMetalPart,102916,608352,3891,f,67
RhyolitePickup,114946,612404,2997,f,67
BrittleBush,96583,612129,3147,f,67
BauxiteOre,112041,610879,5064,f,67
ScrapMetalPart,106922,601709,3264,f,67
RhyolitePickup,107994,614240,4145,f,67
BrittleBush,86818,569916,2587,f,67
ScrapMetalPart,110919,575110,2924,f,67
ScrapMetalWreckage,112984,571930,2487,f,67
FuelCellPart,101983,612206,4091,f,67
ScrapMetalPart,103524,611182,4299,f,67
ScrapMetalPart,107413,625159,3232,f,67
ScrapMetalWreckage,112994,573062,2553,f,67
ScrapMetalPart,92525,613906,3236,f,67
RhyolitePickup,86489,576739,2447,f,67
ScrapMetalPart,100850,601970,2970,f,67
AzuritePickup,99801,624388,2781,f,67
FuelCellPart,111951,580688,2712,f,67
ScrapMetalWreckage,81127,569216,2790,f,68
ScrapMetalPart,102673,610764,4167,f,67
ScrapMetalPart,106444,611574,6174,f,67
RhyolitePickup,90644,618833,3079,f,67
RhyoliteOre,104941,602364,2971,f,67
BrittleBush,112102,606547,3038,f,67
ScrapMetalPart,104431,609849,6040,f,67
ScrapMetalPart,95577,618030,4038,f,67
ScrapMetalPart,112941,573319,2615,f,67
ScrapMetalWreckage,100941,617886,5475,f,67
ScrapMetalWreckage,100592,607507,3217,f,67
BauxitePickup,105963,620786,4005,f,67
ScrapMetalWreckage,115195,582135,2479,f,67
ScrapMetalWreckage,115050,611873,2930,f,67
FuelCellPart,83185,570787,2782,f,67
FuelCellPart,101629,611962,4034,f,67
AzuritePickup,121372,631772,5323,f,40
ScrapMetalWreckage,136242,645789,5760,f,40
FuelCellPart,133041,633203,5831,f,40
ScrapMetalWreckage,121117,632455,5383,f,40
ScrapMetalWreckage,120247,633567,5453,f,40
ScrapMetalPart,125425,628330,5733,f,40
BauxiteOre,126467,632213,9103,f,40
BasaltPickup,137478,640052,7664,f,40
ScrapMetalPart,134172,635086,5698,f,40
ScrapMetalPart,126231,628385,5728,f,40
RhyoliteOre,136291,640660,7666,f,40
ScrapMetalPart,131388,641263,6852,f,40
RhyolitePickup,135623,639010,7649,f,40
ScrapMetalPart,139181,643133,6235,f,40
BrittleBush,130323,630975,5764,f,40
TitaniumPickup,134775,641998,7721,f,40
ScrapMetalPart,126795,641463,5434,f,40
ScrapMetalPart,123767,628958,5553,f,40
AzuriteOre,138346,640129,6610,f,40
StravidiumOre,134017,641349,7720,f,40
ScrapMetalPart,128029,639469,6096,f,40
ScrapMetalPart,124748,628072,5767,f,40
BauxitePickup,128804,634103,9100,f,40
AzuritePickup,121516,632178,5428,f,40
ScrapMetalWreckage,127905,641106,5435,f,40
ScrapMetalPart,128073,640056,5888,f,40
FuelCellPart,138347,640805,6520,f,40
RhyolitePickup,136329,640912,7779,f,40
ScrapMetalWreckage,127911,639343,6134,f,40
BrittleBush,136274,642869,6994,f,40
ScrapMetalPart,127598,635106,9046,f,40
ScrapMetalPart,120057,633753,5494,f,40
ScrapMetalWreckage,129169,640226,6031,f,40
BasaltOre,137467,639642,7618,f,40
ScrapMetalPart,132632,634052,5746,f,40
ScrapMetalWreckage,127983,640192,5825,f,40
AzuritePickup,120243,633961,5561,f,40
TitaniumOre,134965,642234,7710,f,40
ScrapMetalWreckage,139448,641822,6327,f,40
ScrapMetalPart,136364,645619,5836,f,40
ScrapMetalPart,128973,640294,5970,f,40
ScrapMetalWreckage,134301,635340,5677,f,40
ScrapMetalWreckage,126266,628134,5759,f,40
ScrapMetalWreckage,131164,641117,6813,f,40
ScrapMetalWreckage,119703,633083,5308,f,40
BrittleBush,135987,642669,7150,f,40
ScrapMetalPart,135728,643846,6618,f,40
AzuritePickup,128595,640536,5804,f,40
BrittleBush,126941,638567,6635,f,40
BasaltOre,133535,636026,5967,f,40
BauxitePickup,126373,632493,9163,f,40
ScrapMetalPart,119684,634467,5705,f,40
FuelCellPart,131001,640060,6544,f,40
FuelCellPart,134703,636659,5972,f,40
BasaltPickup,133920,635884,5875,f,40
FuelCellPart,129245,642802,5651,f,40
FuelCellPart,131362,640082,6498,f,40
ScrapMetalPart,121076,632713,5453,f,40
BauxiteOre,128571,634441,9104,f,40
ScrapMetalPart,139455,641799,6343,f,40
BrittleBush,129411,638772,6249,f,40
RhyolitePickup,126507,635518,9135,f,40
ScrapMetalPart,128105,640941,5548,f,40
ScrapMetalPart,119683,632923,5274,f,40
ScrapMetalWreckage,125180,628231,5756,f,40
RhyolitePickup,119907,633926,5539,f,40
StravidiumPickup,133869,640874,8015,f,40
RhyolitePickup,129432,640469,6077,f,40
ScrapMetalPart,73421,624530,2792,f,68
AzuritePickup,77196,626528,2123,f,68
ScrapMetalPart,76271,626396,2284,f,68
FuelCellPart,74133,626911,2500,f,68
BrittleBush,73560,627422,2635,f,68
ScrapMetalPart,76329,628808,1855,f,61
AzuritePickup,75327,624473,2515,f,68
ScrapMetalPart,77426,627810,1880,f,68
RhyolitePickup,75773,629250,1839,f,61
BrittleBush,73056,627412,2839,f,68
BrittleBush,74963,620192,2410,f,68
ScrapMetalWreckage,76465,626497,2255,f,68
FuelCellPart,77830,626239,2048,f,68
FuelCellPart,75684,622264,2320,f,68
ScrapMetalPart,74453,628488,2181,f,61
FuelCellPart,77086,627999,1896,f,61
BrittleBush,72485,618329,2345,f,68
ScrapMetalPart,75349,625864,2423,f,68
BrittleBush,74698,620657,2570,f,68
ScrapMetalPart,76728,621904,2178,f,68
ScrapMetalPart,75599,622595,2355,f,68
AzuritePickup,76579,628061,1952,f,61
ScrapMetalWreckage,75339,625776,2428,f,68
FuelCellWreckage,77860,626245,2043,f,68
ScrapMetalWreckage,76263,628604,1889,f,61
Cave,117726,1035894,17271,t,66
